City,Date,AQI,AQI_Bucket,PM2.5,PM10,NO2,CO,SO2,O3
Bengaluru,2015-01-01,123.0,,51.67,105.95,17.33,0.33,3.54,10.73
Bengaluru,2015-01-02,123.0,,51.67,105.95,19.73,1.35,3.97,22.77
Bengaluru,2015-01-03,123.0,,51.67,105.95,19.88,17.4,13.61,12.03
Bengaluru,2015-01-04,123.0,,51.67,105.95,21.61,5.05,6.52,17.7
Bengaluru,2015-01-05,123.0,,51.67,105.95,22.17,1.83,4.71,12.72
Bengaluru,2015-01-06,123.0,,51.67,105.95,23.2,0.52,4.42,13.82
Bengaluru,2015-01-07,123.0,,51.67,105.95,28.66,1.46,5.13,16.98
Bengaluru,2015-01-08,123.0,,51.67,105.95,31.1,2.3,7.07,17.35
Bengaluru,2015-01-09,123.0,,51.67,105.95,25.98,0.54,12.84,16.27
Bengaluru,2015-01-10,123.0,,51.67,105.95,29.23,1.69,3.08,25.01
Bengaluru,2015-01-11,123.0,,51.67,105.95,29.84,2.59,8.2,16.07
Bengaluru,2015-01-12,123.0,,51.67,105.95,28.4,0.61,7.16,16.41
Bengaluru,2015-01-13,123.0,,51.67,105.95,30.56,0.63,6.51,10.34
Bengaluru,2015-01-14,123.0,,51.67,105.95,25.94,1.83,8.66,16.47
Bengaluru,2015-01-15,123.0,,51.67,105.95,20.64,3.29,6.24,19.35
Bengaluru,2015-01-16,123.0,,51.67,105.95,18.51,16.41,19.28,16.02
Bengaluru,2015-01-17,123.0,,51.67,105.95,17.37,15.98,24.91,14.33
Bengaluru,2015-01-18,123.0,,51.67,105.95,17.2,9.04,22.18,22.48
Bengaluru,2015-01-19,123.0,,51.67,105.95,16.74,8.09,27.99,23.34
Bengaluru,2015-01-20,123.0,,51.67,105.95,7.24,4.05,92.66,103.68
Bengaluru,2015-01-21,123.0,,51.67,105.95,5.45,18.3,82.07,34.07
Bengaluru,2015-01-22,123.0,,51.67,105.95,13.57,3.32,57.51,41.95
Bengaluru,2015-01-23,123.0,,51.67,105.95,12.82,5.04,27.33,17.78
Bengaluru,2015-01-24,123.0,,51.67,105.95,16.27,2.42,6.47,14.72
Bengaluru,2015-01-25,123.0,,51.67,105.95,16.32,3.39,3.32,16.27
Bengaluru,2015-01-26,123.0,,51.67,105.95,13.85,5.39,2.95,21.35
Bengaluru,2015-01-27,123.0,,51.67,105.95,16.71,1.71,3.09,27.37
Bengaluru,2015-01-28,123.0,,51.67,105.95,14.85,4.87,6.53,17.05
Bengaluru,2015-01-29,123.0,,51.67,105.95,10.45,2.26,3.03,18.78
Bengaluru,2015-01-30,123.0,,51.67,105.95,4.93,1.06,24.31,19.51
Bengaluru,2015-01-31,123.0,,51.67,105.95,11.11,0.46,29.18,23.21
Bengaluru,2015-02-01,123.0,,51.67,105.95,22.14,0.36,7.36,20.75
Bengaluru,2015-02-02,123.0,,51.67,105.95,19.19,0.46,6.14,19.75
Bengaluru,2015-02-03,123.0,,51.67,105.95,18.47,0.59,5.02,20.64
Bengaluru,2015-02-04,123.0,,51.67,105.95,22.46,1.08,4.46,18.62
Bengaluru,2015-02-05,123.0,,51.67,105.95,26.36,0.59,7.65,16.06
Bengaluru,2015-02-06,123.0,,51.67,105.95,25.98,0.5,3.12,13.76
Bengaluru,2015-02-07,123.0,,51.67,105.95,22.46,1.45,5.51,20.96
Bengaluru,2015-02-08,123.0,,51.67,105.95,26.06,0.45,7.25,22.81
Bengaluru,2015-02-09,123.0,,51.67,105.95,22.48,0.64,3.37,31.01
Bengaluru,2015-02-10,123.0,,51.67,105.95,20.18,0.77,1.04,39.86
Bengaluru,2015-02-11,123.0,,51.67,105.95,26.52,0.57,1.64,32.19
Bengaluru,2015-02-12,123.0,,51.67,105.95,21.47,0.96,12.98,44.15
Bengaluru,2015-02-13,123.0,,51.67,105.95,21.85,1.32,7.56,37.79
Bengaluru,2015-02-14,123.0,,51.67,105.95,26.05,0.9,5.18,31.76
Bengaluru,2015-02-15,123.0,,51.67,105.95,23.68,0.76,4.82,45.16
Bengaluru,2015-02-16,123.0,,51.67,105.95,24.41,2.35,3.84,49.3
Bengaluru,2015-02-17,123.0,,51.67,105.95,24.68,0.83,13.39,44.34
Bengaluru,2015-02-18,123.0,,51.67,105.95,23.38,3.23,17.62,28.85
Bengaluru,2015-02-19,123.0,,51.67,105.95,27.71,2.18,11.15,31.69
Bengaluru,2015-02-20,123.0,,51.67,105.95,22.83,6.95,12.52,33.43
Bengaluru,2015-02-21,123.0,,51.67,105.95,21.34,8.98,14.25,39.2
Bengaluru,2015-02-22,123.0,,51.67,105.95,24.09,6.28,13.11,54.18
Bengaluru,2015-02-23,123.0,,51.67,105.95,24.14,13.56,11.93,53.97
Bengaluru,2015-02-24,123.0,,51.67,105.95,28.8,4.78,5.76,40.55
Bengaluru,2015-02-25,123.0,,51.67,105.95,29.78,1.49,6.5,51.91
Bengaluru,2015-02-26,123.0,,51.67,105.95,31.32,1.24,7.13,65.41
Bengaluru,2015-02-27,123.0,,51.67,105.95,26.9,1.14,4.0,66.49
Bengaluru,2015-02-28,123.0,,51.67,105.95,19.57,1.38,2.82,62.61
Bengaluru,2015-03-01,123.0,,51.67,105.95,10.39,0.48,6.93,51.37
Bengaluru,2015-03-02,123.0,,51.67,105.95,18.06,3.56,6.72,58.97
Bengaluru,2015-03-03,123.0,,51.67,105.95,19.56,14.67,8.6,43.5
Bengaluru,2015-03-04,123.0,,51.67,105.95,17.36,3.39,5.99,61.8
Bengaluru,2015-03-05,123.0,,51.67,105.95,19.94,29.33,8.79,45.01
Bengaluru,2015-03-06,123.0,,51.67,105.95,15.04,23.53,16.03,31.55
Bengaluru,2015-03-07,123.0,,51.67,105.95,15.68,25.7,12.69,36.67
Bengaluru,2015-03-08,123.0,,51.67,105.95,11.59,16.01,11.89,45.87
Bengaluru,2015-03-09,123.0,,51.67,105.95,20.06,25.5,11.47,36.7
Bengaluru,2015-03-10,123.0,,51.67,105.95,26.12,1.08,3.17,41.81
Bengaluru,2015-03-11,123.0,,51.67,105.95,33.01,1.33,2.86,35.98
Bengaluru,2015-03-12,123.0,,51.67,105.95,25.29,1.9,1.67,37.65
Bengaluru,2015-03-13,123.0,,51.67,105.95,20.97,13.01,7.84,43.46
Bengaluru,2015-03-14,123.0,,51.67,105.95,20.58,18.28,19.64,49.53
Bengaluru,2015-03-15,123.0,,51.67,105.95,15.12,29.93,16.57,48.26
Bengaluru,2015-03-16,123.0,,51.67,105.95,18.67,25.25,30.13,47.74
Bengaluru,2015-03-17,123.0,,51.67,105.95,31.84,17.79,11.89,49.86
Bengaluru,2015-03-18,123.0,,51.67,105.95,34.01,6.17,3.76,49.27
Bengaluru,2015-03-19,123.0,,51.67,105.95,33.58,15.98,47.19,56.32
Bengaluru,2015-03-20,123.0,,30.65,105.95,28.48,4.55,2.76,43.25
Bengaluru,2015-03-21,91.0,Satisfactory,48.59,105.95,27.0,3.89,1.94,52.96
Bengaluru,2015-03-22,120.0,Moderate,47.38,105.95,22.39,11.29,2.05,71.85
Bengaluru,2015-03-23,154.0,Moderate,65.65,105.95,26.35,9.95,6.3,72.84
Bengaluru,2015-03-24,119.0,Moderate,60.47,105.95,29.87,1.46,6.07,64.12
Bengaluru,2015-03-25,232.0,Poor,62.56,105.95,23.57,10.05,4.98,82.34
Bengaluru,2015-03-26,132.0,Moderate,60.73,105.95,32.07,1.44,1.67,67.21
Bengaluru,2015-03-27,123.0,Moderate,42.1,105.95,25.55,2.85,2.46,51.93
Bengaluru,2015-03-28,152.0,Moderate,40.0,105.95,17.99,8.07,2.5,44.65
Bengaluru,2015-03-29,143.0,Moderate,32.16,105.95,12.9,8.53,2.08,56.31
Bengaluru,2015-03-30,80.0,Satisfactory,30.78,105.95,16.23,1.46,2.63,49.52
Bengaluru,2015-03-31,90.0,Satisfactory,38.99,105.95,10.97,1.79,2.79,47.67
Bengaluru,2015-04-01,151.0,Moderate,36.42,105.95,8.83,9.6,3.17,48.25
Bengaluru,2015-04-02,123.0,Moderate,38.15,105.95,10.29,4.06,7.65,53.26
Bengaluru,2015-04-03,178.0,Moderate,35.11,105.95,5.99,5.34,2.32,57.75
Bengaluru,2015-04-04,101.0,Moderate,36.68,105.95,12.89,1.47,3.29,76.36
Bengaluru,2015-04-05,160.0,Moderate,36.92,105.95,9.0,9.58,4.07,65.62
Bengaluru,2015-04-06,71.0,Satisfactory,31.78,105.95,8.14,0.55,7.22,54.31
Bengaluru,2015-04-07,76.0,Satisfactory,37.25,105.95,7.14,2.3,5.88,60.42
Bengaluru,2015-04-08,153.0,Moderate,29.8,105.95,9.04,6.84,1.84,49.55
Bengaluru,2015-04-09,80.0,Satisfactory,25.06,105.95,8.72,5.82,2.6,42.63
Bengaluru,2015-04-10,129.0,Moderate,24.4,105.95,7.46,5.19,2.03,44.47
Bengaluru,2015-04-11,107.0,Moderate,32.08,105.95,7.09,1.7,3.22,53.91
Bengaluru,2015-04-12,122.0,Moderate,19.72,105.95,4.97,2.65,5.16,44.53
Bengaluru,2015-04-13,85.0,Satisfactory,17.03,105.95,8.53,2.23,2.75,39.03
Bengaluru,2015-04-14,62.0,Satisfactory,19.73,105.95,6.1,1.4,4.66,57.7
Bengaluru,2015-04-15,177.0,Moderate,22.52,105.95,4.86,5.45,4.9,77.05
Bengaluru,2015-04-16,152.0,Moderate,21.36,105.95,7.98,0.97,29.11,96.88
Bengaluru,2015-04-17,210.0,Poor,24.35,105.95,6.64,12.93,2.58,97.2
Bengaluru,2015-04-18,170.0,Moderate,18.33,105.95,5.98,3.84,3.99,101.63
Bengaluru,2015-04-19,135.0,Moderate,17.66,105.95,6.58,0.48,2.49,81.34
Bengaluru,2015-04-20,118.0,Moderate,27.46,105.95,7.91,4.58,5.53,37.22
Bengaluru,2015-04-21,127.0,Moderate,27.94,105.95,6.45,6.14,4.43,34.74
Bengaluru,2015-04-22,47.0,Good,23.81,105.95,6.21,1.0,26.42,32.79
Bengaluru,2015-04-23,44.0,Good,23.11,105.95,6.84,3.65,12.35,15.88
Bengaluru,2015-04-24,67.0,Satisfactory,15.12,105.95,14.96,1.13,5.12,109.66
Bengaluru,2015-04-25,44.0,Good,19.59,105.95,8.42,3.1,26.92,157.2
Bengaluru,2015-04-26,82.0,Satisfactory,69.85,105.95,14.35,1.22,15.91,123.32
Bengaluru,2015-04-27,156.0,Moderate,24.62,105.95,7.74,1.26,18.89,65.38
Bengaluru,2015-04-28,96.0,Satisfactory,32.92,105.95,12.95,2.31,14.79,57.59
Bengaluru,2015-04-29,72.0,Satisfactory,44.53,105.95,17.71,1.34,8.34,27.11
Bengaluru,2015-04-30,117.0,Moderate,26.68,105.95,16.69,1.0,11.54,51.81
Bengaluru,2015-05-01,67.0,Satisfactory,39.06,105.95,14.31,1.59,4.96,26.93
Bengaluru,2015-05-02,217.0,Poor,50.83,105.95,14.24,4.44,2.99,16.83
Bengaluru,2015-05-03,64.0,Satisfactory,62.58,105.95,15.2,1.32,7.47,17.81
Bengaluru,2015-05-04,162.0,Moderate,45.26,105.95,25.81,4.17,6.79,21.39
Bengaluru,2015-05-05,75.0,Satisfactory,40.37,105.95,20.7,0.0,8.6,36.56
Bengaluru,2015-05-06,141.0,Moderate,43.21,105.95,17.15,28.28,11.77,80.02
Bengaluru,2015-05-07,70.0,Satisfactory,41.53,105.95,20.41,0.5,4.67,31.73
Bengaluru,2015-05-08,142.0,Moderate,27.85,105.95,17.29,4.82,7.18,88.24
Bengaluru,2015-05-09,140.0,Moderate,36.83,105.95,24.35,23.56,6.64,39.61
Bengaluru,2015-05-10,71.0,Satisfactory,40.81,105.95,29.77,2.57,3.46,32.11
Bengaluru,2015-05-11,66.0,Satisfactory,36.11,105.95,29.38,0.3,11.84,14.0
Bengaluru,2015-05-12,56.0,Satisfactory,28.76,105.95,29.1,1.0,2.96,15.17
Bengaluru,2015-05-13,45.0,Good,40.74,105.95,32.27,0.0,2.77,7.96
Bengaluru,2015-05-14,61.0,Satisfactory,23.77,105.95,33.12,1.19,2.83,12.14
Bengaluru,2015-05-15,70.0,Satisfactory,17.34,105.95,22.13,2.06,3.08,12.14
Bengaluru,2015-05-16,59.0,Satisfactory,30.45,105.95,32.24,1.19,3.9,8.48
Bengaluru,2015-05-17,125.0,Moderate,15.8,105.95,22.62,12.23,5.8,21.44
Bengaluru,2015-05-18,106.0,Moderate,20.12,105.95,22.49,12.77,5.83,32.76
Bengaluru,2015-05-19,84.0,Satisfactory,25.27,105.95,31.22,1.14,3.92,37.13
Bengaluru,2015-05-20,57.0,Satisfactory,26.7,105.95,32.48,1.26,4.24,36.42
Bengaluru,2015-05-21,56.0,Satisfactory,27.84,105.95,17.97,1.21,4.38,25.96
Bengaluru,2015-05-22,140.0,Moderate,29.52,105.95,17.88,10.68,4.89,28.02
Bengaluru,2015-05-23,156.0,Moderate,27.97,105.95,23.45,17.21,12.38,22.59
Bengaluru,2015-05-24,156.0,Moderate,28.17,105.95,17.13,9.13,3.98,23.52
Bengaluru,2015-05-25,111.0,Moderate,27.71,105.95,18.69,4.19,4.81,21.85
Bengaluru,2015-05-26,158.0,Moderate,28.01,105.95,12.85,4.21,3.92,23.36
Bengaluru,2015-05-27,93.0,Satisfactory,31.7,105.95,11.83,4.79,4.02,27.83
Bengaluru,2015-05-28,97.0,Satisfactory,48.08,105.95,41.16,1.22,0.96,42.06
Bengaluru,2015-05-29,94.0,Satisfactory,30.77,105.95,22.5,1.4,0.92,31.65
Bengaluru,2015-05-30,147.0,Moderate,26.15,105.95,14.82,4.52,7.13,54.35
Bengaluru,2015-05-31,100.0,Satisfactory,40.71,105.95,6.62,2.84,4.24,22.32
Bengaluru,2015-06-01,101.0,Moderate,23.69,105.95,14.12,1.7,6.9,68.17
Bengaluru,2015-06-02,84.0,Satisfactory,23.95,105.95,9.28,1.77,7.93,54.65
Bengaluru,2015-06-03,84.0,Satisfactory,21.51,105.95,19.98,1.52,4.44,46.8
Bengaluru,2015-06-04,74.0,Satisfactory,25.56,105.95,6.39,1.4,4.47,29.64
Bengaluru,2015-06-05,130.0,Moderate,22.41,105.95,14.61,5.65,5.85,27.39
Bengaluru,2015-06-06,74.0,Satisfactory,16.02,105.95,30.73,1.78,11.64,20.75
Bengaluru,2015-06-07,74.0,Satisfactory,12.69,105.95,25.18,4.45,4.22,19.63
Bengaluru,2015-06-08,162.0,Moderate,13.29,105.95,22.65,3.93,17.45,17.13
Bengaluru,2015-06-09,55.0,Satisfactory,12.11,105.95,20.8,1.4,15.06,20.96
Bengaluru,2015-06-10,72.0,Satisfactory,13.66,105.95,22.16,1.96,6.09,24.49
Bengaluru,2015-06-11,66.0,Satisfactory,14.56,105.95,17.32,1.54,11.59,15.75
Bengaluru,2015-06-12,81.0,Satisfactory,14.76,105.95,13.35,1.89,10.35,20.52
Bengaluru,2015-06-13,94.0,Satisfactory,12.29,105.95,10.75,3.21,15.0,19.08
Bengaluru,2015-06-14,128.0,Moderate,11.72,105.95,9.61,2.36,1.96,20.38
Bengaluru,2015-06-15,86.0,Satisfactory,15.7,105.95,13.12,1.56,5.04,34.42
Bengaluru,2015-06-16,136.0,Moderate,22.94,105.95,10.09,3.74,1.58,13.24
Bengaluru,2015-06-17,67.0,Satisfactory,19.54,105.95,11.09,2.0,4.12,13.5
Bengaluru,2015-06-18,45.0,Good,22.68,105.95,18.7,1.3,1.35,16.42
Bengaluru,2015-06-19,70.0,Satisfactory,21.86,105.95,19.0,1.54,4.34,11.12
Bengaluru,2015-06-20,93.0,Satisfactory,18.74,105.95,14.48,2.89,1.95,8.62
Bengaluru,2015-06-21,166.0,Moderate,18.81,105.95,15.95,3.84,2.02,10.31
Bengaluru,2015-06-22,183.0,Moderate,15.11,105.95,16.04,4.29,5.53,10.68
Bengaluru,2015-06-23,107.0,Moderate,17.47,105.95,7.27,2.08,7.51,10.97
Bengaluru,2015-06-24,140.0,Moderate,15.92,105.95,5.61,5.48,5.41,21.62
Bengaluru,2015-06-25,107.0,Moderate,13.58,105.95,5.38,2.83,5.49,11.83
Bengaluru,2015-06-26,70.0,Satisfactory,14.52,105.95,6.1,1.75,4.41,13.27
Bengaluru,2015-06-27,165.0,Moderate,27.25,105.95,5.23,15.98,10.62,15.2
Bengaluru,2015-06-28,160.0,Moderate,20.99,105.95,4.38,2.03,2.53,15.42
Bengaluru,2015-06-29,209.0,Poor,22.26,105.95,7.02,5.28,7.62,10.29
Bengaluru,2015-06-30,166.0,Moderate,23.51,105.95,8.39,5.01,5.94,6.61
Bengaluru,2015-07-01,187.0,Moderate,19.76,105.95,6.34,6.96,6.28,6.45
Bengaluru,2015-07-02,162.0,Moderate,20.24,105.95,11.59,2.58,5.12,11.01
Bengaluru,2015-07-03,185.0,Moderate,17.28,105.95,5.11,7.52,3.69,8.37
Bengaluru,2015-07-04,141.0,Moderate,21.52,105.95,5.99,15.9,2.76,9.72
Bengaluru,2015-07-05,225.0,Poor,19.43,105.95,7.66,20.81,2.29,7.89
Bengaluru,2015-07-06,309.0,Very Poor,19.27,105.95,8.79,26.99,2.54,8.96
Bengaluru,2015-07-07,136.0,Moderate,23.27,105.95,7.83,2.86,3.36,9.3
Bengaluru,2015-07-08,139.0,Moderate,18.63,105.95,8.71,7.24,6.25,7.27
Bengaluru,2015-07-09,161.0,Moderate,14.52,105.95,10.04,3.42,3.89,7.56
Bengaluru,2015-07-10,160.0,Moderate,12.84,105.95,10.1,15.1,3.25,5.4
Bengaluru,2015-07-11,127.0,Moderate,19.08,105.95,10.66,2.42,2.39,5.06
Bengaluru,2015-07-12,71.0,Satisfactory,23.45,105.95,9.83,2.11,1.86,9.66
Bengaluru,2015-07-13,246.0,Poor,25.62,105.95,12.22,27.06,2.84,10.42
Bengaluru,2015-07-14,250.0,Poor,27.03,105.95,11.7,10.62,2.78,7.82
Bengaluru,2015-07-15,176.0,Moderate,24.09,105.95,17.43,9.91,4.49,5.49
Bengaluru,2015-07-16,176.0,Moderate,23.17,105.95,15.73,3.56,2.98,8.06
Bengaluru,2015-07-17,55.0,Satisfactory,26.84,105.95,10.76,1.62,3.46,8.48
Bengaluru,2015-07-18,156.0,Moderate,19.24,105.95,8.46,18.69,3.98,10.27
Bengaluru,2015-07-19,195.0,Moderate,14.46,105.95,7.65,12.18,1.66,9.43
Bengaluru,2015-07-20,197.0,Moderate,14.3,105.95,10.26,9.82,2.39,8.67
Bengaluru,2015-07-21,223.0,Poor,19.29,105.95,11.45,9.35,1.72,3.62
Bengaluru,2015-07-22,182.0,Moderate,21.39,105.95,9.91,16.7,2.39,3.54
Bengaluru,2015-07-23,245.0,Poor,45.86,105.95,11.26,9.44,3.29,5.13
Bengaluru,2015-07-24,268.0,Poor,18.38,105.95,9.48,16.46,10.54,6.49
Bengaluru,2015-07-25,51.0,Satisfactory,24.44,105.95,10.0,2.89,15.96,9.61
Bengaluru,2015-07-26,49.0,Good,25.14,105.95,11.03,2.42,2.54,8.9
Bengaluru,2015-07-27,157.0,Moderate,13.85,105.95,8.83,14.36,3.82,8.78
Bengaluru,2015-07-28,128.0,Moderate,16.63,105.95,10.76,12.51,5.27,7.16
Bengaluru,2015-07-29,66.0,Satisfactory,19.04,105.95,12.67,1.5,4.9,5.82
Bengaluru,2015-07-30,105.0,Moderate,24.43,105.95,11.52,1.86,3.15,5.42
Bengaluru,2015-07-31,49.0,Good,19.16,105.95,10.27,1.09,3.35,3.53
Bengaluru,2015-08-01,97.0,Satisfactory,18.18,105.95,20.21,9.97,2.43,3.38
Bengaluru,2015-08-02,257.0,Poor,15.52,105.95,9.54,37.73,1.86,4.83
Bengaluru,2015-08-03,139.0,Moderate,18.67,105.95,11.41,25.13,2.13,5.74
Bengaluru,2015-08-04,95.0,Satisfactory,15.85,105.95,10.66,9.92,2.6,5.24
Bengaluru,2015-08-05,106.0,Moderate,18.26,105.95,11.85,48.07,2.4,3.0
Bengaluru,2015-08-06,89.0,Satisfactory,17.94,105.95,18.38,3.15,5.94,7.21
Bengaluru,2015-08-07,44.0,Good,21.86,105.95,10.02,1.16,3.79,3.29
Bengaluru,2015-08-08,97.0,Satisfactory,46.86,105.95,8.46,20.25,3.78,3.98
Bengaluru,2015-08-09,187.0,Moderate,54.42,105.95,7.32,8.78,2.1,4.73
Bengaluru,2015-08-10,83.0,Satisfactory,21.02,105.95,8.21,1.82,5.16,6.23
Bengaluru,2015-08-11,129.0,Moderate,21.1,105.95,7.98,29.0,2.96,9.86
Bengaluru,2015-08-12,128.0,Moderate,16.64,105.95,7.44,29.16,7.22,6.76
Bengaluru,2015-08-13,217.0,Poor,14.99,105.95,6.61,34.69,2.51,6.11
Bengaluru,2015-08-14,277.0,Poor,20.21,105.95,14.73,35.05,6.15,5.86
Bengaluru,2015-08-15,176.0,Moderate,18.04,105.95,13.63,16.67,2.49,10.04
Bengaluru,2015-08-16,206.0,Poor,20.8,105.95,17.39,9.03,1.32,7.48
Bengaluru,2015-08-17,238.0,Poor,15.35,105.95,19.5,14.55,2.98,5.93
Bengaluru,2015-08-18,229.0,Poor,27.31,105.95,19.73,21.83,2.85,3.75
Bengaluru,2015-08-19,236.0,Poor,32.13,105.95,17.92,9.91,7.14,4.3
Bengaluru,2015-08-20,92.0,Satisfactory,23.26,105.95,34.35,1.31,3.73,3.41
Bengaluru,2015-08-21,100.0,Satisfactory,17.9,105.95,17.51,11.68,6.56,3.44
Bengaluru,2015-08-22,97.0,Satisfactory,10.99,105.95,15.97,1.14,1.07,3.35
Bengaluru,2015-08-23,59.0,Satisfactory,12.9,105.95,11.64,26.54,0.91,3.86
Bengaluru,2015-08-24,96.0,Satisfactory,22.29,105.95,15.11,1.16,1.0,4.72
Bengaluru,2015-08-25,123.0,Moderate,20.06,105.95,16.49,4.29,4.38,6.26
Bengaluru,2015-08-26,77.0,Satisfactory,17.38,105.95,12.18,1.43,1.1,7.65
Bengaluru,2015-08-27,57.0,Satisfactory,14.67,105.95,20.81,2.4,1.13,4.84
Bengaluru,2015-08-28,63.0,Satisfactory,18.96,105.95,21.16,1.96,1.42,4.19
Bengaluru,2015-08-29,174.0,Moderate,20.56,105.95,13.86,9.97,2.56,12.64
Bengaluru,2015-08-30,121.0,Moderate,17.27,105.95,5.53,2.76,0.73,12.65
Bengaluru,2015-08-31,92.0,Satisfactory,23.42,105.95,6.47,5.77,1.24,17.22
Bengaluru,2015-09-01,81.0,Satisfactory,24.9,105.95,7.25,5.26,1.67,13.62
Bengaluru,2015-09-02,43.0,Good,23.54,105.95,9.49,1.19,2.18,11.57
Bengaluru,2015-09-03,52.0,Satisfactory,24.49,105.95,12.59,1.42,2.49,14.5
Bengaluru,2015-09-04,72.0,Satisfactory,26.16,105.95,15.89,1.76,2.12,10.98
Bengaluru,2015-09-05,73.0,Satisfactory,27.38,105.95,17.6,1.47,2.63,38.49
Bengaluru,2015-09-06,208.0,Poor,18.38,105.95,11.7,22.81,1.35,34.07
Bengaluru,2015-09-07,179.0,Moderate,16.34,105.95,12.0,9.83,3.08,21.21
Bengaluru,2015-09-08,93.0,Satisfactory,22.47,105.95,10.95,1.78,5.6,12.62
Bengaluru,2015-09-09,60.0,Satisfactory,29.6,105.95,11.14,13.22,7.0,5.34
Bengaluru,2015-09-10,65.0,Satisfactory,15.21,105.95,12.29,1.2,3.26,5.01
Bengaluru,2015-09-11,60.0,Satisfactory,18.09,105.95,13.42,3.19,2.85,5.48
Bengaluru,2015-09-12,167.0,Moderate,16.68,105.95,13.1,22.32,2.42,17.12
Bengaluru,2015-09-13,141.0,Moderate,12.24,105.95,11.85,19.24,2.08,13.22
Bengaluru,2015-09-14,175.0,Moderate,14.99,105.95,12.44,18.85,2.19,12.68
Bengaluru,2015-09-15,41.0,Good,11.75,105.95,11.66,1.06,2.54,5.72
Bengaluru,2015-09-16,81.0,Satisfactory,11.47,105.95,12.06,18.66,2.26,14.33
Bengaluru,2015-09-17,52.0,Satisfactory,10.93,105.95,9.78,1.7,1.92,10.45
Bengaluru,2015-09-18,31.0,Good,13.18,105.95,8.71,1.01,2.34,21.33
Bengaluru,2015-09-19,144.0,Moderate,13.47,105.95,8.98,8.24,2.85,10.94
Bengaluru,2015-09-20,64.0,Satisfactory,7.32,105.95,9.42,1.27,1.74,11.51
Bengaluru,2015-09-21,51.0,Satisfactory,16.51,105.95,15.32,2.15,3.01,15.34
Bengaluru,2015-09-22,82.0,Satisfactory,28.38,105.95,22.83,2.21,2.97,20.63
Bengaluru,2015-09-23,85.0,Satisfactory,27.74,105.95,27.93,2.13,2.32,21.96
Bengaluru,2015-09-24,89.0,Satisfactory,29.1,105.95,22.47,2.39,2.37,16.37
Bengaluru,2015-09-25,139.0,Moderate,17.48,105.95,21.03,3.05,2.47,49.22
Bengaluru,2015-09-26,157.0,Moderate,14.95,105.95,17.22,2.68,1.46,9.51
Bengaluru,2015-09-27,155.0,Moderate,27.29,105.95,20.53,2.26,1.7,12.01
Bengaluru,2015-09-28,94.0,Satisfactory,19.98,105.95,30.35,2.0,1.69,18.48
Bengaluru,2015-09-29,100.0,Satisfactory,31.36,105.95,33.02,2.09,1.72,20.18
Bengaluru,2015-09-30,117.0,Moderate,35.5,105.95,31.34,2.71,1.3,14.05
Bengaluru,2015-10-01,136.0,Moderate,26.25,105.95,30.71,1.95,1.45,12.61
Bengaluru,2015-10-02,96.0,Satisfactory,22.3,105.95,26.84,1.82,4.18,34.07
Bengaluru,2015-10-03,101.0,Moderate,13.97,105.95,19.24,1.67,1.6,18.98
Bengaluru,2015-10-04,128.0,Moderate,9.63,105.95,16.51,2.21,1.37,12.67
Bengaluru,2015-10-05,92.0,Satisfactory,28.7,105.95,23.13,1.96,2.64,10.81
Bengaluru,2015-10-06,98.0,Satisfactory,35.04,105.95,19.67,1.7,4.52,15.74
Bengaluru,2015-10-07,102.0,Moderate,15.82,105.95,19.92,1.63,5.29,11.29
Bengaluru,2015-10-08,69.0,Satisfactory,12.14,105.95,19.19,1.21,8.55,12.96
Bengaluru,2015-10-09,54.0,Satisfactory,14.44,105.95,20.31,1.54,7.68,14.01
Bengaluru,2015-10-10,101.0,Moderate,12.01,105.95,21.36,2.66,7.04,10.22
Bengaluru,2015-10-11,110.0,Moderate,10.02,105.95,19.3,3.38,2.26,9.49
Bengaluru,2015-10-12,54.0,Satisfactory,17.14,105.95,27.34,1.72,2.61,8.84
Bengaluru,2015-10-13,77.0,Satisfactory,25.65,105.95,38.97,1.62,2.54,9.81
Bengaluru,2015-10-14,144.0,Moderate,31.78,105.95,58.6,2.5,2.57,11.44
Bengaluru,2015-10-15,90.0,Satisfactory,46.63,105.95,71.63,1.47,3.74,11.97
Bengaluru,2015-10-16,98.0,Satisfactory,49.23,105.95,51.64,2.12,3.23,11.33
Bengaluru,2015-10-17,173.0,Moderate,40.76,105.95,33.93,6.11,2.15,13.38
Bengaluru,2015-10-18,140.0,Moderate,31.18,105.95,37.25,3.03,2.36,8.33
Bengaluru,2015-10-19,76.0,Satisfactory,42.02,105.95,27.41,1.5,2.71,6.43
Bengaluru,2015-10-20,164.0,Moderate,43.32,105.95,22.4,3.91,3.1,13.06
Bengaluru,2015-10-21,88.0,Satisfactory,42.64,105.95,21.57,1.14,2.14,14.4
Bengaluru,2015-10-22,97.0,Satisfactory,55.94,105.95,24.25,1.31,2.76,33.92
Bengaluru,2015-10-23,110.0,Moderate,51.0,105.95,28.3,1.12,2.37,42.29
Bengaluru,2015-10-24,89.0,Satisfactory,45.13,105.95,26.15,1.06,2.4,41.37
Bengaluru,2015-10-25,81.0,Satisfactory,38.26,105.95,20.74,1.0,2.05,43.11
Bengaluru,2015-10-26,74.0,Satisfactory,47.1,105.95,26.73,1.19,2.27,32.67
Bengaluru,2015-10-27,157.0,Moderate,42.92,105.95,32.0,8.22,3.72,32.4
Bengaluru,2015-10-28,95.0,Satisfactory,36.44,105.95,24.21,1.18,1.53,26.35
Bengaluru,2015-10-29,70.0,Satisfactory,29.17,105.95,22.68,1.15,1.37,15.59
Bengaluru,2015-10-30,110.0,Moderate,31.78,105.95,15.26,3.63,1.55,17.27
Bengaluru,2015-10-31,191.0,Moderate,25.77,105.95,23.3,2.63,3.37,14.45
Bengaluru,2015-11-01,49.0,Good,29.89,105.95,15.14,1.13,2.62,11.56
Bengaluru,2015-11-02,54.0,Satisfactory,28.56,105.95,18.2,1.36,2.51,12.65
Bengaluru,2015-11-03,58.0,Satisfactory,31.05,105.95,20.58,1.34,2.79,11.62
Bengaluru,2015-11-04,65.0,Satisfactory,43.1,105.95,12.07,3.56,2.44,19.13
Bengaluru,2015-11-05,70.0,Satisfactory,30.36,105.95,17.33,1.24,2.74,10.93
Bengaluru,2015-11-06,67.0,Satisfactory,37.22,105.95,13.89,1.21,2.01,8.07
Bengaluru,2015-11-07,60.0,Satisfactory,31.44,70.46,15.85,1.22,1.94,17.98
Bengaluru,2015-11-08,56.0,Satisfactory,31.4,105.95,15.33,1.0,1.77,23.72
Bengaluru,2015-11-09,59.0,Satisfactory,34.92,105.95,10.21,1.0,1.72,32.86
Bengaluru,2015-11-10,51.0,Satisfactory,12.63,43.64,6.81,1.48,2.05,41.66
Bengaluru,2015-11-11,49.0,Good,48.94,105.95,8.59,1.07,2.62,23.3
Bengaluru,2015-11-12,146.0,Moderate,63.69,105.95,8.2,1.82,2.27,18.98
Bengaluru,2015-11-13,61.0,Satisfactory,28.22,153.3,21.5,2.09,2.69,34.32
Bengaluru,2015-11-14,130.0,Moderate,42.42,156.84,29.94,1.56,2.23,31.35
Bengaluru,2015-11-15,99.0,Satisfactory,42.23,59.94,18.86,1.64,2.16,34.8
Bengaluru,2015-11-16,91.0,Satisfactory,16.03,16.77,18.34,1.61,2.31,35.48
Bengaluru,2015-11-17,116.0,Moderate,51.67,8.22,16.2,1.6,2.49,34.07
Bengaluru,2015-11-18,126.0,Moderate,19.32,16.42,15.47,1.99,2.75,34.07
Bengaluru,2015-11-19,103.0,Moderate,21.99,39.86,16.44,1.73,2.95,9.98
Bengaluru,2015-11-20,74.0,Satisfactory,13.89,31.44,12.14,1.72,2.5,4.56
Bengaluru,2015-11-21,66.0,Satisfactory,16.06,24.35,13.13,0.94,3.12,34.07
Bengaluru,2015-11-22,61.0,Satisfactory,16.97,15.69,10.57,0.83,2.6,34.07
Bengaluru,2015-11-23,75.0,Satisfactory,19.66,36.84,16.37,1.35,2.83,4.09
Bengaluru,2015-11-24,85.0,Satisfactory,20.35,33.97,20.64,1.36,2.59,7.77
Bengaluru,2015-11-25,141.0,Moderate,34.39,36.29,28.8,2.48,3.76,14.63
Bengaluru,2015-11-26,90.0,Satisfactory,43.91,43.65,29.33,1.52,3.44,14.8
Bengaluru,2015-11-27,126.0,Moderate,44.14,112.78,26.64,2.18,4.3,25.57
Bengaluru,2015-11-28,147.0,Moderate,44.94,114.34,28.1,2.3,4.7,29.1
Bengaluru,2015-11-29,87.0,Satisfactory,29.35,75.79,21.21,1.55,4.55,29.03
Bengaluru,2015-11-30,56.0,Satisfactory,15.34,53.7,22.22,1.13,4.45,8.84
Bengaluru,2015-12-01,88.0,Satisfactory,14.18,55.71,25.86,1.63,5.14,9.89
Bengaluru,2015-12-02,67.0,Satisfactory,13.36,33.82,24.04,1.7,11.07,8.15
Bengaluru,2015-12-03,74.0,Satisfactory,19.86,72.72,33.56,1.47,8.32,9.51
Bengaluru,2015-12-04,105.0,Moderate,28.35,102.15,32.95,2.03,6.08,21.38
Bengaluru,2015-12-05,103.0,Moderate,25.04,89.26,33.02,1.72,5.43,26.44
Bengaluru,2015-12-06,54.0,Satisfactory,29.12,105.95,25.17,1.0,3.1,43.98
Bengaluru,2015-12-07,65.0,Satisfactory,41.16,85.25,34.42,1.88,5.24,27.26
Bengaluru,2015-12-08,102.0,Moderate,46.33,82.86,44.41,1.81,5.81,19.1
Bengaluru,2015-12-09,94.0,Satisfactory,48.01,78.58,39.78,1.84,4.86,6.32
Bengaluru,2015-12-10,86.0,Satisfactory,35.48,58.04,35.58,1.92,5.27,3.36
Bengaluru,2015-12-11,89.0,Satisfactory,32.95,79.07,41.05,2.07,5.94,2.3
Bengaluru,2015-12-12,99.0,Satisfactory,50.19,73.43,57.62,1.78,5.34,2.33
Bengaluru,2015-12-13,92.0,Satisfactory,34.57,64.09,42.88,1.68,4.79,2.16
Bengaluru,2015-12-14,85.0,Satisfactory,52.06,56.71,27.66,1.33,4.38,1.87
Bengaluru,2015-12-15,83.0,Satisfactory,39.67,100.76,22.28,1.44,2.72,1.83
Bengaluru,2015-12-16,92.0,Satisfactory,50.47,56.41,37.1,1.93,3.65,6.68
Bengaluru,2015-12-17,95.0,Satisfactory,41.04,62.41,40.72,1.55,5.21,17.03
Bengaluru,2015-12-18,103.0,Moderate,56.62,85.88,57.36,2.67,6.99,17.28
Bengaluru,2015-12-19,105.0,Moderate,42.57,78.99,49.4,2.08,5.34,17.37
Bengaluru,2015-12-20,97.0,Satisfactory,60.44,65.74,43.97,1.44,5.29,20.05
Bengaluru,2015-12-21,102.0,Moderate,48.4,72.52,53.53,1.18,5.5,21.95
Bengaluru,2015-12-22,104.0,Moderate,49.54,84.48,65.66,1.32,5.61,20.0
Bengaluru,2015-12-23,96.0,Satisfactory,49.42,74.68,55.38,1.62,5.47,24.06
Bengaluru,2015-12-24,114.0,Moderate,61.58,81.49,56.16,1.29,5.38,36.04
Bengaluru,2015-12-25,110.0,Moderate,68.48,81.97,51.22,1.25,5.66,40.78
Bengaluru,2015-12-26,109.0,Moderate,57.15,63.84,42.79,1.2,5.44,41.39
Bengaluru,2015-12-27,115.0,Moderate,76.35,76.37,42.69,1.54,5.71,59.62
Bengaluru,2015-12-28,149.0,Moderate,85.66,83.91,56.3,1.77,6.01,59.5
Bengaluru,2015-12-29,122.0,Moderate,49.06,73.13,54.12,1.58,6.39,31.55
Bengaluru,2015-12-30,91.0,Satisfactory,48.16,74.0,59.75,0.85,6.94,31.0
Bengaluru,2015-12-31,131.0,Moderate,71.06,74.39,61.97,1.49,7.22,36.94
Bengaluru,2016-01-01,101.0,Moderate,56.4,95.08,51.73,0.69,7.44,55.96
Bengaluru,2016-01-02,92.0,Satisfactory,53.69,93.92,73.09,0.76,8.67,34.06
Bengaluru,2016-01-03,108.0,Moderate,62.35,99.34,77.77,0.96,9.1,47.62
Bengaluru,2016-01-04,109.0,Moderate,64.96,104.62,77.07,0.89,8.87,50.62
Bengaluru,2016-01-05,114.0,Moderate,70.15,105.12,79.43,0.85,9.41,36.94
Bengaluru,2016-01-06,121.0,Moderate,68.22,91.74,68.5,0.93,14.23,45.98
Bengaluru,2016-01-07,116.0,Moderate,68.74,74.3,53.25,0.79,23.65,23.19
Bengaluru,2016-01-08,117.0,Moderate,67.9,62.77,51.09,0.66,14.17,8.59
Bengaluru,2016-01-09,143.0,Moderate,79.8,74.11,64.04,0.79,14.65,10.66
Bengaluru,2016-01-10,168.0,Moderate,76.18,63.19,46.46,0.8,15.02,14.39
Bengaluru,2016-01-11,122.0,Moderate,61.48,53.24,39.43,0.78,11.53,19.51
Bengaluru,2016-01-12,122.0,Moderate,73.5,105.95,39.55,1.3,4.65,21.45
Bengaluru,2016-01-13,146.0,Moderate,70.78,160.0,55.91,1.02,10.59,24.48
Bengaluru,2016-01-14,152.0,Moderate,75.01,172.02,70.58,0.84,13.99,22.94
Bengaluru,2016-01-15,119.0,Moderate,42.84,160.87,50.76,0.78,17.8,25.71
Bengaluru,2016-01-16,130.0,Moderate,77.23,235.32,83.2,1.02,15.22,22.72
Bengaluru,2016-01-17,253.0,Poor,68.98,149.82,110.24,0.78,14.5,17.73
Bengaluru,2016-01-18,219.0,Poor,73.89,133.08,77.38,0.97,18.94,20.92
Bengaluru,2016-01-19,146.0,Moderate,75.45,113.92,72.62,0.98,24.0,23.09
Bengaluru,2016-01-20,170.0,Moderate,78.07,122.54,45.06,0.97,24.02,17.64
Bengaluru,2016-01-21,117.0,Moderate,53.45,62.27,34.63,0.93,18.54,20.57
Bengaluru,2016-01-22,113.0,Moderate,63.58,150.78,41.69,1.15,13.94,22.0
Bengaluru,2016-01-23,146.0,Moderate,57.91,133.63,29.72,1.08,11.77,11.02
Bengaluru,2016-01-24,102.0,Moderate,41.36,92.58,35.97,0.99,5.66,15.4
Bengaluru,2016-01-25,98.0,Satisfactory,51.7,121.42,51.13,1.23,7.78,18.12
Bengaluru,2016-01-26,104.0,Moderate,54.34,108.47,45.69,1.04,8.68,26.95
Bengaluru,2016-01-27,91.0,Satisfactory,54.33,76.37,41.42,1.05,8.73,17.6
Bengaluru,2016-01-28,118.0,Moderate,84.84,50.03,36.42,1.16,2.96,17.21
Bengaluru,2016-01-29,175.0,Moderate,87.02,83.23,36.39,1.12,3.02,26.32
Bengaluru,2016-01-30,149.0,Moderate,71.42,130.22,37.09,1.21,4.28,23.31
Bengaluru,2016-01-31,183.0,Moderate,119.16,218.27,48.59,1.32,6.07,23.3
Bengaluru,2016-02-01,184.0,Moderate,84.45,158.01,55.88,1.85,6.34,17.17
Bengaluru,2016-02-02,156.0,Moderate,76.8,159.14,55.92,1.39,5.9,15.86
Bengaluru,2016-02-03,153.0,Moderate,75.57,193.59,62.78,1.9,5.54,25.77
Bengaluru,2016-02-04,141.0,Moderate,74.6,152.36,49.76,1.6,5.13,28.21
Bengaluru,2016-02-05,139.0,Moderate,72.11,121.86,49.34,1.37,4.07,31.13
Bengaluru,2016-02-06,154.0,Moderate,63.42,169.11,45.84,1.81,3.74,32.4
Bengaluru,2016-02-07,199.0,Moderate,82.78,351.51,84.52,3.28,2.76,37.66
Bengaluru,2016-02-08,182.0,Moderate,75.98,154.26,46.99,1.59,3.49,31.18
Bengaluru,2016-02-09,175.0,Moderate,85.33,223.57,59.41,2.19,9.71,35.63
Bengaluru,2016-02-10,191.0,Moderate,84.32,256.75,46.66,2.2,14.25,49.77
Bengaluru,2016-02-11,203.0,Poor,91.95,190.47,45.44,2.06,23.66,58.94
Bengaluru,2016-02-12,154.0,Moderate,83.66,164.48,49.77,1.7,5.25,67.3
Bengaluru,2016-02-13,160.0,Moderate,85.96,146.45,56.54,1.69,4.73,63.27
Bengaluru,2016-02-14,136.0,Moderate,62.08,113.87,43.41,1.46,3.14,57.1
Bengaluru,2016-02-15,107.0,Moderate,56.57,100.3,35.08,1.73,4.27,37.83
Bengaluru,2016-02-16,88.0,Satisfactory,42.58,108.68,23.5,1.51,3.45,31.32
Bengaluru,2016-02-17,105.0,Moderate,49.6,145.32,24.34,1.66,4.46,25.02
Bengaluru,2016-02-18,111.0,Moderate,54.56,138.17,19.86,1.51,4.12,29.33
Bengaluru,2016-02-19,117.0,Moderate,44.26,146.23,26.16,1.51,3.9,42.53
Bengaluru,2016-02-20,113.0,Moderate,53.12,116.89,30.94,1.47,3.2,36.37
Bengaluru,2016-02-21,115.0,Moderate,57.32,107.54,34.98,1.45,2.88,49.63
Bengaluru,2016-02-22,145.0,Moderate,90.07,127.67,32.23,1.57,3.26,38.32
Bengaluru,2016-02-23,177.0,Moderate,134.69,142.12,32.14,1.12,2.99,42.23
Bengaluru,2016-02-24,198.0,Moderate,110.05,100.07,38.67,0.94,4.85,59.43
Bengaluru,2016-02-25,165.0,Moderate,66.98,100.6,37.3,0.73,6.91,64.9
Bengaluru,2016-02-26,124.0,Moderate,51.96,102.39,28.51,0.94,5.29,37.26
Bengaluru,2016-02-27,88.0,Satisfactory,36.28,98.29,41.88,0.81,3.09,30.33
Bengaluru,2016-02-28,88.0,Satisfactory,35.63,115.9,47.36,0.79,3.52,29.08
Bengaluru,2016-02-29,105.0,Moderate,41.64,144.04,30.64,1.01,3.16,39.28
Bengaluru,2016-03-01,118.0,Moderate,39.21,154.64,42.55,0.84,3.5,37.68
Bengaluru,2016-03-02,132.0,Moderate,42.17,134.78,33.44,0.56,2.24,31.99
Bengaluru,2016-03-03,121.0,Moderate,54.91,148.57,31.09,0.58,1.91,49.42
Bengaluru,2016-03-04,136.0,Moderate,54.04,137.04,38.09,0.62,2.45,42.21
Bengaluru,2016-03-05,153.0,Moderate,55.72,132.73,31.96,1.68,2.36,38.54
Bengaluru,2016-03-06,135.0,Moderate,45.98,120.86,22.73,0.77,2.12,49.65
Bengaluru,2016-03-07,111.0,Moderate,43.69,120.32,24.23,0.58,2.05,45.07
Bengaluru,2016-03-08,135.0,Moderate,44.74,122.4,41.83,1.41,2.82,49.67
Bengaluru,2016-03-09,123.0,Moderate,51.06,150.19,47.14,0.97,4.02,38.62
Bengaluru,2016-03-10,146.0,Moderate,53.1,161.1,43.2,1.51,3.14,35.52
Bengaluru,2016-03-11,155.0,Moderate,60.7,173.24,36.11,1.03,3.61,40.0
Bengaluru,2016-03-12,144.0,Moderate,59.53,163.88,26.64,0.86,3.0,58.17
Bengaluru,2016-03-13,149.0,Moderate,64.29,144.67,21.86,0.57,2.75,68.09
Bengaluru,2016-03-14,158.0,Moderate,67.65,148.74,33.09,0.79,2.95,77.42
Bengaluru,2016-03-15,175.0,Moderate,68.48,144.33,36.46,1.28,2.93,47.78
Bengaluru,2016-03-16,139.0,Moderate,76.33,144.2,39.12,1.19,2.85,98.66
Bengaluru,2016-03-17,145.0,Moderate,72.22,151.36,25.76,0.89,3.24,39.82
Bengaluru,2016-03-18,151.0,Moderate,60.58,194.0,18.32,0.96,2.89,35.81
Bengaluru,2016-03-19,158.0,Moderate,98.29,206.35,32.29,1.22,2.53,33.32
Bengaluru,2016-03-20,253.0,Poor,239.54,189.8,14.6,1.2,1.57,34.07
Bengaluru,2016-03-21,264.0,Poor,121.43,164.52,59.53,0.91,2.47,56.77
Bengaluru,2016-03-22,155.0,Moderate,66.36,190.04,62.46,0.98,3.93,43.14
Bengaluru,2016-03-23,137.0,Moderate,29.73,186.28,46.26,0.52,2.38,49.68
Bengaluru,2016-03-24,119.0,Moderate,34.49,180.42,34.43,0.92,3.92,46.87
Bengaluru,2016-03-25,137.0,Moderate,32.59,183.03,28.33,0.9,3.22,55.02
Bengaluru,2016-03-26,149.0,Moderate,56.05,165.97,29.32,2.11,5.56,57.03
Bengaluru,2016-03-27,156.0,Moderate,63.5,175.45,30.19,0.82,5.39,89.88
Bengaluru,2016-03-28,123.0,Moderate,57.92,157.8,35.15,0.86,6.06,48.81
Bengaluru,2016-03-29,118.0,Moderate,48.28,162.1,23.54,0.87,3.42,40.43
Bengaluru,2016-03-30,107.0,Moderate,42.65,142.17,25.51,0.86,4.7,35.06
Bengaluru,2016-03-31,111.0,Moderate,50.78,156.52,32.46,0.82,3.72,44.42
Bengaluru,2016-04-01,106.0,Moderate,49.33,150.05,35.55,0.87,4.51,38.74
Bengaluru,2016-04-02,112.0,Moderate,51.78,159.41,36.29,0.62,2.51,34.73
Bengaluru,2016-04-03,110.0,Moderate,53.54,157.92,26.49,1.0,2.97,34.38
Bengaluru,2016-04-04,114.0,Moderate,54.8,165.25,39.97,0.85,4.65,26.66
Bengaluru,2016-04-05,118.0,Moderate,49.84,215.52,50.15,1.11,4.27,29.98
Bengaluru,2016-04-06,154.0,Moderate,63.16,254.77,52.29,1.18,3.67,43.57
Bengaluru,2016-04-07,179.0,Moderate,46.24,208.97,17.79,1.19,3.17,67.46
Bengaluru,2016-04-08,102.0,Moderate,34.18,318.02,17.37,1.03,2.2,58.76
Bengaluru,2016-04-09,170.0,Moderate,33.01,152.78,38.54,1.13,3.61,53.57
Bengaluru,2016-04-10,112.0,Moderate,31.3,144.68,19.45,1.03,2.75,62.4
Bengaluru,2016-04-11,138.0,Moderate,31.68,159.23,19.05,1.86,2.87,58.82
Bengaluru,2016-04-12,121.0,Moderate,36.98,177.82,14.71,1.25,3.1,74.34
Bengaluru,2016-04-13,118.0,Moderate,36.88,159.45,30.43,0.81,5.44,60.73
Bengaluru,2016-04-14,171.0,Moderate,35.46,224.24,31.64,1.08,3.19,109.97
Bengaluru,2016-04-15,156.0,Moderate,35.31,196.65,18.99,1.07,3.9,76.46
Bengaluru,2016-04-16,140.0,Moderate,34.85,171.26,10.08,1.02,3.06,67.25
Bengaluru,2016-04-17,114.0,Moderate,36.9,145.98,9.89,0.78,2.36,77.75
Bengaluru,2016-04-18,138.0,Moderate,38.81,158.75,16.09,1.37,2.74,49.33
Bengaluru,2016-04-19,137.0,Moderate,34.65,134.47,12.86,1.87,2.71,50.77
Bengaluru,2016-04-20,134.0,Moderate,31.89,160.06,19.53,1.65,3.82,62.54
Bengaluru,2016-04-21,119.0,Moderate,33.61,168.98,13.97,0.64,6.92,65.97
Bengaluru,2016-04-22,98.0,Satisfactory,34.83,130.54,10.21,0.94,4.09,48.47
Bengaluru,2016-04-23,107.0,Moderate,39.01,107.52,19.84,0.98,3.9,49.78
Bengaluru,2016-04-24,150.0,Moderate,39.53,92.73,19.55,2.09,4.16,47.44
Bengaluru,2016-04-25,94.0,Satisfactory,37.17,103.22,16.25,0.71,3.39,47.77
Bengaluru,2016-04-26,85.0,Satisfactory,39.88,68.46,21.35,0.72,3.74,56.94
Bengaluru,2016-04-27,115.0,Moderate,32.59,56.09,22.96,1.53,5.23,43.48
Bengaluru,2016-04-28,74.0,Satisfactory,47.42,54.05,22.55,0.6,5.65,39.29
Bengaluru,2016-04-29,88.0,Satisfactory,48.78,58.28,23.05,0.67,4.34,47.83
Bengaluru,2016-04-30,86.0,Satisfactory,46.6,59.08,20.19,0.82,4.12,53.75
Bengaluru,2016-05-01,87.0,Satisfactory,35.86,63.4,23.12,0.49,4.17,74.38
Bengaluru,2016-05-02,99.0,Satisfactory,39.87,63.61,28.17,0.62,5.62,68.49
Bengaluru,2016-05-03,80.0,Satisfactory,40.79,63.42,43.48,0.6,4.37,46.14
Bengaluru,2016-05-04,102.0,Moderate,57.96,56.57,32.02,0.55,4.58,45.77
Bengaluru,2016-05-05,76.0,Satisfactory,46.0,58.14,34.28,0.66,7.17,40.96
Bengaluru,2016-05-06,59.0,Satisfactory,23.99,35.12,19.03,1.15,4.1,95.21
Bengaluru,2016-05-07,67.0,Satisfactory,27.21,44.02,34.02,0.69,3.15,53.32
Bengaluru,2016-05-08,107.0,Moderate,26.43,42.02,75.84,0.6,2.89,52.09
Bengaluru,2016-05-09,95.0,Satisfactory,20.46,34.82,26.1,0.6,3.66,58.13
Bengaluru,2016-05-10,72.0,Satisfactory,32.5,230.2,20.91,0.99,4.01,50.62
Bengaluru,2016-05-11,91.0,Satisfactory,57.81,50.58,12.56,0.88,3.11,45.59
Bengaluru,2016-05-12,88.0,Satisfactory,31.19,54.8,14.44,0.67,3.77,54.95
Bengaluru,2016-05-13,86.0,Satisfactory,34.06,45.82,10.89,0.72,4.08,70.86
Bengaluru,2016-05-14,78.0,Satisfactory,33.05,52.87,31.46,0.61,2.78,53.86
Bengaluru,2016-05-15,65.0,Satisfactory,28.39,46.27,11.86,0.46,2.94,41.46
Bengaluru,2016-05-16,50.0,Good,27.01,39.39,18.35,0.91,4.16,22.93
Bengaluru,2016-05-17,74.0,Satisfactory,36.67,42.55,21.65,0.61,3.71,20.18
Bengaluru,2016-05-18,47.0,Good,27.51,41.15,23.46,0.47,5.04,20.14
Bengaluru,2016-05-19,46.0,Good,28.47,29.97,5.53,0.56,4.42,32.59
Bengaluru,2016-05-20,48.0,Good,22.27,33.48,10.54,0.52,3.81,30.79
Bengaluru,2016-05-21,35.0,Good,42.52,41.96,8.91,0.42,4.46,29.76
Bengaluru,2016-05-22,83.0,Satisfactory,152.94,43.16,9.86,1.08,3.36,27.96
Bengaluru,2016-05-23,173.0,Moderate,28.65,52.72,11.01,0.78,3.91,32.6
Bengaluru,2016-05-24,50.0,Good,25.75,40.98,6.83,0.42,4.91,31.86
Bengaluru,2016-05-25,37.0,Good,51.67,32.45,8.52,0.43,5.53,34.07
Bengaluru,2016-05-26,33.0,Good,51.67,34.84,8.02,0.49,7.0,34.07
Bengaluru,2016-05-27,38.0,Good,51.67,39.88,7.12,0.43,5.81,34.07
Bengaluru,2016-05-28,38.0,Good,51.67,36.26,7.81,0.43,4.2,34.07
Bengaluru,2016-05-29,27.0,Good,51.67,19.21,7.3,0.49,2.55,34.07
Bengaluru,2016-05-30,26.0,Good,35.98,29.59,14.57,0.76,4.5,34.07
Bengaluru,2016-05-31,47.0,Good,27.6,32.09,25.1,0.65,4.83,34.07
Bengaluru,2016-06-01,49.0,Good,17.15,26.07,31.6,0.4,4.74,34.07
Bengaluru,2016-06-02,43.0,Good,17.71,21.58,18.64,0.43,2.68,34.07
Bengaluru,2016-06-03,29.0,Good,51.67,33.69,10.15,0.39,1.9,34.07
Bengaluru,2016-06-04,30.0,Good,51.67,28.67,10.81,0.41,2.15,34.07
Bengaluru,2016-06-05,33.0,Good,51.67,32.38,9.08,0.36,2.18,34.07
Bengaluru,2016-06-06,26.0,Good,51.67,21.86,8.56,0.33,1.82,34.07
Bengaluru,2016-06-07,23.0,Good,51.67,20.31,11.68,0.36,1.69,34.07
Bengaluru,2016-06-08,20.0,Good,51.67,19.38,9.28,0.34,2.24,34.07
Bengaluru,2016-06-09,123.0,,51.67,20.5,9.93,0.38,2.14,34.07
Bengaluru,2016-06-10,20.0,Good,51.67,19.97,10.05,0.37,2.28,34.07
Bengaluru,2016-06-11,20.0,Good,51.67,21.74,10.14,0.35,2.17,34.07
Bengaluru,2016-06-12,23.0,Good,51.67,24.12,8.84,0.34,1.99,34.07
Bengaluru,2016-06-13,26.0,Good,51.67,23.79,9.8,0.34,2.16,34.07
Bengaluru,2016-06-14,23.0,Good,51.67,23.6,12.82,0.41,2.02,34.07
Bengaluru,2016-06-15,26.0,Good,51.67,38.42,14.43,0.4,2.09,34.07
Bengaluru,2016-06-16,40.0,Good,51.67,27.07,10.93,0.34,2.0,34.07
Bengaluru,2016-06-17,28.0,Good,33.9,48.51,18.94,0.97,3.39,14.93
Bengaluru,2016-06-18,156.0,Moderate,31.98,80.7,20.46,3.8,4.05,9.69
Bengaluru,2016-06-19,195.0,Moderate,26.77,105.43,15.29,4.02,4.64,11.99
Bengaluru,2016-06-20,137.0,Moderate,27.61,72.63,21.69,2.12,4.5,10.92
Bengaluru,2016-06-21,71.0,Satisfactory,28.24,194.62,15.81,0.47,7.48,34.07
Bengaluru,2016-06-22,77.0,Satisfactory,29.83,23.86,17.61,0.33,1.79,31.87
Bengaluru,2016-06-23,143.0,Moderate,19.0,15.46,16.91,1.61,1.9,53.33
Bengaluru,2016-06-24,181.0,Moderate,15.04,23.51,17.15,5.43,1.73,65.62
Bengaluru,2016-06-25,31.0,Good,51.67,105.95,26.41,1.0,7.71,34.07
Bengaluru,2016-06-26,123.0,,51.67,105.95,26.41,1.0,7.71,34.07
Bengaluru,2016-06-27,33.0,Good,16.54,48.92,26.15,3.02,2.1,45.27
Bengaluru,2016-06-28,151.0,Moderate,27.23,34.13,23.71,3.63,1.87,38.45
Bengaluru,2016-06-29,174.0,Moderate,115.98,17.1,24.19,2.48,1.58,39.09
Bengaluru,2016-06-30,154.0,Moderate,13.95,48.92,20.42,3.55,1.86,39.53
Bengaluru,2016-07-01,208.0,Poor,25.0,35.36,19.59,5.62,1.26,44.86
Bengaluru,2016-07-02,192.0,Moderate,31.8,9.93,15.96,6.28,1.1,51.84
Bengaluru,2016-07-03,238.0,Poor,17.36,30.52,20.82,7.87,1.54,42.29
Bengaluru,2016-07-04,160.0,Moderate,19.4,112.27,23.11,4.04,1.86,33.37
Bengaluru,2016-07-05,83.0,Satisfactory,18.36,57.25,19.9,2.27,2.18,35.67
Bengaluru,2016-07-06,56.0,Satisfactory,17.26,42.66,13.18,0.42,1.77,34.07
Bengaluru,2016-07-07,141.0,Moderate,15.02,33.56,13.05,1.28,2.96,34.07
Bengaluru,2016-07-08,43.0,Good,51.67,49.66,18.6,0.57,5.22,34.07
Bengaluru,2016-07-09,65.0,Satisfactory,51.67,51.22,15.69,0.46,4.04,34.07
Bengaluru,2016-07-10,30.0,Good,8.98,27.9,8.98,0.38,2.23,34.07
Bengaluru,2016-07-11,40.0,Good,51.67,51.32,13.36,0.53,3.13,34.07
Bengaluru,2016-07-12,54.0,Satisfactory,51.67,41.88,11.15,1.51,3.46,34.07
Bengaluru,2016-07-13,41.0,Good,51.67,40.21,7.84,0.55,1.94,34.07
Bengaluru,2016-07-14,42.0,Good,51.67,52.13,14.43,0.61,2.89,34.07
Bengaluru,2016-07-15,54.0,Satisfactory,51.67,39.43,23.36,1.48,2.96,34.07
Bengaluru,2016-07-16,61.0,Satisfactory,51.67,33.87,33.33,0.69,2.8,34.07
Bengaluru,2016-07-17,70.0,Satisfactory,51.67,42.24,20.74,0.74,1.84,34.07
Bengaluru,2016-07-18,62.0,Satisfactory,218.17,30.53,10.49,2.63,3.62,34.07
Bengaluru,2016-07-19,308.0,Very Poor,55.51,25.62,10.06,5.8,2.87,34.07
Bengaluru,2016-07-20,123.0,,25.56,29.45,12.58,0.46,4.45,31.06
Bengaluru,2016-07-21,123.0,,26.7,21.82,56.7,0.48,2.77,34.07
Bengaluru,2016-07-22,123.0,,20.15,77.75,39.62,0.75,2.87,34.07
Bengaluru,2016-07-23,82.0,Satisfactory,51.67,56.61,20.88,0.51,2.31,34.07
Bengaluru,2016-07-24,123.0,,12.42,105.95,5.22,5.23,0.87,34.07
Bengaluru,2016-07-25,123.0,,11.01,112.53,29.17,0.64,2.96,43.27
Bengaluru,2016-07-26,123.0,,32.56,105.95,4.44,1.01,1.39,34.07
Bengaluru,2016-07-27,36.0,Good,22.79,105.95,3.0,1.0,4.7,34.07
Bengaluru,2016-07-28,36.0,Good,17.0,97.59,10.29,0.91,1.58,34.07
Bengaluru,2016-07-29,55.0,Satisfactory,22.19,46.72,16.14,0.53,1.06,34.07
Bengaluru,2016-07-30,58.0,Satisfactory,8.74,62.96,10.3,0.47,1.28,34.07
Bengaluru,2016-07-31,37.0,Good,18.9,138.45,30.71,0.83,1.86,34.07
Bengaluru,2016-08-01,72.0,Satisfactory,17.54,69.17,30.36,0.58,2.44,34.07
Bengaluru,2016-08-02,33.0,Good,20.06,95.02,9.27,0.69,1.53,34.07
Bengaluru,2016-08-03,53.0,Satisfactory,19.91,77.41,18.42,0.63,1.63,34.07
Bengaluru,2016-08-04,64.0,Satisfactory,14.66,51.42,17.36,0.45,1.52,34.07
Bengaluru,2016-08-05,123.0,,51.67,34.42,12.5,0.61,2.85,34.07
Bengaluru,2016-08-06,123.0,,51.67,105.95,26.41,0.0,7.71,34.07
Bengaluru,2016-08-07,123.0,,51.67,105.95,26.41,0.0,7.71,34.07
Bengaluru,2016-08-08,123.0,,51.67,38.47,12.73,0.01,3.96,34.07
Bengaluru,2016-08-09,123.0,,51.67,38.09,10.08,0.05,4.63,34.07
Bengaluru,2016-08-10,123.0,,51.67,105.95,26.41,0.0,7.71,34.07
Bengaluru,2016-08-11,123.0,,31.42,60.6,14.68,1.37,2.3,32.72
Bengaluru,2016-08-12,46.0,Good,25.09,105.95,8.97,45.96,1.24,16.55
Bengaluru,2016-08-13,37.0,Good,21.94,105.95,8.83,47.93,1.37,18.87
Bengaluru,2016-08-14,38.0,Good,21.57,97.04,14.87,3.59,1.75,19.82
Bengaluru,2016-08-15,49.0,Good,14.38,61.19,12.56,3.34,2.31,21.54
Bengaluru,2016-08-16,71.0,Satisfactory,101.09,55.19,12.41,0.56,3.03,20.49
Bengaluru,2016-08-17,229.0,Poor,33.05,83.6,16.2,1.59,2.63,20.28
Bengaluru,2016-08-18,68.0,Satisfactory,39.14,63.13,15.46,0.52,2.72,21.74
Bengaluru,2016-08-19,64.0,Satisfactory,41.43,18.46,18.34,0.47,2.87,26.26
Bengaluru,2016-08-20,62.0,Satisfactory,100.39,13.98,21.01,0.49,3.66,26.14
Bengaluru,2016-08-21,66.0,Satisfactory,56.45,11.73,17.24,0.41,2.72,28.1
Bengaluru,2016-08-22,45.0,Good,35.4,29.35,15.82,0.22,2.88,22.79
Bengaluru,2016-08-23,66.0,Satisfactory,43.43,77.31,16.31,0.38,3.06,25.25
Bengaluru,2016-08-24,71.0,Satisfactory,34.99,73.18,17.43,0.41,3.13,23.74
Bengaluru,2016-08-25,75.0,Satisfactory,15.02,62.79,18.74,0.59,4.94,26.6
Bengaluru,2016-08-26,62.0,Satisfactory,29.31,51.59,23.2,0.39,3.39,25.06
Bengaluru,2016-08-27,77.0,Satisfactory,19.65,66.91,22.46,0.55,3.66,25.17
Bengaluru,2016-08-28,48.0,Good,6.82,58.75,42.15,0.31,4.72,34.16
Bengaluru,2016-08-29,47.0,Good,27.16,59.6,20.93,0.77,4.62,28.48
Bengaluru,2016-08-30,57.0,Satisfactory,27.9,33.7,20.47,0.38,3.08,21.22
Bengaluru,2016-08-31,49.0,Good,35.17,51.69,19.08,0.42,3.7,20.34
Bengaluru,2016-09-01,57.0,Satisfactory,37.57,46.28,22.32,0.48,3.72,21.4
Bengaluru,2016-09-02,74.0,Satisfactory,23.25,72.41,21.96,0.48,4.45,22.36
Bengaluru,2016-09-03,68.0,Satisfactory,31.08,74.7,19.42,0.51,2.9,24.83
Bengaluru,2016-09-04,71.0,Satisfactory,37.35,59.38,20.08,0.38,2.33,22.29
Bengaluru,2016-09-05,55.0,Satisfactory,22.49,51.96,25.1,0.3,2.78,23.62
Bengaluru,2016-09-06,59.0,Satisfactory,37.14,64.32,32.8,0.43,2.93,22.96
Bengaluru,2016-09-07,60.0,Satisfactory,28.89,53.47,40.9,0.53,2.85,24.81
Bengaluru,2016-09-08,55.0,Satisfactory,28.25,65.4,59.8,0.5,2.61,29.82
Bengaluru,2016-09-09,68.0,Satisfactory,51.67,55.92,40.18,0.4,3.09,22.77
Bengaluru,2016-09-10,84.0,Satisfactory,43.95,68.24,19.99,0.57,3.55,28.99
Bengaluru,2016-09-11,64.0,Satisfactory,24.72,57.37,21.18,0.36,3.77,22.02
Bengaluru,2016-09-12,60.0,Satisfactory,51.67,62.86,16.07,0.36,5.42,31.99
Bengaluru,2016-09-13,60.0,Satisfactory,23.04,48.92,12.98,0.41,9.3,44.94
Bengaluru,2016-09-14,60.0,Satisfactory,13.59,45.66,21.47,0.52,2.96,36.66
Bengaluru,2016-09-15,74.0,Satisfactory,11.1,41.09,29.29,0.97,3.76,39.12
Bengaluru,2016-09-16,66.0,Satisfactory,32.23,57.94,32.53,0.89,7.68,22.05
Bengaluru,2016-09-17,70.0,Satisfactory,41.01,79.93,25.42,0.8,4.59,36.26
Bengaluru,2016-09-18,78.0,Satisfactory,30.9,80.19,33.55,0.51,4.13,16.27
Bengaluru,2016-09-19,58.0,Satisfactory,26.31,49.89,30.0,0.25,3.38,19.1
Bengaluru,2016-09-20,47.0,Good,32.98,44.55,26.31,0.2,4.3,16.09
Bengaluru,2016-09-21,40.0,Good,43.4,33.79,26.08,0.38,5.07,17.18
Bengaluru,2016-09-22,58.0,Satisfactory,32.46,52.66,23.58,0.52,4.53,22.04
Bengaluru,2016-09-23,76.0,Satisfactory,26.6,103.69,21.48,0.46,5.37,16.37
Bengaluru,2016-09-24,102.0,Moderate,39.41,102.24,29.0,0.52,3.87,10.98
Bengaluru,2016-09-25,84.0,Satisfactory,10.22,131.33,33.14,0.43,4.44,10.45
Bengaluru,2016-09-26,90.0,Satisfactory,16.88,116.82,33.42,0.71,4.02,13.28
Bengaluru,2016-09-27,85.0,Satisfactory,17.1,105.03,30.5,0.64,4.07,14.12
Bengaluru,2016-09-28,83.0,Satisfactory,46.14,95.12,26.83,1.08,5.66,14.51
Bengaluru,2016-09-29,114.0,Moderate,55.24,71.0,26.2,1.13,4.08,15.05
Bengaluru,2016-09-30,150.0,Moderate,75.42,121.03,17.34,0.46,4.5,31.09
Bengaluru,2016-10-01,124.0,Moderate,65.16,100.91,22.49,0.51,4.53,34.07
Bengaluru,2016-10-02,104.0,Moderate,51.67,102.73,30.02,0.61,4.77,34.07
Bengaluru,2016-10-03,114.0,Moderate,51.67,122.73,29.19,0.51,4.42,34.07
Bengaluru,2016-10-04,111.0,Moderate,70.57,112.72,24.24,0.49,4.57,34.07
Bengaluru,2016-10-05,101.0,Moderate,69.14,94.23,20.54,1.45,8.5,34.07
Bengaluru,2016-10-06,89.0,Satisfactory,54.75,81.36,20.33,0.55,10.84,34.07
Bengaluru,2016-10-07,103.0,Moderate,41.7,139.73,24.67,0.73,4.57,34.07
Bengaluru,2016-10-08,91.0,Satisfactory,27.31,91.1,25.65,0.56,4.59,23.0
Bengaluru,2016-10-09,83.0,Satisfactory,13.51,85.18,27.68,1.11,4.26,15.26
Bengaluru,2016-10-10,129.0,Moderate,18.96,72.83,26.66,0.85,4.12,14.68
Bengaluru,2016-10-11,78.0,Satisfactory,14.61,70.21,24.16,0.73,3.97,15.67
Bengaluru,2016-10-12,75.0,Satisfactory,21.3,74.85,28.0,1.08,4.5,15.17
Bengaluru,2016-10-13,141.0,Moderate,25.15,66.38,31.42,1.97,3.65,12.04
Bengaluru,2016-10-14,69.0,Satisfactory,24.23,105.95,25.35,0.51,4.65,13.14
Bengaluru,2016-10-15,58.0,Satisfactory,35.18,154.1,39.16,0.2,4.22,21.95
Bengaluru,2016-10-16,73.0,Satisfactory,32.41,155.04,47.09,0.0,7.07,23.11
Bengaluru,2016-10-17,85.0,Satisfactory,56.36,182.16,38.07,0.52,6.24,4.68
Bengaluru,2016-10-18,183.0,Moderate,53.43,180.64,33.94,0.73,7.21,34.07
Bengaluru,2016-10-19,85.0,Satisfactory,44.05,191.47,35.85,0.0,6.02,41.74
Bengaluru,2016-10-20,75.0,Satisfactory,62.36,181.92,38.24,0.37,6.46,23.58
Bengaluru,2016-10-21,132.0,Moderate,62.74,191.9,35.42,1.12,8.07,23.86
Bengaluru,2016-10-22,176.0,Moderate,97.17,195.61,33.75,0.75,10.52,10.54
Bengaluru,2016-10-23,184.0,Moderate,67.85,184.81,38.05,1.2,7.36,31.08
Bengaluru,2016-10-24,127.0,Moderate,58.78,179.79,41.96,1.18,9.87,22.16
Bengaluru,2016-10-25,163.0,Moderate,80.99,224.1,36.1,1.64,8.46,22.28
Bengaluru,2016-10-26,164.0,Moderate,68.17,116.92,44.78,1.16,4.9,25.13
Bengaluru,2016-10-27,132.0,Moderate,59.61,137.68,46.57,0.83,4.28,29.54
Bengaluru,2016-10-28,116.0,Moderate,62.38,123.91,46.43,0.8,9.04,44.86
Bengaluru,2016-10-29,174.0,Moderate,78.74,130.99,44.4,3.1,4.31,45.04
Bengaluru,2016-10-30,188.0,Moderate,60.79,130.15,38.53,2.97,3.75,23.8
Bengaluru,2016-10-31,88.0,Satisfactory,36.92,95.71,34.8,0.55,4.92,21.69
Bengaluru,2016-11-01,51.0,Satisfactory,21.2,105.95,30.89,0.28,5.34,16.2
Bengaluru,2016-11-02,57.0,Satisfactory,31.26,142.2,39.54,0.42,3.29,26.39
Bengaluru,2016-11-03,82.0,Satisfactory,34.79,111.6,41.17,1.37,2.49,25.26
Bengaluru,2016-11-04,88.0,Satisfactory,55.92,118.8,37.52,0.85,4.84,30.68
Bengaluru,2016-11-05,111.0,Moderate,55.03,117.02,29.98,1.16,4.69,34.67
Bengaluru,2016-11-06,90.0,Satisfactory,41.23,69.46,27.4,0.7,3.85,37.6
Bengaluru,2016-11-07,78.0,Satisfactory,43.91,100.27,31.23,0.83,2.83,36.94
Bengaluru,2016-11-08,94.0,Satisfactory,52.08,109.02,32.63,0.83,6.29,37.14
Bengaluru,2016-11-09,95.0,Satisfactory,46.94,120.41,28.38,0.62,5.16,46.92
Bengaluru,2016-11-10,112.0,Moderate,49.03,130.54,30.8,0.76,6.34,62.56
Bengaluru,2016-11-11,124.0,Moderate,57.78,150.94,41.03,0.73,7.64,71.14
Bengaluru,2016-11-12,122.0,Moderate,52.72,127.44,37.57,0.72,8.28,77.53
Bengaluru,2016-11-13,99.0,Satisfactory,38.42,121.18,38.81,0.63,4.93,57.77
Bengaluru,2016-11-14,44.0,Good,29.96,82.83,36.67,0.37,5.26,14.2
Bengaluru,2016-11-15,38.0,Good,27.64,56.85,25.66,0.91,5.02,15.65
Bengaluru,2016-11-16,102.0,Moderate,35.8,130.25,25.46,1.9,5.08,22.33
Bengaluru,2016-11-17,189.0,Moderate,40.13,133.97,34.52,0.99,2.97,48.83
Bengaluru,2016-11-18,101.0,Moderate,43.6,135.71,30.86,0.57,2.5,56.67
Bengaluru,2016-11-19,86.0,Satisfactory,48.93,105.95,26.23,0.62,2.78,45.24
Bengaluru,2016-11-20,95.0,Satisfactory,42.21,105.95,38.1,0.46,2.34,49.29
Bengaluru,2016-11-21,120.0,Moderate,102.01,182.79,44.31,0.69,3.9,44.48
Bengaluru,2016-11-22,101.0,Moderate,91.6,141.03,31.76,3.0,7.56,16.37
Bengaluru,2016-11-23,335.0,Very Poor,47.76,173.09,39.92,2.6,6.66,33.28
Bengaluru,2016-11-24,140.0,Moderate,86.62,152.15,32.55,1.05,4.88,46.95
Bengaluru,2016-11-25,133.0,Moderate,46.12,158.04,33.94,1.22,4.01,43.76
Bengaluru,2016-11-26,113.0,Moderate,46.87,164.12,36.46,0.89,3.63,38.04
Bengaluru,2016-11-27,117.0,Moderate,53.71,171.52,37.49,0.85,3.52,35.33
Bengaluru,2016-11-28,124.0,Moderate,49.9,176.99,38.97,0.67,6.79,26.27
Bengaluru,2016-11-29,120.0,Moderate,59.3,194.37,37.55,0.81,11.63,31.34
Bengaluru,2016-11-30,160.0,Moderate,49.69,170.26,31.49,1.88,5.34,28.52
Bengaluru,2016-12-01,114.0,Moderate,45.84,137.86,26.72,0.87,4.93,39.83
Bengaluru,2016-12-02,103.0,Moderate,22.14,78.55,26.06,0.72,3.55,20.83
Bengaluru,2016-12-03,67.0,Satisfactory,18.3,102.86,30.35,0.82,4.06,11.42
Bengaluru,2016-12-04,125.0,Moderate,24.44,136.05,23.2,1.66,3.15,8.61
Bengaluru,2016-12-05,209.0,Poor,23.63,124.78,30.2,2.95,4.43,9.8
Bengaluru,2016-12-06,200.0,Moderate,36.97,155.51,44.45,1.7,3.0,15.37
Bengaluru,2016-12-07,101.0,Moderate,40.72,132.73,44.74,0.65,3.63,20.32
Bengaluru,2016-12-08,85.0,Satisfactory,32.59,128.54,43.67,0.69,5.58,16.42
Bengaluru,2016-12-09,163.0,Moderate,44.96,135.0,40.56,1.19,6.68,13.5
Bengaluru,2016-12-10,75.0,Satisfactory,30.37,124.8,37.24,0.46,3.47,6.73
Bengaluru,2016-12-11,132.0,Moderate,24.98,138.06,42.15,1.76,8.15,8.43
Bengaluru,2016-12-12,119.0,Moderate,42.19,131.75,25.22,1.46,6.85,22.58
Bengaluru,2016-12-13,342.0,Very Poor,204.25,105.95,22.25,0.97,7.88,18.31
Bengaluru,2016-12-14,104.0,Moderate,30.72,180.88,23.41,0.54,2.62,22.5
Bengaluru,2016-12-15,93.0,Satisfactory,28.47,142.64,37.05,1.15,3.72,12.13
Bengaluru,2016-12-16,134.0,Moderate,34.57,137.45,37.38,1.39,4.25,7.08
Bengaluru,2016-12-17,103.0,Moderate,36.97,143.58,38.93,1.63,4.35,13.37
Bengaluru,2016-12-18,90.0,Satisfactory,35.21,130.91,40.15,0.79,4.81,26.23
Bengaluru,2016-12-19,97.0,Satisfactory,37.8,144.73,40.9,0.73,4.27,25.9
Bengaluru,2016-12-20,93.0,Satisfactory,19.09,121.19,35.67,0.71,3.75,18.88
Bengaluru,2016-12-21,74.0,Satisfactory,19.68,99.9,24.18,0.46,4.19,16.53
Bengaluru,2016-12-22,75.0,Satisfactory,39.64,176.96,30.67,0.28,4.74,28.61
Bengaluru,2016-12-23,100.0,Satisfactory,43.67,150.64,72.51,0.74,7.81,37.75
Bengaluru,2016-12-24,112.0,Moderate,57.79,141.76,79.24,0.62,7.79,11.26
Bengaluru,2016-12-25,114.0,Moderate,39.11,145.35,46.39,0.71,4.93,52.62
Bengaluru,2016-12-26,104.0,Moderate,34.02,121.66,49.47,0.84,5.17,34.44
Bengaluru,2016-12-27,90.0,Satisfactory,53.5,111.09,41.33,0.7,7.04,23.74
Bengaluru,2016-12-28,84.0,Satisfactory,38.53,80.87,20.7,0.2,4.32,17.27
Bengaluru,2016-12-29,76.0,Satisfactory,44.9,112.78,30.07,0.46,5.6,34.07
Bengaluru,2016-12-30,93.0,Satisfactory,54.65,134.46,44.47,0.57,5.58,34.07
Bengaluru,2016-12-31,106.0,Moderate,40.96,128.38,47.25,0.74,4.92,41.16
Bengaluru,2017-01-01,88.0,Satisfactory,20.13,105.61,42.34,0.77,4.8,25.9
Bengaluru,2017-01-02,83.0,Satisfactory,19.61,105.34,40.94,0.68,4.93,29.95
Bengaluru,2017-01-03,87.0,Satisfactory,26.66,106.4,49.02,0.74,4.95,31.55
Bengaluru,2017-01-04,91.0,Satisfactory,36.93,118.86,38.48,0.76,4.58,39.09
Bengaluru,2017-01-05,85.0,Satisfactory,36.09,114.62,36.01,0.63,4.57,35.78
Bengaluru,2017-01-06,88.0,Satisfactory,41.53,131.53,39.13,0.59,4.32,39.95
Bengaluru,2017-01-07,106.0,Moderate,47.48,140.54,40.87,0.79,5.57,43.82
Bengaluru,2017-01-08,95.0,Satisfactory,37.61,124.94,33.21,0.67,4.83,39.25
Bengaluru,2017-01-09,87.0,Satisfactory,43.11,136.23,44.61,0.86,8.12,38.14
Bengaluru,2017-01-10,130.0,Moderate,74.1,125.23,37.38,0.61,5.51,59.48
Bengaluru,2017-01-11,132.0,Moderate,42.42,142.13,47.35,1.02,5.96,56.92
Bengaluru,2017-01-12,110.0,Moderate,24.26,140.88,44.12,0.68,3.72,52.42
Bengaluru,2017-01-13,91.0,Satisfactory,31.22,108.09,26.86,0.55,3.67,50.8
Bengaluru,2017-01-14,78.0,Satisfactory,29.21,105.95,13.26,0.0,3.29,63.14
Bengaluru,2017-01-15,71.0,Satisfactory,26.3,105.95,11.83,0.0,3.07,58.37
Bengaluru,2017-01-16,66.0,Satisfactory,31.65,128.58,34.1,0.53,5.25,53.3
Bengaluru,2017-01-17,94.0,Satisfactory,37.02,130.28,52.33,1.3,7.6,34.07
Bengaluru,2017-01-18,117.0,Moderate,39.68,111.56,47.26,0.67,6.18,34.07
Bengaluru,2017-01-19,87.0,Satisfactory,31.59,104.2,42.72,1.03,5.81,34.07
Bengaluru,2017-01-20,85.0,Satisfactory,39.92,116.54,47.16,0.6,5.54,34.07
Bengaluru,2017-01-21,98.0,Satisfactory,40.34,103.46,67.51,0.61,6.9,34.07
Bengaluru,2017-01-22,98.0,Satisfactory,51.67,102.7,76.4,0.58,7.09,34.07
Bengaluru,2017-01-23,111.0,Moderate,49.45,125.79,67.63,0.71,6.9,34.07
Bengaluru,2017-01-24,100.0,Satisfactory,41.55,121.2,45.39,5.28,6.23,51.39
Bengaluru,2017-01-25,168.0,Moderate,34.96,114.94,41.5,6.42,4.81,49.67
Bengaluru,2017-01-26,182.0,Moderate,27.04,109.75,28.01,7.32,3.67,47.81
Bengaluru,2017-01-27,174.0,Moderate,23.36,87.39,46.38,8.19,5.81,19.01
Bengaluru,2017-01-28,210.0,Poor,10.26,65.08,63.82,7.67,5.34,20.22
Bengaluru,2017-01-29,214.0,Poor,6.8,59.96,39.99,6.65,4.24,17.63
Bengaluru,2017-01-30,230.0,Poor,31.79,83.98,40.89,7.54,4.51,34.35
Bengaluru,2017-01-31,97.0,Satisfactory,37.81,81.51,40.55,1.55,7.85,47.14
Bengaluru,2017-02-01,101.0,Moderate,27.42,81.76,43.93,1.87,8.57,39.53
Bengaluru,2017-02-02,94.0,Satisfactory,49.35,82.75,58.2,6.34,5.18,72.53
Bengaluru,2017-02-03,207.0,Poor,32.16,93.4,43.39,15.93,3.37,50.44
Bengaluru,2017-02-04,270.0,Poor,32.08,105.95,19.23,14.89,3.34,60.82
Bengaluru,2017-02-05,269.0,Poor,29.93,105.95,19.93,11.68,2.93,58.61
Bengaluru,2017-02-06,273.0,Poor,32.73,117.9,45.2,15.22,4.71,60.34
Bengaluru,2017-02-07,238.0,Poor,43.1,102.65,64.19,12.47,6.59,65.58
Bengaluru,2017-02-08,200.0,Moderate,41.94,91.18,45.34,9.04,7.24,64.64
Bengaluru,2017-02-09,69.0,Satisfactory,38.04,103.85,45.51,0.58,6.22,12.28
Bengaluru,2017-02-10,77.0,Satisfactory,36.09,102.51,41.63,0.66,7.38,13.96
Bengaluru,2017-02-11,109.0,Moderate,29.54,93.69,51.47,1.01,5.61,41.88
Bengaluru,2017-02-12,80.0,Satisfactory,27.65,81.87,57.48,0.68,5.79,43.53
Bengaluru,2017-02-13,59.0,Satisfactory,30.98,71.6,44.34,0.5,5.43,34.07
Bengaluru,2017-02-14,71.0,Satisfactory,34.94,71.16,49.0,0.87,5.9,34.07
Bengaluru,2017-02-15,83.0,Satisfactory,40.41,78.71,64.96,1.08,8.65,34.07
Bengaluru,2017-02-16,83.0,Satisfactory,34.8,86.61,70.5,1.25,7.73,34.07
Bengaluru,2017-02-17,95.0,Satisfactory,47.98,114.34,70.87,1.4,10.26,34.07
Bengaluru,2017-02-18,96.0,Satisfactory,47.56,99.64,80.24,1.08,9.22,34.07
Bengaluru,2017-02-19,92.0,Satisfactory,41.4,108.35,102.78,1.13,8.57,34.07
Bengaluru,2017-02-20,90.0,Satisfactory,53.85,115.91,95.12,1.14,10.75,34.07
Bengaluru,2017-02-21,104.0,Moderate,52.93,122.79,75.14,0.86,9.32,34.07
Bengaluru,2017-02-22,106.0,Moderate,42.13,116.85,51.89,1.11,17.04,66.01
Bengaluru,2017-02-23,99.0,Satisfactory,44.09,107.48,49.76,0.38,9.22,45.32
Bengaluru,2017-02-24,83.0,Satisfactory,42.73,92.91,47.21,0.4,9.04,21.94
Bengaluru,2017-02-25,75.0,Satisfactory,40.96,86.08,35.46,0.34,7.42,19.64
Bengaluru,2017-02-26,73.0,Satisfactory,35.66,90.69,32.39,0.39,7.69,34.75
Bengaluru,2017-02-27,70.0,Satisfactory,37.55,85.57,38.99,0.46,7.0,25.64
Bengaluru,2017-02-28,71.0,Satisfactory,31.19,87.32,43.09,0.46,6.84,27.08
Bengaluru,2017-03-01,71.0,Satisfactory,39.98,98.33,72.79,0.36,6.83,32.88
Bengaluru,2017-03-02,75.0,Satisfactory,36.36,85.55,51.16,0.38,6.54,22.95
Bengaluru,2017-03-03,104.0,Moderate,29.87,89.98,40.71,1.01,6.43,22.65
Bengaluru,2017-03-04,57.0,Satisfactory,28.41,75.22,41.35,0.53,8.16,13.85
Bengaluru,2017-03-05,59.0,Satisfactory,23.15,78.15,25.6,0.39,7.12,20.8
Bengaluru,2017-03-06,54.0,Satisfactory,26.67,74.17,29.12,0.35,6.61,19.79
Bengaluru,2017-03-07,59.0,Satisfactory,27.87,81.97,38.6,0.35,5.4,25.64
Bengaluru,2017-03-08,102.0,Moderate,31.78,84.76,41.89,0.79,8.94,29.59
Bengaluru,2017-03-09,72.0,Satisfactory,32.53,98.45,38.79,0.35,6.8,16.07
Bengaluru,2017-03-10,66.0,Satisfactory,29.4,71.8,22.5,0.21,5.47,29.37
Bengaluru,2017-03-11,56.0,Satisfactory,28.94,76.71,25.81,0.22,5.57,26.56
Bengaluru,2017-03-12,66.0,Satisfactory,27.07,65.19,28.21,0.13,5.54,30.11
Bengaluru,2017-03-13,55.0,Satisfactory,42.64,98.52,26.88,0.26,6.36,19.9
Bengaluru,2017-03-14,69.0,Satisfactory,21.93,70.51,25.17,0.46,3.91,11.13
Bengaluru,2017-03-15,44.0,Good,17.99,66.24,23.84,0.28,4.61,8.93
Bengaluru,2017-03-16,54.0,Satisfactory,27.59,63.81,23.73,0.21,4.77,28.92
Bengaluru,2017-03-17,98.0,Satisfactory,39.28,107.17,30.51,0.16,4.14,47.72
Bengaluru,2017-03-18,99.0,Satisfactory,32.33,87.57,30.75,0.78,7.59,66.57
Bengaluru,2017-03-19,95.0,Satisfactory,32.31,81.68,21.08,0.2,5.33,57.26
Bengaluru,2017-03-20,87.0,Satisfactory,38.73,105.25,29.11,0.3,4.51,60.19
Bengaluru,2017-03-21,83.0,Satisfactory,36.42,95.55,30.76,0.48,5.53,42.51
Bengaluru,2017-03-22,74.0,Satisfactory,43.96,105.81,32.28,0.55,6.87,36.22
Bengaluru,2017-03-23,89.0,Satisfactory,44.26,102.04,41.3,0.68,8.28,42.18
Bengaluru,2017-03-24,140.0,Moderate,67.75,107.42,39.52,0.48,7.14,43.89
Bengaluru,2017-03-25,104.0,Moderate,47.51,114.14,40.07,0.56,9.41,52.37
Bengaluru,2017-03-26,99.0,Satisfactory,53.63,116.45,35.29,0.3,12.82,68.34
Bengaluru,2017-03-27,90.0,Satisfactory,40.42,114.11,27.16,0.13,3.65,45.77
Bengaluru,2017-03-28,82.0,Satisfactory,55.94,105.81,30.4,0.25,4.77,40.7
Bengaluru,2017-03-29,112.0,Moderate,41.83,89.06,23.82,0.32,3.28,52.94
Bengaluru,2017-03-30,90.0,Satisfactory,46.83,69.68,27.69,0.14,2.48,47.33
Bengaluru,2017-03-31,112.0,Moderate,55.9,94.22,37.77,0.26,2.53,53.42
Bengaluru,2017-04-01,124.0,Moderate,51.65,108.37,37.78,0.51,2.79,61.72
Bengaluru,2017-04-02,113.0,Moderate,32.61,104.58,30.53,0.48,2.59,66.27
Bengaluru,2017-04-03,117.0,Moderate,39.37,106.07,41.21,0.68,2.79,68.42
Bengaluru,2017-04-04,120.0,Moderate,36.85,99.33,25.76,0.54,2.3,72.54
Bengaluru,2017-04-05,94.0,Satisfactory,29.5,78.34,20.83,0.44,2.0,69.06
Bengaluru,2017-04-06,110.0,Moderate,29.52,92.48,19.83,0.33,2.28,66.84
Bengaluru,2017-04-07,94.0,Satisfactory,31.08,79.87,24.61,0.46,2.65,68.4
Bengaluru,2017-04-08,82.0,Satisfactory,36.66,103.5,34.42,0.68,2.8,45.04
Bengaluru,2017-04-09,75.0,Satisfactory,29.29,89.11,28.32,0.48,2.54,37.96
Bengaluru,2017-04-10,99.0,Satisfactory,43.0,90.64,34.64,0.74,3.03,60.0
Bengaluru,2017-04-11,99.0,Satisfactory,31.18,92.2,34.13,0.44,2.39,60.0
Bengaluru,2017-04-12,78.0,Satisfactory,50.84,84.95,27.24,0.61,9.91,17.79
Bengaluru,2017-04-13,108.0,Moderate,50.54,105.34,37.62,0.56,4.26,75.93
Bengaluru,2017-04-14,107.0,Moderate,51.33,104.38,39.64,0.55,5.03,63.27
Bengaluru,2017-04-15,106.0,Moderate,35.01,101.83,45.01,0.69,6.77,60.39
Bengaluru,2017-04-16,105.0,Moderate,29.02,102.67,32.75,0.44,8.21,66.23
Bengaluru,2017-04-17,86.0,Satisfactory,34.86,79.44,27.93,0.44,5.81,83.69
Bengaluru,2017-04-18,77.0,Satisfactory,38.46,66.4,24.41,0.44,5.07,91.3
Bengaluru,2017-04-19,92.0,Satisfactory,38.13,84.63,25.49,0.52,4.74,81.46
Bengaluru,2017-04-20,81.0,Satisfactory,29.75,56.29,24.78,0.43,4.71,47.22
Bengaluru,2017-04-21,75.0,Satisfactory,21.53,80.41,24.41,0.47,4.71,54.16
Bengaluru,2017-04-22,64.0,Satisfactory,25.46,62.1,22.79,0.45,4.83,24.41
Bengaluru,2017-04-23,50.0,Good,28.49,74.8,23.6,0.08,3.68,7.03
Bengaluru,2017-04-24,59.0,Satisfactory,34.85,105.95,32.57,0.0,3.49,21.33
Bengaluru,2017-04-25,66.0,Satisfactory,29.88,108.62,31.4,0.19,3.52,27.0
Bengaluru,2017-04-26,92.0,Satisfactory,33.95,110.88,42.65,0.7,3.86,48.16
Bengaluru,2017-04-27,87.0,Satisfactory,40.01,100.72,38.94,0.67,5.61,27.84
Bengaluru,2017-04-28,96.0,Satisfactory,62.07,84.02,32.77,0.49,4.4,61.69
Bengaluru,2017-04-29,139.0,Moderate,38.44,76.53,39.84,0.44,5.15,43.66
Bengaluru,2017-04-30,65.0,Satisfactory,13.3,111.3,45.34,0.46,5.04,22.75
Bengaluru,2017-05-01,77.0,Satisfactory,20.32,80.58,31.84,0.39,4.82,39.36
Bengaluru,2017-05-02,60.0,Satisfactory,24.2,78.44,41.08,0.35,4.88,24.89
Bengaluru,2017-05-03,84.0,Satisfactory,66.24,87.15,35.96,0.48,6.26,34.07
Bengaluru,2017-05-04,94.0,Satisfactory,42.2,90.14,43.35,0.47,5.54,17.45
Bengaluru,2017-05-05,80.0,Satisfactory,28.27,85.96,42.47,0.62,5.76,6.19
Bengaluru,2017-05-06,89.0,Satisfactory,40.02,92.31,37.46,0.49,5.88,34.07
Bengaluru,2017-05-07,98.0,Satisfactory,30.26,76.29,29.37,0.4,5.31,29.52
Bengaluru,2017-05-08,82.0,Satisfactory,27.66,57.56,31.17,0.43,4.16,52.55
Bengaluru,2017-05-09,69.0,Satisfactory,32.01,57.82,31.86,0.23,3.67,33.71
Bengaluru,2017-05-10,41.0,Good,23.19,74.07,32.79,0.18,2.54,25.26
Bengaluru,2017-05-11,53.0,Satisfactory,28.52,35.51,39.12,0.42,8.55,36.74
Bengaluru,2017-05-12,68.0,Satisfactory,50.58,62.09,23.23,0.52,15.38,10.9
Bengaluru,2017-05-13,156.0,Moderate,120.56,73.92,26.63,0.49,8.45,18.96
Bengaluru,2017-05-14,101.0,Moderate,25.22,73.47,30.63,0.54,3.65,16.82
Bengaluru,2017-05-15,52.0,Satisfactory,14.94,50.05,26.57,0.52,3.52,38.46
Bengaluru,2017-05-16,56.0,Satisfactory,19.1,65.84,29.5,0.36,3.83,34.53
Bengaluru,2017-05-17,67.0,Satisfactory,22.93,65.3,26.74,0.38,3.73,45.09
Bengaluru,2017-05-18,70.0,Satisfactory,36.58,59.73,27.92,0.66,3.32,13.13
Bengaluru,2017-05-19,64.0,Satisfactory,20.87,45.38,32.01,0.56,3.49,21.6
Bengaluru,2017-05-20,50.0,Good,17.43,68.76,37.75,0.37,3.49,21.87
Bengaluru,2017-05-21,59.0,Satisfactory,12.53,50.36,34.15,0.37,3.51,23.31
Bengaluru,2017-05-22,44.0,Good,16.58,69.24,33.06,0.33,2.99,13.76
Bengaluru,2017-05-23,58.0,Satisfactory,25.83,63.33,37.11,0.41,3.57,20.05
Bengaluru,2017-05-24,62.0,Satisfactory,19.58,58.26,30.27,0.33,3.77,26.67
Bengaluru,2017-05-25,57.0,Satisfactory,21.39,59.53,29.53,0.38,3.75,16.72
Bengaluru,2017-05-26,66.0,Satisfactory,24.85,69.0,26.78,0.41,3.65,11.46
Bengaluru,2017-05-27,47.0,Good,18.21,44.46,29.32,0.42,3.6,18.34
Bengaluru,2017-05-28,41.0,Good,19.75,52.33,25.4,0.28,3.66,12.12
Bengaluru,2017-05-29,43.0,Good,21.08,60.65,26.89,0.34,3.32,9.02
Bengaluru,2017-05-30,46.0,Good,23.2,56.28,25.22,0.26,3.33,9.85
Bengaluru,2017-05-31,42.0,Good,22.87,77.5,27.67,0.17,3.09,9.92
Bengaluru,2017-06-01,54.0,Satisfactory,22.79,59.56,31.62,0.68,4.57,10.13
Bengaluru,2017-06-02,52.0,Satisfactory,20.19,60.05,32.25,0.35,3.89,8.69
Bengaluru,2017-06-03,42.0,Good,20.98,56.9,33.91,0.3,3.08,8.19
Bengaluru,2017-06-04,28.0,Good,13.39,105.95,24.89,1.0,1.33,7.55
Bengaluru,2017-06-05,29.0,Good,21.81,82.88,31.17,0.98,4.21,8.38
Bengaluru,2017-06-06,54.0,Satisfactory,22.93,49.92,30.17,0.85,3.86,7.92
Bengaluru,2017-06-07,47.0,Good,22.94,32.85,27.88,0.53,4.37,10.29
Bengaluru,2017-06-08,51.0,Satisfactory,20.75,75.64,25.47,0.59,4.56,14.64
Bengaluru,2017-06-09,55.0,Satisfactory,23.65,82.24,27.84,0.65,4.59,19.12
Bengaluru,2017-06-10,54.0,Satisfactory,19.78,91.96,31.35,0.61,4.87,19.88
Bengaluru,2017-06-11,51.0,Satisfactory,16.51,77.75,30.97,0.54,4.72,19.08
Bengaluru,2017-06-12,45.0,Good,19.12,65.59,28.24,0.58,4.79,19.47
Bengaluru,2017-06-13,44.0,Good,21.6,100.65,28.56,0.8,4.33,19.68
Bengaluru,2017-06-14,59.0,Satisfactory,19.77,95.84,29.47,0.63,4.24,21.06
Bengaluru,2017-06-15,76.0,Satisfactory,24.56,112.8,31.52,0.87,4.74,20.85
Bengaluru,2017-06-16,65.0,Satisfactory,24.66,89.59,31.25,0.62,5.71,18.43
Bengaluru,2017-06-17,60.0,Satisfactory,24.18,87.23,30.54,0.56,4.36,20.06
Bengaluru,2017-06-18,57.0,Satisfactory,17.82,92.85,26.38,0.63,5.21,9.1
Bengaluru,2017-06-19,50.0,Good,16.61,85.76,25.73,0.58,4.74,10.17
Bengaluru,2017-06-20,53.0,Satisfactory,24.03,90.54,25.75,0.61,6.85,7.75
Bengaluru,2017-06-21,70.0,Satisfactory,19.58,110.37,30.5,0.6,7.44,13.04
Bengaluru,2017-06-22,60.0,Satisfactory,21.05,71.41,26.66,0.62,5.8,8.43
Bengaluru,2017-06-23,54.0,Satisfactory,24.53,38.64,30.26,0.58,7.02,13.82
Bengaluru,2017-06-24,60.0,Satisfactory,25.35,123.16,45.04,0.55,6.42,10.04
Bengaluru,2017-06-25,71.0,Satisfactory,25.16,89.68,39.31,0.56,5.68,7.84
Bengaluru,2017-06-26,138.0,Moderate,31.13,96.37,37.52,1.16,7.96,8.44
Bengaluru,2017-06-27,78.0,Satisfactory,37.61,111.77,38.89,0.83,6.63,8.39
Bengaluru,2017-06-28,82.0,Satisfactory,37.34,97.49,34.73,0.6,6.63,8.99
Bengaluru,2017-06-29,76.0,Satisfactory,36.44,78.38,31.89,0.42,6.62,9.92
Bengaluru,2017-06-30,76.0,Satisfactory,35.4,107.39,33.89,0.69,6.63,10.32
Bengaluru,2017-07-01,92.0,Satisfactory,25.33,129.55,39.99,0.67,7.11,11.34
Bengaluru,2017-07-02,160.0,Moderate,30.07,110.45,68.84,1.64,6.55,10.47
Bengaluru,2017-07-03,92.0,Satisfactory,25.82,93.48,68.34,0.69,6.23,10.21
Bengaluru,2017-07-04,85.0,Satisfactory,51.67,82.18,32.27,0.59,5.81,9.67
Bengaluru,2017-07-05,93.0,Satisfactory,51.67,87.64,30.38,0.62,4.7,8.98
Bengaluru,2017-07-06,87.0,Satisfactory,51.67,79.21,27.42,0.52,3.82,9.26
Bengaluru,2017-07-07,123.0,,51.67,126.74,27.96,0.56,3.86,12.39
Bengaluru,2017-07-08,108.0,Moderate,313.59,120.31,32.94,0.69,4.97,9.39
Bengaluru,2017-07-09,112.0,Moderate,35.29,109.11,31.08,0.6,5.16,9.34
Bengaluru,2017-07-10,102.0,Moderate,33.44,102.45,29.55,0.63,5.33,10.61
Bengaluru,2017-07-11,78.0,Satisfactory,29.38,88.16,29.5,0.64,4.09,12.44
Bengaluru,2017-07-12,67.0,Satisfactory,27.64,76.48,26.82,0.68,5.16,18.42
Bengaluru,2017-07-13,74.0,Satisfactory,28.97,95.74,30.58,1.53,4.45,24.82
Bengaluru,2017-07-14,72.0,Satisfactory,22.68,96.47,30.3,0.67,5.41,47.62
Bengaluru,2017-07-15,82.0,Satisfactory,22.43,112.32,32.43,0.6,7.9,47.14
Bengaluru,2017-07-16,61.0,Satisfactory,17.2,98.67,31.1,0.52,6.3,23.82
Bengaluru,2017-07-17,68.0,Satisfactory,21.05,110.36,30.06,0.58,4.72,44.94
Bengaluru,2017-07-18,68.0,Satisfactory,18.45,82.75,29.79,0.62,4.58,27.09
Bengaluru,2017-07-19,60.0,Satisfactory,16.44,66.58,31.75,0.68,4.71,30.16
Bengaluru,2017-07-20,61.0,Satisfactory,31.68,87.62,31.34,0.65,5.1,54.5
Bengaluru,2017-07-21,111.0,Moderate,21.53,104.24,31.7,1.12,5.3,41.97
Bengaluru,2017-07-22,132.0,Moderate,20.15,120.48,33.19,1.35,4.29,53.85
Bengaluru,2017-07-23,107.0,Moderate,17.34,117.82,32.36,1.08,5.61,24.37
Bengaluru,2017-07-24,109.0,Moderate,24.23,111.03,31.45,1.08,5.68,42.69
Bengaluru,2017-07-25,164.0,Moderate,28.54,99.2,30.72,1.4,5.2,50.04
Bengaluru,2017-07-26,85.0,Satisfactory,23.68,105.63,30.53,0.59,4.73,51.12
Bengaluru,2017-07-27,83.0,Satisfactory,24.49,95.5,31.02,0.59,5.17,55.9
Bengaluru,2017-07-28,122.0,Moderate,21.77,77.97,28.74,1.17,4.57,51.05
Bengaluru,2017-07-29,119.0,Moderate,27.91,88.52,29.8,1.07,4.72,56.82
Bengaluru,2017-07-30,94.0,Satisfactory,22.36,91.72,29.57,1.07,4.67,23.6
Bengaluru,2017-07-31,89.0,Satisfactory,27.27,90.24,28.65,0.48,5.23,45.36
Bengaluru,2017-08-01,136.0,Moderate,26.57,91.01,26.22,1.5,5.34,54.93
Bengaluru,2017-08-02,130.0,Moderate,20.74,91.07,26.36,1.77,5.6,41.25
Bengaluru,2017-08-03,160.0,Moderate,17.67,74.63,25.46,2.95,5.31,39.16
Bengaluru,2017-08-04,55.0,Satisfactory,13.74,62.14,25.64,0.63,5.89,25.85
Bengaluru,2017-08-05,106.0,Moderate,17.69,78.23,27.5,1.27,5.13,30.04
Bengaluru,2017-08-06,127.0,Moderate,15.21,81.72,27.33,2.44,5.32,6.06
Bengaluru,2017-08-07,176.0,Moderate,22.82,88.33,27.76,2.91,5.27,54.59
Bengaluru,2017-08-08,143.0,Moderate,21.07,99.54,27.75,2.01,5.79,48.17
Bengaluru,2017-08-09,74.0,Satisfactory,22.31,92.2,29.38,0.95,5.12,33.6
Bengaluru,2017-08-10,50.0,Good,14.14,77.12,27.85,0.61,4.46,9.71
Bengaluru,2017-08-11,56.0,Satisfactory,10.11,71.85,32.5,0.68,4.06,16.65
Bengaluru,2017-08-12,50.0,Good,3.91,61.7,32.46,0.86,5.24,18.87
Bengaluru,2017-08-13,67.0,Satisfactory,4.69,116.59,32.78,1.14,4.6,23.74
Bengaluru,2017-08-14,82.0,Satisfactory,19.41,115.3,32.52,0.96,4.92,26.54
Bengaluru,2017-08-15,70.0,Satisfactory,20.88,68.12,29.7,0.64,5.4,7.35
Bengaluru,2017-08-16,65.0,Satisfactory,17.91,60.6,24.95,1.01,5.43,20.51
Bengaluru,2017-08-17,70.0,Satisfactory,18.42,78.23,29.56,1.25,4.51,21.86
Bengaluru,2017-08-18,64.0,Satisfactory,14.92,57.1,30.9,0.61,4.3,21.39
Bengaluru,2017-08-19,57.0,Satisfactory,18.66,53.12,27.62,0.68,4.7,20.13
Bengaluru,2017-08-20,63.0,Satisfactory,10.89,61.8,29.64,1.02,4.93,11.17
Bengaluru,2017-08-21,48.0,Good,14.53,88.86,28.09,0.95,4.92,16.04
Bengaluru,2017-08-22,63.0,Satisfactory,18.87,89.66,26.93,0.89,5.08,20.89
Bengaluru,2017-08-23,62.0,Satisfactory,18.18,75.76,26.59,0.85,4.21,27.15
Bengaluru,2017-08-24,68.0,Satisfactory,59.05,66.25,27.01,0.71,4.66,21.84
Bengaluru,2017-08-25,172.0,Moderate,97.97,49.59,25.15,0.57,4.71,19.86
Bengaluru,2017-08-26,91.0,Satisfactory,14.19,72.62,26.25,0.97,4.61,19.83
Bengaluru,2017-08-27,39.0,Good,11.71,48.41,26.08,0.67,4.85,7.65
Bengaluru,2017-08-28,47.0,Good,17.58,89.92,28.01,0.86,5.52,13.12
Bengaluru,2017-08-29,57.0,Satisfactory,16.33,100.74,28.51,1.01,4.79,14.98
Bengaluru,2017-08-30,56.0,Satisfactory,20.42,90.87,26.31,0.85,4.85,16.33
Bengaluru,2017-08-31,69.0,Satisfactory,24.96,111.68,26.74,0.77,5.48,24.66
Bengaluru,2017-09-01,200.0,Moderate,158.67,86.06,26.66,1.25,4.92,13.48
Bengaluru,2017-09-02,135.0,Moderate,114.92,87.12,31.99,0.82,4.8,15.86
Bengaluru,2017-09-03,107.0,Moderate,14.2,59.94,30.59,0.68,4.77,29.74
Bengaluru,2017-09-04,74.0,Satisfactory,39.74,85.24,30.16,0.77,4.65,23.83
Bengaluru,2017-09-05,79.0,Satisfactory,14.2,98.1,28.6,1.34,5.28,23.99
Bengaluru,2017-09-06,101.0,Moderate,21.2,49.13,28.55,0.63,5.28,27.63
Bengaluru,2017-09-07,60.0,Satisfactory,9.57,100.44,30.93,0.7,5.62,12.5
Bengaluru,2017-09-08,75.0,Satisfactory,32.86,72.73,30.75,0.91,4.7,34.54
Bengaluru,2017-09-09,114.0,Moderate,22.63,83.19,36.31,0.69,4.83,15.06
Bengaluru,2017-09-10,57.0,Satisfactory,14.52,93.49,39.24,0.68,5.96,9.66
Bengaluru,2017-09-11,68.0,Satisfactory,15.27,115.56,42.37,0.73,6.18,9.5
Bengaluru,2017-09-12,68.0,Satisfactory,17.48,104.51,39.09,0.73,5.45,11.3
Bengaluru,2017-09-13,59.0,Satisfactory,16.5,108.42,34.8,0.67,4.68,12.87
Bengaluru,2017-09-14,63.0,Satisfactory,14.05,90.68,29.42,0.94,4.4,28.38
Bengaluru,2017-09-15,52.0,Satisfactory,8.58,71.81,31.38,0.58,4.68,18.53
Bengaluru,2017-09-16,49.0,Good,8.49,92.8,31.42,0.37,5.42,14.39
Bengaluru,2017-09-17,40.0,Good,7.02,52.78,31.84,0.42,5.52,5.9
Bengaluru,2017-09-18,43.0,Good,8.57,66.31,28.46,0.42,5.12,6.18
Bengaluru,2017-09-19,44.0,Good,7.68,87.05,29.35,0.42,5.56,19.64
Bengaluru,2017-09-20,52.0,Satisfactory,10.21,81.53,28.47,0.47,5.14,25.61
Bengaluru,2017-09-21,51.0,Satisfactory,12.64,80.51,28.19,0.38,5.16,24.16
Bengaluru,2017-09-22,51.0,Satisfactory,17.93,80.49,27.46,0.35,4.89,28.96
Bengaluru,2017-09-23,76.0,Satisfactory,21.62,91.14,30.95,0.4,5.3,41.31
Bengaluru,2017-09-24,76.0,Satisfactory,23.7,112.5,35.09,0.49,6.04,29.38
Bengaluru,2017-09-25,57.0,Satisfactory,19.26,53.18,29.23,0.4,5.49,24.14
Bengaluru,2017-09-26,65.0,Satisfactory,22.47,76.88,29.13,0.48,4.76,27.37
Bengaluru,2017-09-27,83.0,Satisfactory,28.3,50.86,38.34,0.57,6.16,7.85
Bengaluru,2017-09-28,56.0,Satisfactory,21.59,90.26,24.81,0.32,4.63,21.6
Bengaluru,2017-09-29,58.0,Satisfactory,22.36,71.25,29.64,0.5,5.13,8.95
Bengaluru,2017-09-30,61.0,Satisfactory,30.65,68.52,26.24,0.45,5.74,29.89
Bengaluru,2017-10-01,66.0,Satisfactory,20.01,57.46,27.01,0.38,4.53,21.92
Bengaluru,2017-10-02,69.0,Satisfactory,20.5,46.54,25.68,0.52,5.64,34.02
Bengaluru,2017-10-03,62.0,Satisfactory,22.85,63.75,25.43,0.49,4.49,29.93
Bengaluru,2017-10-04,125.0,Moderate,121.63,67.04,24.72,0.57,5.36,30.31
Bengaluru,2017-10-05,126.0,Moderate,21.36,42.33,32.24,0.66,5.07,10.53
Bengaluru,2017-10-06,80.0,Satisfactory,24.73,55.39,28.49,0.6,5.66,28.31
Bengaluru,2017-10-07,70.0,Satisfactory,29.16,70.61,26.77,0.58,4.55,21.99
Bengaluru,2017-10-08,104.0,Moderate,78.14,65.04,22.5,0.58,4.22,35.86
Bengaluru,2017-10-09,83.0,Satisfactory,26.08,71.87,25.0,1.35,5.2,20.43
Bengaluru,2017-10-10,130.0,Moderate,32.21,73.85,29.03,2.02,3.93,45.08
Bengaluru,2017-10-11,79.0,Satisfactory,22.5,62.71,31.64,0.64,4.38,34.99
Bengaluru,2017-10-12,71.0,Satisfactory,27.29,54.56,30.86,0.57,4.2,22.7
Bengaluru,2017-10-13,61.0,Satisfactory,24.83,52.24,30.63,0.5,4.49,14.59
Bengaluru,2017-10-14,67.0,Satisfactory,32.61,44.65,28.07,0.48,4.64,9.9
Bengaluru,2017-10-15,73.0,Satisfactory,40.34,50.86,34.04,0.46,4.22,13.39
Bengaluru,2017-10-16,58.0,Satisfactory,21.63,76.61,29.07,0.43,4.05,15.03
Bengaluru,2017-10-17,64.0,Satisfactory,27.86,118.88,35.25,0.55,4.37,17.23
Bengaluru,2017-10-18,98.0,Satisfactory,39.39,188.67,41.73,0.62,4.81,27.54
Bengaluru,2017-10-19,98.0,Satisfactory,44.66,147.94,32.42,0.57,4.39,34.64
Bengaluru,2017-10-20,177.0,Moderate,79.76,264.9,40.38,0.58,5.88,38.72
Bengaluru,2017-10-21,129.0,Moderate,39.67,157.62,32.18,0.87,5.69,34.89
Bengaluru,2017-10-22,79.0,Satisfactory,22.44,118.74,31.05,0.79,5.32,28.1
Bengaluru,2017-10-23,80.0,Satisfactory,26.85,123.41,33.32,1.08,5.39,33.95
Bengaluru,2017-10-24,94.0,Satisfactory,42.56,176.27,44.63,1.26,5.62,27.3
Bengaluru,2017-10-25,96.0,Satisfactory,35.29,134.15,43.04,1.59,4.42,20.57
Bengaluru,2017-10-26,75.0,Satisfactory,25.49,88.04,39.14,1.22,4.26,12.69
Bengaluru,2017-10-27,66.0,Satisfactory,26.03,87.11,36.53,1.03,4.26,19.69
Bengaluru,2017-10-28,80.0,Satisfactory,37.38,91.81,39.18,1.55,4.97,32.07
Bengaluru,2017-10-29,98.0,Satisfactory,47.47,100.35,39.01,1.08,4.3,36.67
Bengaluru,2017-10-30,102.0,Moderate,45.49,82.59,32.5,0.77,3.71,32.74
Bengaluru,2017-10-31,120.0,Moderate,122.41,68.08,33.67,0.84,3.6,47.84
Bengaluru,2017-11-01,141.0,Moderate,39.88,56.91,24.85,0.48,2.66,43.92
Bengaluru,2017-11-02,120.0,Moderate,66.54,57.13,26.81,0.44,4.15,44.38
Bengaluru,2017-11-03,159.0,Moderate,58.73,73.54,29.41,0.56,5.08,52.18
Bengaluru,2017-11-04,125.0,Moderate,41.02,64.65,34.07,0.76,3.3,43.23
Bengaluru,2017-11-05,59.0,Satisfactory,26.7,29.28,29.05,0.69,3.33,17.19
Bengaluru,2017-11-06,49.0,Good,22.05,27.3,29.82,0.75,3.15,6.75
Bengaluru,2017-11-07,68.0,Satisfactory,27.98,42.42,33.64,0.82,3.51,7.02
Bengaluru,2017-11-08,54.0,Satisfactory,26.89,40.08,33.43,0.86,2.98,13.74
Bengaluru,2017-11-09,70.0,Satisfactory,25.94,66.25,37.65,0.97,3.26,30.46
Bengaluru,2017-11-10,75.0,Satisfactory,31.21,51.65,30.19,0.9,2.76,24.08
Bengaluru,2017-11-11,77.0,Satisfactory,32.87,77.14,36.09,0.99,3.99,30.86
Bengaluru,2017-11-12,69.0,Satisfactory,26.99,72.0,36.27,0.86,3.85,14.76
Bengaluru,2017-11-13,65.0,Satisfactory,30.4,57.77,32.51,0.74,3.68,43.16
Bengaluru,2017-11-14,68.0,Satisfactory,26.94,65.86,30.57,0.91,4.15,37.68
Bengaluru,2017-11-15,66.0,Satisfactory,30.7,66.28,27.55,0.93,3.88,39.31
Bengaluru,2017-11-16,76.0,Satisfactory,37.93,78.07,34.47,0.95,4.34,34.31
Bengaluru,2017-11-17,81.0,Satisfactory,35.72,71.36,30.34,0.89,3.97,37.48
Bengaluru,2017-11-18,64.0,Satisfactory,34.96,63.17,36.57,0.71,3.59,19.28
Bengaluru,2017-11-19,68.0,Satisfactory,30.66,59.05,39.44,0.92,3.76,15.11
Bengaluru,2017-11-20,62.0,Satisfactory,32.21,58.7,36.61,0.91,3.59,17.27
Bengaluru,2017-11-21,60.0,Satisfactory,25.79,41.37,34.1,0.89,3.83,3.14
Bengaluru,2017-11-22,65.0,Satisfactory,44.84,46.73,37.02,0.85,3.36,15.6
Bengaluru,2017-11-23,87.0,Satisfactory,38.07,63.39,42.75,0.98,4.05,28.57
Bengaluru,2017-11-24,82.0,Satisfactory,17.64,80.23,46.1,0.95,3.89,29.13
Bengaluru,2017-11-25,72.0,Satisfactory,17.81,81.86,50.65,0.94,3.81,38.5
Bengaluru,2017-11-26,69.0,Satisfactory,15.67,69.67,48.12,0.9,3.75,35.73
Bengaluru,2017-11-27,58.0,Satisfactory,10.7,57.05,47.51,0.92,3.82,24.36
Bengaluru,2017-11-28,58.0,Satisfactory,11.46,65.13,50.06,0.93,3.95,22.54
Bengaluru,2017-11-29,82.0,Satisfactory,197.41,64.65,39.39,0.77,3.99,23.71
Bengaluru,2017-11-30,68.0,Satisfactory,74.5,36.84,32.3,0.97,4.12,19.73
Bengaluru,2017-12-01,53.0,Satisfactory,1.76,19.23,31.43,0.65,3.23,4.11
Bengaluru,2017-12-02,26.0,Good,1.72,53.35,35.74,0.62,2.98,4.61
Bengaluru,2017-12-03,54.0,Satisfactory,32.42,69.73,42.05,0.86,2.16,8.9
Bengaluru,2017-12-04,68.0,Satisfactory,18.72,71.86,42.47,0.86,2.58,24.47
Bengaluru,2017-12-05,63.0,Satisfactory,11.27,63.98,40.08,0.7,3.02,12.45
Bengaluru,2017-12-06,83.0,Satisfactory,93.7,92.18,44.52,0.89,4.86,34.07
Bengaluru,2017-12-07,96.0,Satisfactory,70.22,77.97,47.64,1.27,4.42,34.07
Bengaluru,2017-12-08,120.0,Moderate,103.18,93.55,66.21,1.05,4.75,34.07
Bengaluru,2017-12-09,148.0,Moderate,90.59,108.41,62.95,1.1,4.86,34.07
Bengaluru,2017-12-10,133.0,Moderate,81.28,117.05,57.89,1.06,4.96,34.07
Bengaluru,2017-12-11,143.0,Moderate,63.5,85.74,38.93,0.78,4.41,34.07
Bengaluru,2017-12-12,86.0,Satisfactory,51.67,85.6,33.87,0.57,3.84,34.07
Bengaluru,2017-12-13,75.0,Satisfactory,51.67,93.92,39.02,0.79,3.72,34.07
Bengaluru,2017-12-14,86.0,Satisfactory,161.35,73.5,43.69,0.94,3.71,34.07
Bengaluru,2017-12-15,122.0,Moderate,85.57,55.14,81.78,0.96,2.87,34.07
Bengaluru,2017-12-16,119.0,Moderate,75.91,63.26,42.57,0.8,3.2,34.07
Bengaluru,2017-12-17,100.0,Satisfactory,79.75,69.56,48.64,0.89,3.56,34.07
Bengaluru,2017-12-18,108.0,Moderate,84.85,81.51,63.33,0.89,3.66,34.07
Bengaluru,2017-12-19,112.0,Moderate,76.92,72.71,50.27,0.97,3.71,34.07
Bengaluru,2017-12-20,110.0,Moderate,107.9,70.28,80.93,1.0,6.38,34.07
Bengaluru,2017-12-21,131.0,Moderate,84.55,62.23,115.11,0.95,5.76,34.07
Bengaluru,2017-12-22,93.0,Satisfactory,71.71,58.04,142.35,0.95,3.32,34.07
Bengaluru,2017-12-23,91.0,Satisfactory,56.14,60.26,61.7,0.9,3.55,34.07
Bengaluru,2017-12-24,70.0,Satisfactory,48.78,38.57,31.49,0.69,2.29,34.07
Bengaluru,2017-12-25,91.0,Satisfactory,159.52,45.31,29.62,0.71,2.78,34.07
Bengaluru,2017-12-26,174.0,Moderate,63.3,60.95,32.19,0.81,2.72,34.07
Bengaluru,2017-12-27,99.0,Satisfactory,73.7,87.05,44.73,0.91,3.4,34.07
Bengaluru,2017-12-28,109.0,Moderate,62.76,83.3,44.56,0.96,3.38,52.72
Bengaluru,2017-12-29,85.0,Satisfactory,32.57,74.48,48.73,1.13,3.6,17.18
Bengaluru,2017-12-30,77.0,Satisfactory,26.74,70.68,42.6,1.06,3.26,33.48
Bengaluru,2017-12-31,72.0,Satisfactory,18.29,59.11,41.94,1.02,2.95,32.36
Bengaluru,2018-01-01,73.0,Satisfactory,38.06,74.54,42.23,1.04,3.2,25.89
Bengaluru,2018-01-02,86.0,Satisfactory,35.12,78.63,41.7,1.0,3.37,24.78
Bengaluru,2018-01-03,84.0,Satisfactory,28.84,69.71,50.19,1.09,2.8,35.27
Bengaluru,2018-01-04,86.0,Satisfactory,24.57,80.05,46.14,0.96,3.32,46.62
Bengaluru,2018-01-05,95.0,Satisfactory,24.31,93.29,52.5,1.04,5.34,51.89
Bengaluru,2018-01-06,102.0,Moderate,30.02,94.22,51.77,0.98,4.28,59.57
Bengaluru,2018-01-07,104.0,Moderate,40.05,94.39,49.36,0.99,3.37,62.13
Bengaluru,2018-01-08,93.0,Satisfactory,34.88,77.23,46.38,0.93,4.26,76.84
Bengaluru,2018-01-09,84.0,Satisfactory,28.74,76.89,43.41,0.96,16.6,70.18
Bengaluru,2018-01-10,75.0,Satisfactory,31.37,71.0,29.81,0.89,3.16,54.29
Bengaluru,2018-01-11,76.0,Satisfactory,54.32,63.45,45.27,0.96,4.91,37.03
Bengaluru,2018-01-12,115.0,Moderate,37.55,76.54,36.51,1.35,5.74,48.6
Bengaluru,2018-01-13,101.0,Moderate,36.12,98.69,43.3,0.93,3.51,47.39
Bengaluru,2018-01-14,118.0,Moderate,34.43,110.99,44.87,1.29,3.2,53.1
Bengaluru,2018-01-15,98.0,Satisfactory,38.84,100.57,33.96,0.89,3.35,66.4
Bengaluru,2018-01-16,92.0,Satisfactory,41.35,99.23,41.68,0.92,3.47,59.88
Bengaluru,2018-01-17,98.0,Satisfactory,46.76,101.11,37.47,0.92,3.58,64.8
Bengaluru,2018-01-18,100.0,Satisfactory,37.73,103.52,39.62,1.01,3.66,65.34
Bengaluru,2018-01-19,104.0,Moderate,55.0,92.99,38.68,1.21,4.22,71.99
Bengaluru,2018-01-20,122.0,Moderate,33.34,114.17,38.67,1.16,4.32,80.04
Bengaluru,2018-01-21,103.0,Moderate,33.55,104.31,33.77,1.14,3.97,81.55
Bengaluru,2018-01-22,96.0,Satisfactory,39.03,119.95,34.14,1.14,4.24,77.88
Bengaluru,2018-01-23,102.0,Moderate,48.08,132.27,35.2,1.24,4.59,60.85
Bengaluru,2018-01-24,104.0,Moderate,45.88,125.43,44.92,1.19,4.59,43.36
Bengaluru,2018-01-25,101.0,Moderate,39.93,129.02,33.76,1.06,4.19,56.22
Bengaluru,2018-01-26,98.0,Satisfactory,39.28,117.17,32.42,0.94,4.24,63.78
Bengaluru,2018-01-27,104.0,Moderate,47.03,143.26,36.38,1.04,4.21,61.21
Bengaluru,2018-01-28,109.0,Moderate,39.38,124.79,30.66,0.89,4.28,62.46
Bengaluru,2018-01-29,94.0,Satisfactory,33.47,114.19,36.21,1.05,4.17,55.34
Bengaluru,2018-01-30,99.0,Satisfactory,53.56,115.21,32.79,0.99,3.89,56.31
Bengaluru,2018-01-31,109.0,Moderate,37.93,112.97,36.09,1.06,4.07,52.6
Bengaluru,2018-02-01,94.0,Satisfactory,33.99,106.5,49.14,1.08,5.01,41.2
Bengaluru,2018-02-02,118.0,Moderate,29.63,103.77,42.78,1.44,4.38,49.36
Bengaluru,2018-02-03,88.0,Satisfactory,28.81,104.97,33.25,1.04,6.48,46.48
Bengaluru,2018-02-04,87.0,Satisfactory,23.31,99.74,32.25,0.93,12.74,42.53
Bengaluru,2018-02-05,81.0,Satisfactory,29.23,94.58,32.53,0.95,3.37,40.8
Bengaluru,2018-02-06,85.0,Satisfactory,32.55,98.75,29.05,0.89,3.52,40.51
Bengaluru,2018-02-07,79.0,Satisfactory,30.93,95.75,30.04,0.94,3.22,25.11
Bengaluru,2018-02-08,80.0,Satisfactory,35.48,87.19,45.34,1.1,4.2,27.4
Bengaluru,2018-02-09,95.0,Satisfactory,37.87,96.52,43.01,1.01,4.36,30.91
Bengaluru,2018-02-10,83.0,Satisfactory,30.34,84.89,39.51,0.99,6.63,25.27
Bengaluru,2018-02-11,76.0,Satisfactory,28.29,96.63,23.84,0.88,3.42,38.11
Bengaluru,2018-02-12,74.0,Satisfactory,27.9,88.93,24.85,0.98,2.99,32.61
Bengaluru,2018-02-13,78.0,Satisfactory,30.53,55.15,17.2,1.01,1.84,44.28
Bengaluru,2018-02-14,71.0,Satisfactory,32.43,68.55,17.59,0.96,1.61,38.23
Bengaluru,2018-02-15,71.0,Satisfactory,30.19,59.31,18.7,0.96,1.47,35.76
Bengaluru,2018-02-16,70.0,Satisfactory,29.62,53.91,30.03,0.98,2.79,36.38
Bengaluru,2018-02-17,77.0,Satisfactory,32.11,70.68,37.85,1.03,8.54,43.4
Bengaluru,2018-02-18,83.0,Satisfactory,27.53,64.77,22.89,0.95,5.69,49.17
Bengaluru,2018-02-19,82.0,Satisfactory,28.6,62.32,26.23,1.05,4.22,51.46
Bengaluru,2018-02-20,81.0,Satisfactory,28.89,66.18,22.48,1.09,3.15,55.88
Bengaluru,2018-02-21,80.0,Satisfactory,34.62,79.69,32.97,0.98,3.36,52.95
Bengaluru,2018-02-22,82.0,Satisfactory,37.13,64.91,39.61,0.95,3.19,52.15
Bengaluru,2018-02-23,83.0,Satisfactory,34.6,71.15,31.9,0.94,2.94,52.09
Bengaluru,2018-02-24,81.0,Satisfactory,26.41,56.42,19.98,0.96,2.35,35.76
Bengaluru,2018-02-25,69.0,Satisfactory,21.87,33.81,14.46,0.92,2.34,37.55
Bengaluru,2018-02-26,68.0,Satisfactory,21.31,25.9,27.46,1.01,2.61,30.2
Bengaluru,2018-02-27,71.0,Satisfactory,23.35,30.13,26.31,0.94,3.87,32.51
Bengaluru,2018-02-28,81.0,Satisfactory,29.3,56.03,32.9,1.04,3.4,31.63
Bengaluru,2018-03-01,83.0,Satisfactory,29.48,99.47,27.41,0.95,3.09,36.47
Bengaluru,2018-03-02,87.0,Satisfactory,30.38,116.47,38.24,0.98,3.53,45.24
Bengaluru,2018-03-03,92.0,Satisfactory,38.39,121.49,36.26,1.0,3.14,43.82
Bengaluru,2018-03-04,84.0,Satisfactory,36.56,128.58,24.85,1.02,4.2,44.8
Bengaluru,2018-03-05,86.0,Satisfactory,30.79,94.71,34.44,1.02,3.71,36.83
Bengaluru,2018-03-06,87.0,Satisfactory,32.09,109.19,32.76,0.96,3.85,33.61
Bengaluru,2018-03-07,90.0,Satisfactory,33.88,114.17,25.14,0.98,3.83,46.63
Bengaluru,2018-03-08,99.0,Satisfactory,41.37,125.36,27.15,1.08,3.66,40.31
Bengaluru,2018-03-09,104.0,Moderate,59.48,133.95,47.26,1.09,4.07,40.87
Bengaluru,2018-03-10,109.0,Moderate,59.82,143.26,37.1,1.05,4.18,33.03
Bengaluru,2018-03-11,106.0,Moderate,45.19,123.62,22.32,1.03,3.7,45.61
Bengaluru,2018-03-12,92.0,Satisfactory,35.82,105.52,17.43,1.05,4.01,38.92
Bengaluru,2018-03-13,76.0,Satisfactory,20.49,63.71,14.01,1.14,4.08,20.48
Bengaluru,2018-03-14,75.0,Satisfactory,29.23,85.74,16.94,1.15,4.17,38.25
Bengaluru,2018-03-15,77.0,Satisfactory,26.46,54.8,22.08,1.15,3.95,26.5
Bengaluru,2018-03-16,71.0,Satisfactory,19.13,33.54,28.79,1.03,3.88,23.65
Bengaluru,2018-03-17,74.0,Satisfactory,23.01,33.85,27.98,1.02,4.27,26.48
Bengaluru,2018-03-18,53.0,Satisfactory,20.75,33.52,16.69,1.09,3.39,20.61
Bengaluru,2018-03-19,61.0,Satisfactory,31.94,57.31,24.94,0.97,3.33,50.57
Bengaluru,2018-03-20,97.0,Satisfactory,43.91,70.07,35.38,1.49,3.26,46.5
Bengaluru,2018-03-21,124.0,Moderate,42.72,98.38,31.97,1.55,3.02,53.46
Bengaluru,2018-03-22,135.0,Moderate,31.78,176.51,50.97,1.83,3.78,34.26
Bengaluru,2018-03-23,127.0,Moderate,40.18,136.77,62.66,1.23,3.89,32.05
Bengaluru,2018-03-24,100.0,Satisfactory,37.72,141.77,27.94,0.82,3.61,58.64
Bengaluru,2018-03-25,98.0,Satisfactory,38.84,113.42,27.43,1.05,3.59,54.78
Bengaluru,2018-03-26,100.0,Satisfactory,51.67,94.3,35.66,0.67,5.17,34.07
Bengaluru,2018-03-27,87.0,Satisfactory,19.85,72.36,34.2,0.78,6.99,73.5
Bengaluru,2018-03-28,123.0,,51.67,105.95,26.41,1.01,7.71,34.07
Bengaluru,2018-03-29,123.0,,51.67,129.91,45.77,1.2,1.5,34.07
Bengaluru,2018-03-30,118.0,Moderate,51.67,126.18,25.98,1.05,1.48,34.07
Bengaluru,2018-03-31,104.0,Moderate,51.67,95.37,24.6,1.05,2.58,34.07
Bengaluru,2018-04-01,102.0,Moderate,51.67,112.89,22.45,0.86,2.83,34.07
Bengaluru,2018-04-02,107.0,Moderate,51.67,96.92,26.81,1.0,3.0,34.07
Bengaluru,2018-04-03,98.0,Satisfactory,51.67,100.63,40.15,1.15,3.91,34.07
Bengaluru,2018-04-04,108.0,Moderate,51.67,106.41,35.38,0.89,3.42,34.07
Bengaluru,2018-04-05,107.0,Moderate,51.67,114.6,33.5,1.22,3.39,34.07
Bengaluru,2018-04-06,108.0,Moderate,51.67,108.71,37.46,1.03,3.64,34.07
Bengaluru,2018-04-07,106.0,Moderate,51.67,109.09,28.66,0.78,3.55,34.07
Bengaluru,2018-04-08,103.0,Moderate,51.67,94.63,24.25,0.66,3.4,34.07
Bengaluru,2018-04-09,93.0,Satisfactory,51.67,67.05,23.57,0.7,3.34,34.07
Bengaluru,2018-04-10,123.0,,51.67,64.9,29.63,0.88,3.47,34.07
Bengaluru,2018-04-11,123.0,,51.67,63.33,24.34,1.0,3.4,34.07
Bengaluru,2018-04-12,88.0,Satisfactory,51.67,64.13,26.2,0.9,3.24,34.07
Bengaluru,2018-04-13,65.0,Satisfactory,28.96,57.17,25.44,0.98,3.56,34.07
Bengaluru,2018-04-14,62.0,Satisfactory,51.67,60.06,22.0,0.96,3.8,34.07
Bengaluru,2018-04-15,65.0,Satisfactory,51.67,57.83,16.94,0.67,3.42,34.07
Bengaluru,2018-04-16,61.0,Satisfactory,30.43,55.0,19.09,0.69,3.01,34.07
Bengaluru,2018-04-17,70.0,Satisfactory,32.38,61.9,27.27,0.87,2.74,34.07
Bengaluru,2018-04-18,67.0,Satisfactory,36.4,69.46,30.93,0.96,2.73,34.07
Bengaluru,2018-04-19,81.0,Satisfactory,47.67,79.33,27.36,0.91,6.9,34.07
Bengaluru,2018-04-20,85.0,Satisfactory,36.52,60.94,32.2,0.85,2.28,66.22
Bengaluru,2018-04-21,79.0,Satisfactory,33.4,84.17,37.81,0.9,2.7,34.07
Bengaluru,2018-04-22,74.0,Satisfactory,33.42,75.88,19.6,0.78,3.94,34.07
Bengaluru,2018-04-23,66.0,Satisfactory,41.19,60.47,19.98,0.8,3.94,90.99
Bengaluru,2018-04-24,82.0,Satisfactory,42.62,77.31,29.87,0.82,4.05,55.89
Bengaluru,2018-04-25,74.0,Satisfactory,42.99,58.32,53.65,0.98,4.06,49.01
Bengaluru,2018-04-26,83.0,Satisfactory,49.93,105.95,24.84,0.85,5.71,46.4
Bengaluru,2018-04-27,103.0,Moderate,44.12,105.95,20.7,1.16,5.25,53.72
Bengaluru,2018-04-28,82.0,Satisfactory,39.22,105.95,21.73,0.91,5.54,40.12
Bengaluru,2018-04-29,81.0,Satisfactory,44.57,105.95,28.96,0.69,6.03,45.33
Bengaluru,2018-04-30,100.0,Satisfactory,187.49,105.95,25.4,1.14,5.46,46.3
Bengaluru,2018-05-01,352.0,Very Poor,59.11,105.95,18.64,0.59,6.12,48.92
Bengaluru,2018-05-02,114.0,Moderate,65.71,105.95,24.39,0.9,9.43,41.52
Bengaluru,2018-05-03,98.0,Satisfactory,44.58,105.95,34.25,0.88,5.83,46.69
Bengaluru,2018-05-04,73.0,Satisfactory,113.31,105.95,26.78,1.16,6.65,45.87
Bengaluru,2018-05-05,144.0,Moderate,62.35,105.95,33.46,0.72,4.22,38.61
Bengaluru,2018-05-06,99.0,Satisfactory,79.0,105.95,24.55,0.73,5.71,44.38
Bengaluru,2018-05-07,151.0,Moderate,50.52,105.95,60.58,0.91,5.1,36.48
Bengaluru,2018-05-08,113.0,Moderate,55.88,105.95,33.39,0.8,6.3,32.43
Bengaluru,2018-05-09,76.0,Satisfactory,32.46,105.95,27.7,0.69,5.64,52.6
Bengaluru,2018-05-10,65.0,Satisfactory,28.99,105.95,27.51,0.81,5.31,41.46
Bengaluru,2018-05-11,59.0,Satisfactory,27.03,105.95,39.99,0.89,5.48,24.19
Bengaluru,2018-05-12,62.0,Satisfactory,27.01,105.95,24.22,0.88,4.33,39.45
Bengaluru,2018-05-13,60.0,Satisfactory,26.73,105.95,26.31,0.86,5.76,46.78
Bengaluru,2018-05-14,69.0,Satisfactory,33.13,105.95,47.07,0.87,7.1,37.5
Bengaluru,2018-05-15,64.0,Satisfactory,35.64,105.95,41.15,0.7,6.35,44.59
Bengaluru,2018-05-16,61.0,Satisfactory,34.36,105.95,34.6,0.82,6.26,29.15
Bengaluru,2018-05-17,65.0,Satisfactory,39.69,105.95,24.0,0.9,5.16,41.75
Bengaluru,2018-05-18,92.0,Satisfactory,43.05,124.39,33.14,1.1,4.09,35.22
Bengaluru,2018-05-19,98.0,Satisfactory,45.09,94.78,42.69,0.98,4.82,42.52
Bengaluru,2018-05-20,80.0,Satisfactory,47.83,66.81,18.67,0.79,4.3,47.98
Bengaluru,2018-05-21,71.0,Satisfactory,52.64,58.23,33.17,0.8,4.51,36.12
Bengaluru,2018-05-22,90.0,Satisfactory,59.24,71.88,35.39,1.06,3.12,41.2
Bengaluru,2018-05-23,117.0,Moderate,62.6,84.46,35.36,0.93,4.33,30.74
Bengaluru,2018-05-24,70.0,Satisfactory,35.4,65.64,32.53,0.92,4.77,34.78
Bengaluru,2018-05-25,73.0,Satisfactory,46.14,64.28,30.05,0.95,4.87,27.78
Bengaluru,2018-05-26,76.0,Satisfactory,33.64,43.62,30.58,1.12,3.78,22.59
Bengaluru,2018-05-27,89.0,Satisfactory,41.73,52.37,29.69,1.02,3.86,19.04
Bengaluru,2018-05-28,80.0,Satisfactory,29.29,48.38,18.87,1.19,4.26,30.76
Bengaluru,2018-05-29,67.0,Satisfactory,16.92,27.94,15.29,1.18,3.57,27.82
Bengaluru,2018-05-30,60.0,Satisfactory,35.67,38.75,21.27,1.01,3.68,23.37
Bengaluru,2018-05-31,73.0,Satisfactory,33.16,41.38,22.99,1.03,3.55,21.01
Bengaluru,2018-06-01,68.0,Satisfactory,42.07,60.8,25.48,0.99,3.69,24.28
Bengaluru,2018-06-02,86.0,Satisfactory,44.47,54.34,35.43,1.06,6.55,23.96
Bengaluru,2018-06-03,88.0,Satisfactory,38.79,29.26,22.36,1.01,4.18,16.46
Bengaluru,2018-06-04,60.0,Satisfactory,23.35,28.86,20.58,0.96,4.39,15.51
Bengaluru,2018-06-05,61.0,Satisfactory,25.5,22.18,16.5,0.94,6.31,16.54
Bengaluru,2018-06-06,63.0,Satisfactory,22.77,27.69,17.25,1.04,7.21,12.58
Bengaluru,2018-06-07,70.0,Satisfactory,25.27,31.71,16.84,1.0,5.85,13.22
Bengaluru,2018-06-08,50.0,Good,19.28,21.36,15.8,0.91,6.23,11.05
Bengaluru,2018-06-09,52.0,Satisfactory,19.32,26.98,16.01,0.96,5.35,15.82
Bengaluru,2018-06-10,51.0,Satisfactory,18.93,28.7,20.85,0.92,5.19,12.71
Bengaluru,2018-06-11,65.0,Satisfactory,23.76,34.25,15.51,0.99,4.66,10.74
Bengaluru,2018-06-12,50.0,Good,23.78,48.19,13.32,0.99,3.37,13.91
Bengaluru,2018-06-13,49.0,Good,27.34,48.59,15.9,0.95,4.0,12.97
Bengaluru,2018-06-14,61.0,Satisfactory,31.79,35.64,19.26,1.02,2.91,16.41
Bengaluru,2018-06-15,83.0,Satisfactory,61.43,33.51,23.54,1.01,3.21,18.53
Bengaluru,2018-06-16,106.0,Moderate,22.24,43.59,18.63,1.09,3.24,13.77
Bengaluru,2018-06-17,55.0,Satisfactory,17.38,42.66,15.39,1.06,3.83,8.71
Bengaluru,2018-06-18,69.0,Satisfactory,13.38,100.6,14.75,1.15,4.93,11.02
Bengaluru,2018-06-19,81.0,Satisfactory,32.62,100.12,12.51,1.06,4.53,14.71
Bengaluru,2018-06-20,69.0,Satisfactory,13.64,73.69,14.01,1.06,4.83,21.95
Bengaluru,2018-06-21,64.0,Satisfactory,16.71,76.66,20.26,1.02,5.1,25.83
Bengaluru,2018-06-22,64.0,Satisfactory,18.94,79.08,31.69,1.02,4.68,26.92
Bengaluru,2018-06-23,66.0,Satisfactory,23.76,55.83,23.67,1.03,4.7,17.71
Bengaluru,2018-06-24,64.0,Satisfactory,21.84,73.73,15.51,0.98,4.64,15.09
Bengaluru,2018-06-25,87.0,Satisfactory,51.82,70.62,14.77,1.01,4.79,14.73
Bengaluru,2018-06-26,92.0,Satisfactory,32.62,56.97,13.9,0.93,4.78,18.29
Bengaluru,2018-06-27,60.0,Satisfactory,11.68,42.25,15.17,1.02,4.87,16.43
Bengaluru,2018-06-28,57.0,Satisfactory,9.23,34.44,17.93,0.99,5.5,15.6
Bengaluru,2018-06-29,51.0,Satisfactory,11.93,44.86,17.94,0.99,5.95,17.84
Bengaluru,2018-06-30,66.0,Satisfactory,18.23,65.8,33.04,1.0,6.63,10.67
Bengaluru,2018-07-01,72.0,Satisfactory,19.15,64.03,22.68,0.89,6.11,11.29
Bengaluru,2018-07-02,63.0,Satisfactory,16.29,55.13,27.31,0.88,6.9,16.14
Bengaluru,2018-07-03,63.0,Satisfactory,21.63,62.68,20.07,0.87,7.51,16.04
Bengaluru,2018-07-04,60.0,Satisfactory,18.55,71.37,15.35,0.79,6.49,14.42
Bengaluru,2018-07-05,61.0,Satisfactory,20.36,74.52,17.48,0.82,6.47,15.83
Bengaluru,2018-07-06,65.0,Satisfactory,21.44,58.91,16.86,0.86,6.63,15.59
Bengaluru,2018-07-07,56.0,Satisfactory,15.56,38.84,17.49,0.76,7.2,18.73
Bengaluru,2018-07-08,62.0,Satisfactory,22.83,42.49,14.5,0.89,7.09,16.35
Bengaluru,2018-07-09,66.0,Satisfactory,21.11,56.44,18.16,0.88,7.5,13.71
Bengaluru,2018-07-10,63.0,Satisfactory,36.65,52.63,20.32,0.87,7.49,14.05
Bengaluru,2018-07-11,78.0,Satisfactory,20.8,53.13,16.23,0.9,8.27,14.5
Bengaluru,2018-07-12,56.0,Satisfactory,17.82,51.19,14.74,0.75,8.6,15.79
Bengaluru,2018-07-13,53.0,Satisfactory,16.63,47.82,15.78,0.78,7.14,18.07
Bengaluru,2018-07-14,57.0,Satisfactory,18.87,60.54,15.81,0.75,7.47,16.19
Bengaluru,2018-07-15,62.0,Satisfactory,17.08,63.33,12.25,0.71,6.66,17.01
Bengaluru,2018-07-16,59.0,Satisfactory,19.93,47.19,16.2,0.8,7.32,13.25
Bengaluru,2018-07-17,60.0,Satisfactory,16.98,53.45,15.05,0.82,7.56,18.52
Bengaluru,2018-07-18,57.0,Satisfactory,18.83,56.14,13.81,0.8,7.75,17.83
Bengaluru,2018-07-19,59.0,Satisfactory,16.82,43.02,16.04,0.86,7.58,18.19
Bengaluru,2018-07-20,52.0,Satisfactory,15.52,41.94,16.03,0.83,7.49,22.36
Bengaluru,2018-07-21,59.0,Satisfactory,17.44,52.67,17.69,0.83,7.68,21.97
Bengaluru,2018-07-22,60.0,Satisfactory,18.63,67.89,14.94,0.85,8.01,21.53
Bengaluru,2018-07-23,65.0,Satisfactory,19.86,51.56,18.69,0.87,7.9,15.16
Bengaluru,2018-07-24,64.0,Satisfactory,17.85,50.14,16.37,0.92,7.08,13.77
Bengaluru,2018-07-25,59.0,Satisfactory,17.62,44.75,18.57,0.94,7.68,12.29
Bengaluru,2018-07-26,65.0,Satisfactory,20.0,55.87,28.4,0.83,7.55,13.43
Bengaluru,2018-07-27,68.0,Satisfactory,22.28,64.9,21.86,0.76,7.46,15.22
Bengaluru,2018-07-28,59.0,Satisfactory,21.05,64.54,17.94,0.77,6.84,16.19
Bengaluru,2018-07-29,66.0,Satisfactory,20.1,57.53,15.62,0.79,6.51,15.94
Bengaluru,2018-07-30,64.0,Satisfactory,22.92,65.5,18.15,0.97,7.18,14.61
Bengaluru,2018-07-31,62.0,Satisfactory,20.96,67.39,19.01,0.75,6.44,15.43
Bengaluru,2018-08-01,66.0,Satisfactory,20.59,68.6,22.78,0.83,6.0,14.61
Bengaluru,2018-08-02,68.0,Satisfactory,20.73,68.41,19.33,0.83,6.28,15.23
Bengaluru,2018-08-03,72.0,Satisfactory,23.34,71.35,18.78,0.9,6.5,12.05
Bengaluru,2018-08-04,77.0,Satisfactory,27.61,94.02,18.82,0.9,6.8,12.14
Bengaluru,2018-08-05,77.0,Satisfactory,20.75,81.19,15.27,0.83,7.15,13.44
Bengaluru,2018-08-06,67.0,Satisfactory,23.63,66.31,18.0,0.78,5.94,14.22
Bengaluru,2018-08-07,67.0,Satisfactory,18.24,59.59,18.39,0.81,6.18,13.14
Bengaluru,2018-08-08,60.0,Satisfactory,18.35,43.88,20.05,0.87,6.68,11.18
Bengaluru,2018-08-09,58.0,Satisfactory,17.33,55.07,17.68,0.83,6.27,13.65
Bengaluru,2018-08-10,60.0,Satisfactory,18.24,59.31,16.8,0.79,7.52,11.75
Bengaluru,2018-08-11,56.0,Satisfactory,18.6,46.24,17.12,0.78,6.44,11.75
Bengaluru,2018-08-12,57.0,Satisfactory,10.61,35.22,13.53,0.77,6.96,12.48
Bengaluru,2018-08-13,53.0,Satisfactory,11.4,39.72,15.3,0.8,5.96,11.69
Bengaluru,2018-08-14,60.0,Satisfactory,13.1,31.87,17.12,0.89,6.34,11.02
Bengaluru,2018-08-15,59.0,Satisfactory,15.35,36.24,15.93,0.85,6.35,11.1
Bengaluru,2018-08-16,52.0,Satisfactory,12.86,38.58,16.13,0.68,5.58,15.54
Bengaluru,2018-08-17,48.0,Good,16.77,52.28,15.35,0.67,5.76,14.21
Bengaluru,2018-08-18,57.0,Satisfactory,20.09,65.73,15.9,0.73,6.76,14.37
Bengaluru,2018-08-19,59.0,Satisfactory,16.78,52.97,16.35,0.69,6.44,15.56
Bengaluru,2018-08-20,53.0,Satisfactory,24.78,67.41,18.52,0.74,6.65,14.54
Bengaluru,2018-08-21,69.0,Satisfactory,20.61,77.55,17.55,0.77,5.95,16.38
Bengaluru,2018-08-22,65.0,Satisfactory,20.75,74.0,17.29,0.78,6.92,16.23
Bengaluru,2018-08-23,63.0,Satisfactory,17.29,52.66,17.95,0.9,7.32,13.6
Bengaluru,2018-08-24,62.0,Satisfactory,18.74,60.28,18.94,0.82,7.81,12.61
Bengaluru,2018-08-25,67.0,Satisfactory,22.36,75.89,19.62,0.92,7.61,12.01
Bengaluru,2018-08-26,70.0,Satisfactory,18.42,60.03,18.03,0.93,7.07,13.19
Bengaluru,2018-08-27,62.0,Satisfactory,19.86,64.68,19.41,0.86,7.09,10.61
Bengaluru,2018-08-28,64.0,Satisfactory,21.93,63.28,18.83,0.81,6.5,12.42
Bengaluru,2018-08-29,68.0,Satisfactory,20.52,49.08,18.42,0.87,6.94,10.52
Bengaluru,2018-08-30,68.0,Satisfactory,23.33,66.23,17.92,0.79,7.56,11.59
Bengaluru,2018-08-31,64.0,Satisfactory,19.74,57.18,23.85,0.83,7.34,12.01
Bengaluru,2018-09-01,68.0,Satisfactory,23.62,78.59,18.76,0.8,7.25,15.32
Bengaluru,2018-09-02,66.0,Satisfactory,21.84,69.2,17.44,0.76,8.3,17.84
Bengaluru,2018-09-03,63.0,Satisfactory,25.06,73.19,20.87,0.87,8.66,16.89
Bengaluru,2018-09-04,76.0,Satisfactory,32.78,81.02,26.03,0.91,8.63,18.24
Bengaluru,2018-09-05,78.0,Satisfactory,25.32,77.04,21.06,0.85,7.69,18.23
Bengaluru,2018-09-06,66.0,Satisfactory,25.21,71.56,21.41,0.8,8.53,17.79
Bengaluru,2018-09-07,70.0,Satisfactory,27.2,66.34,20.41,0.79,8.27,16.77
Bengaluru,2018-09-08,63.0,Satisfactory,18.32,47.45,19.4,0.75,7.58,17.16
Bengaluru,2018-09-09,64.0,Satisfactory,19.07,56.66,23.74,0.82,7.65,23.36
Bengaluru,2018-09-10,73.0,Satisfactory,28.1,72.52,29.62,0.96,7.71,21.64
Bengaluru,2018-09-11,90.0,Satisfactory,30.34,79.46,34.78,0.95,6.95,32.98
Bengaluru,2018-09-12,91.0,Satisfactory,24.47,73.31,38.97,0.96,7.44,33.73
Bengaluru,2018-09-13,88.0,Satisfactory,29.84,76.26,38.83,0.99,8.27,21.83
Bengaluru,2018-09-14,94.0,Satisfactory,27.72,76.6,42.11,0.98,7.55,32.17
Bengaluru,2018-09-15,77.0,Satisfactory,24.1,56.2,40.13,0.95,7.46,25.3
Bengaluru,2018-09-16,73.0,Satisfactory,24.43,55.34,35.93,0.96,8.26,19.68
Bengaluru,2018-09-17,74.0,Satisfactory,19.03,49.62,30.55,0.83,7.87,11.82
Bengaluru,2018-09-18,65.0,Satisfactory,19.86,64.1,24.34,0.76,7.24,13.4
Bengaluru,2018-09-19,65.0,Satisfactory,20.21,69.15,23.2,0.76,7.82,16.89
Bengaluru,2018-09-20,79.0,Satisfactory,25.55,74.65,41.9,0.89,7.22,18.67
Bengaluru,2018-09-21,87.0,Satisfactory,26.75,81.33,33.38,0.8,6.83,19.11
Bengaluru,2018-09-22,77.0,Satisfactory,24.45,80.93,30.37,0.83,7.24,21.83
Bengaluru,2018-09-23,87.0,Satisfactory,30.84,75.04,38.12,0.85,7.1,26.8
Bengaluru,2018-09-24,85.0,Satisfactory,22.6,56.12,35.0,0.93,6.7,29.89
Bengaluru,2018-09-25,78.0,Satisfactory,26.76,63.24,40.97,0.99,6.79,22.54
Bengaluru,2018-09-26,85.0,Satisfactory,31.25,76.66,28.45,0.87,6.76,23.35
Bengaluru,2018-09-27,80.0,Satisfactory,29.24,72.24,30.94,0.94,6.59,20.67
Bengaluru,2018-09-28,78.0,Satisfactory,26.36,77.69,27.64,0.8,6.14,14.86
Bengaluru,2018-09-29,75.0,Satisfactory,17.35,64.18,25.67,0.79,6.06,12.5
Bengaluru,2018-09-30,70.0,Satisfactory,25.28,62.82,23.56,0.81,5.67,16.11
Bengaluru,2018-10-01,82.0,Satisfactory,21.61,66.61,25.53,0.87,6.59,18.94
Bengaluru,2018-10-02,67.0,Satisfactory,14.51,51.79,19.67,0.74,6.36,15.9
Bengaluru,2018-10-03,65.0,Satisfactory,15.17,52.6,20.76,0.76,6.27,16.22
Bengaluru,2018-10-04,65.0,Satisfactory,21.47,46.9,21.67,0.8,6.52,8.9
Bengaluru,2018-10-05,62.0,Satisfactory,13.99,40.41,19.47,0.78,6.96,11.69
Bengaluru,2018-10-06,56.0,Satisfactory,14.0,42.0,19.84,0.78,6.52,10.5
Bengaluru,2018-10-07,62.0,Satisfactory,20.86,69.05,23.91,0.74,6.73,16.31
Bengaluru,2018-10-08,73.0,Satisfactory,32.94,96.04,26.49,0.79,6.84,18.26
Bengaluru,2018-10-09,80.0,Satisfactory,31.82,91.63,32.27,0.85,6.89,22.25
Bengaluru,2018-10-10,93.0,Satisfactory,40.93,109.21,34.32,0.81,6.48,23.46
Bengaluru,2018-10-11,110.0,Moderate,55.08,147.26,43.63,0.99,6.55,21.65
Bengaluru,2018-10-12,115.0,Moderate,56.31,151.57,44.04,0.93,6.53,22.96
Bengaluru,2018-10-13,167.0,Moderate,72.74,158.69,41.95,0.9,6.35,28.02
Bengaluru,2018-10-14,116.0,Moderate,48.48,100.3,26.49,0.8,6.28,34.33
Bengaluru,2018-10-15,88.0,Satisfactory,41.44,88.52,28.25,0.88,6.36,23.25
Bengaluru,2018-10-16,90.0,Satisfactory,35.37,94.07,26.88,0.74,6.52,19.06
Bengaluru,2018-10-17,75.0,Satisfactory,19.99,51.83,22.81,0.75,6.56,18.23
Bengaluru,2018-10-18,116.0,Moderate,62.95,55.23,28.34,0.82,6.45,21.13
Bengaluru,2018-10-19,81.0,Satisfactory,20.75,61.94,21.84,0.74,6.31,19.64
Bengaluru,2018-10-20,71.0,Satisfactory,25.61,86.65,25.93,0.75,6.74,27.25
Bengaluru,2018-10-21,88.0,Satisfactory,36.42,122.86,30.1,0.74,7.29,29.37
Bengaluru,2018-10-22,102.0,Moderate,37.81,132.8,41.15,1.04,7.54,29.12
Bengaluru,2018-10-23,119.0,Moderate,49.17,123.18,43.25,1.16,8.02,24.69
Bengaluru,2018-10-24,132.0,Moderate,62.67,111.41,40.4,1.01,8.31,24.3
Bengaluru,2018-10-25,110.0,Moderate,46.34,121.55,36.95,1.02,6.52,25.3
Bengaluru,2018-10-26,101.0,Moderate,50.19,123.42,40.42,1.01,7.67,30.95
Bengaluru,2018-10-27,107.0,Moderate,39.65,112.7,45.83,1.03,6.75,37.95
Bengaluru,2018-10-28,108.0,Moderate,37.32,96.1,45.79,0.97,6.29,38.38
Bengaluru,2018-10-29,103.0,Moderate,36.11,101.84,56.14,1.12,7.03,35.49
Bengaluru,2018-10-30,125.0,Moderate,40.12,109.55,58.13,1.19,6.8,28.94
Bengaluru,2018-10-31,107.0,Moderate,40.02,106.07,42.16,1.06,5.81,26.11
Bengaluru,2018-11-01,92.0,Satisfactory,20.96,66.49,31.6,0.95,7.01,23.72
Bengaluru,2018-11-02,84.0,Satisfactory,17.57,56.53,24.14,0.96,6.14,16.57
Bengaluru,2018-11-03,82.0,Satisfactory,21.42,63.23,24.36,1.1,6.46,20.21
Bengaluru,2018-11-04,74.0,Satisfactory,21.84,77.72,22.91,0.82,6.17,27.03
Bengaluru,2018-11-05,81.0,Satisfactory,23.98,90.86,28.89,1.03,6.14,21.7
Bengaluru,2018-11-06,110.0,Moderate,41.38,116.55,30.42,1.12,7.11,20.31
Bengaluru,2018-11-07,97.0,Satisfactory,57.03,107.56,31.2,1.04,7.8,27.35
Bengaluru,2018-11-08,144.0,Moderate,61.98,108.02,32.99,0.99,7.7,23.63
Bengaluru,2018-11-09,94.0,Satisfactory,33.68,98.45,29.99,0.99,5.77,25.02
Bengaluru,2018-11-10,96.0,Satisfactory,50.36,88.44,35.38,1.05,4.97,29.27
Bengaluru,2018-11-11,105.0,Moderate,55.48,101.12,37.67,1.11,5.67,34.04
Bengaluru,2018-11-12,113.0,Moderate,63.66,120.24,47.6,1.38,6.65,25.83
Bengaluru,2018-11-13,143.0,Moderate,71.05,130.84,50.42,1.46,7.96,28.07
Bengaluru,2018-11-14,143.0,Moderate,77.53,143.53,56.64,1.57,7.78,25.98
Bengaluru,2018-11-15,141.0,Moderate,58.35,105.52,43.91,1.43,6.5,17.61
Bengaluru,2018-11-16,88.0,Satisfactory,25.1,59.99,28.79,1.05,5.06,19.48
Bengaluru,2018-11-17,84.0,Satisfactory,49.2,96.6,28.7,1.02,5.2,35.62
Bengaluru,2018-11-18,91.0,Satisfactory,41.2,83.45,20.87,1.01,5.38,26.38
Bengaluru,2018-11-19,77.0,Satisfactory,19.95,61.66,22.54,1.1,5.57,13.5
Bengaluru,2018-11-20,77.0,Satisfactory,25.85,67.23,28.52,1.09,5.21,16.08
Bengaluru,2018-11-21,81.0,Satisfactory,33.31,71.11,28.34,1.02,5.74,21.91
Bengaluru,2018-11-22,73.0,Satisfactory,17.95,39.52,24.12,1.03,5.89,11.65
Bengaluru,2018-11-23,79.0,Satisfactory,25.58,50.78,27.32,1.11,5.57,11.55
Bengaluru,2018-11-24,144.0,Moderate,108.3,93.05,29.96,1.04,5.34,25.36
Bengaluru,2018-11-25,142.0,Moderate,61.34,106.53,27.32,0.85,5.25,41.24
Bengaluru,2018-11-26,124.0,Moderate,71.66,119.7,30.65,0.83,5.65,58.03
Bengaluru,2018-11-27,127.0,Moderate,54.73,137.9,36.44,0.84,5.5,62.99
Bengaluru,2018-11-28,127.0,Moderate,59.58,112.2,29.98,0.89,5.6,52.81
Bengaluru,2018-11-29,119.0,Moderate,42.06,86.54,25.48,0.93,5.48,42.35
Bengaluru,2018-11-30,94.0,Satisfactory,43.16,79.92,28.44,0.89,5.46,47.85
Bengaluru,2018-12-01,86.0,Satisfactory,40.67,83.54,31.03,0.97,5.49,50.45
Bengaluru,2018-12-02,92.0,Satisfactory,28.25,68.25,24.59,0.79,6.21,59.89
Bengaluru,2018-12-03,73.0,Satisfactory,33.56,69.43,25.62,0.8,6.78,43.92
Bengaluru,2018-12-04,75.0,Satisfactory,25.83,74.27,26.42,0.89,5.86,24.11
Bengaluru,2018-12-05,106.0,Moderate,51.43,64.2,23.94,0.87,5.69,26.63
Bengaluru,2018-12-06,87.0,Satisfactory,29.32,81.35,29.76,0.9,6.47,35.15
Bengaluru,2018-12-07,90.0,Satisfactory,37.49,150.02,31.25,0.93,5.9,33.42
Bengaluru,2018-12-08,119.0,Moderate,61.0,98.66,33.48,0.78,5.86,52.77
Bengaluru,2018-12-09,128.0,Moderate,63.28,110.14,23.23,0.75,7.38,80.57
Bengaluru,2018-12-10,157.0,Moderate,75.78,137.41,30.66,1.04,5.77,76.51
Bengaluru,2018-12-11,180.0,Moderate,88.98,177.97,38.55,1.08,5.94,69.85
Bengaluru,2018-12-12,179.0,Moderate,78.59,142.62,40.02,1.05,6.32,66.64
Bengaluru,2018-12-13,148.0,Moderate,67.36,103.83,36.8,1.03,6.32,59.79
Bengaluru,2018-12-14,103.0,Moderate,48.45,84.47,36.41,0.97,6.57,50.06
Bengaluru,2018-12-15,85.0,Satisfactory,47.62,81.06,35.48,0.96,6.24,48.1
Bengaluru,2018-12-16,112.0,Moderate,64.42,109.67,40.02,0.98,6.45,73.64
Bengaluru,2018-12-17,146.0,Moderate,86.94,140.52,54.92,1.29,7.69,51.64
Bengaluru,2018-12-18,225.0,Poor,98.84,181.41,63.57,1.72,5.98,38.34
Bengaluru,2018-12-19,142.0,Moderate,61.84,132.37,47.79,1.11,6.12,57.86
Bengaluru,2018-12-20,130.0,Moderate,45.7,105.66,35.34,0.83,6.04,64.96
Bengaluru,2018-12-21,116.0,Moderate,51.63,106.8,38.9,0.99,5.88,56.78
Bengaluru,2018-12-22,109.0,Moderate,42.57,93.24,35.19,0.91,6.01,41.65
Bengaluru,2018-12-23,87.0,Satisfactory,37.34,86.46,23.96,0.82,4.98,46.25
Bengaluru,2018-12-24,79.0,Satisfactory,43.13,85.68,27.87,0.85,5.33,41.44
Bengaluru,2018-12-25,103.0,Moderate,57.89,102.48,33.44,0.93,5.24,54.0
Bengaluru,2018-12-26,118.0,Moderate,59.38,100.47,33.7,1.01,5.27,55.22
Bengaluru,2018-12-27,117.0,Moderate,57.28,107.8,31.17,0.9,5.67,55.3
Bengaluru,2018-12-28,123.0,Moderate,68.37,111.01,31.77,0.91,6.12,57.62
Bengaluru,2018-12-29,124.0,Moderate,65.81,106.31,31.32,0.89,6.07,47.62
Bengaluru,2018-12-30,127.0,Moderate,64.29,100.07,28.97,0.85,5.34,64.73
Bengaluru,2018-12-31,123.0,Moderate,63.77,107.44,37.46,1.02,7.25,55.18
Bengaluru,2019-01-01,128.0,Moderate,61.55,107.76,38.19,0.98,8.29,56.91
Bengaluru,2019-01-02,103.0,Moderate,47.27,92.47,39.73,1.06,10.22,51.25
Bengaluru,2019-01-03,101.0,Moderate,48.86,96.42,46.55,1.01,8.15,46.4
Bengaluru,2019-01-04,106.0,Moderate,51.35,105.52,45.87,1.09,5.76,41.42
Bengaluru,2019-01-05,104.0,Moderate,46.57,99.1,41.74,1.03,6.13,50.61
Bengaluru,2019-01-06,115.0,Moderate,56.8,105.51,35.73,0.89,6.36,64.29
Bengaluru,2019-01-07,120.0,Moderate,58.29,116.5,44.9,1.05,7.13,55.51
Bengaluru,2019-01-08,120.0,Moderate,60.04,106.76,49.33,1.06,7.64,47.42
Bengaluru,2019-01-09,122.0,Moderate,62.6,113.27,52.68,1.05,7.01,54.54
Bengaluru,2019-01-10,120.0,Moderate,63.63,108.49,53.48,0.94,5.88,56.23
Bengaluru,2019-01-11,126.0,Moderate,59.52,111.13,49.16,1.01,5.79,57.02
Bengaluru,2019-01-12,132.0,Moderate,70.5,121.91,49.28,1.04,5.73,61.7
Bengaluru,2019-01-13,125.0,Moderate,54.44,99.59,42.99,0.93,5.47,65.16
Bengaluru,2019-01-14,111.0,Moderate,58.36,110.39,47.07,1.02,4.93,50.93
Bengaluru,2019-01-15,109.0,Moderate,47.13,86.88,46.93,0.85,5.28,55.78
Bengaluru,2019-01-16,113.0,Moderate,62.4,99.49,48.15,0.98,5.05,69.72
Bengaluru,2019-01-17,121.0,Moderate,67.83,120.55,42.88,1.09,5.74,53.81
Bengaluru,2019-01-18,152.0,Moderate,75.06,118.41,34.15,1.02,5.35,54.41
Bengaluru,2019-01-19,122.0,Moderate,59.01,102.34,36.98,0.94,5.07,46.91
Bengaluru,2019-01-20,106.0,Moderate,42.33,82.67,32.59,0.79,5.2,63.97
Bengaluru,2019-01-21,101.0,Moderate,52.05,99.24,37.39,0.92,5.32,67.06
Bengaluru,2019-01-22,145.0,Moderate,72.45,136.15,42.87,1.06,5.06,72.89
Bengaluru,2019-01-23,156.0,Moderate,60.91,121.85,42.79,1.04,5.42,67.41
Bengaluru,2019-01-24,130.0,Moderate,50.66,109.76,33.87,0.87,4.97,61.46
Bengaluru,2019-01-25,109.0,Moderate,35.76,87.96,31.94,0.84,4.79,56.81
Bengaluru,2019-01-26,102.0,Moderate,51.09,101.59,30.06,0.87,5.27,52.2
Bengaluru,2019-01-27,101.0,Moderate,40.56,87.62,26.0,0.8,5.16,55.36
Bengaluru,2019-01-28,99.0,Satisfactory,38.48,73.19,26.16,0.73,4.12,53.78
Bengaluru,2019-01-29,83.0,Satisfactory,29.81,62.01,29.22,0.88,4.91,47.64
Bengaluru,2019-01-30,107.0,Moderate,62.71,92.31,35.51,1.01,4.8,59.22
Bengaluru,2019-01-31,132.0,Moderate,48.44,94.63,33.94,0.88,5.45,67.58
Bengaluru,2019-02-01,109.0,Moderate,49.67,99.62,37.21,0.87,5.35,63.66
Bengaluru,2019-02-02,104.0,Moderate,45.32,96.87,34.78,0.82,5.01,61.35
Bengaluru,2019-02-03,101.0,Moderate,39.5,87.56,28.58,0.8,4.58,64.91
Bengaluru,2019-02-04,81.0,Satisfactory,32.91,70.95,27.77,0.82,4.6,49.04
Bengaluru,2019-02-05,92.0,Satisfactory,37.93,82.59,29.41,0.86,4.54,65.7
Bengaluru,2019-02-06,120.0,Moderate,60.08,115.27,38.44,0.88,5.81,78.02
Bengaluru,2019-02-07,146.0,Moderate,51.88,117.29,36.87,0.94,5.3,73.99
Bengaluru,2019-02-08,113.0,Moderate,54.76,108.3,30.73,0.85,5.21,65.0
Bengaluru,2019-02-09,134.0,Moderate,68.68,123.42,40.49,1.25,6.19,55.17
Bengaluru,2019-02-10,112.0,Moderate,50.31,93.13,32.83,0.96,4.52,41.91
Bengaluru,2019-02-11,80.0,Satisfactory,41.65,78.53,28.6,0.81,4.04,37.69
Bengaluru,2019-02-12,84.0,Satisfactory,49.32,88.06,32.05,0.82,3.99,49.43
Bengaluru,2019-02-13,96.0,Satisfactory,47.31,92.86,34.53,0.9,4.75,52.51
Bengaluru,2019-02-14,89.0,Satisfactory,37.94,84.87,31.95,0.71,4.88,57.75
Bengaluru,2019-02-15,103.0,Moderate,35.35,92.27,32.12,0.87,4.08,59.52
Bengaluru,2019-02-16,107.0,Moderate,45.37,98.49,35.5,1.05,4.69,56.07
Bengaluru,2019-02-17,123.0,Moderate,47.43,108.7,33.19,0.99,4.15,62.98
Bengaluru,2019-02-18,116.0,Moderate,42.92,104.51,39.84,1.23,4.52,48.6
Bengaluru,2019-02-19,116.0,Moderate,44.28,98.5,33.16,0.95,4.52,50.9
Bengaluru,2019-02-20,87.0,Satisfactory,31.49,79.97,28.91,0.85,4.39,40.97
Bengaluru,2019-02-21,85.0,Satisfactory,36.4,92.9,35.7,0.96,5.06,41.82
Bengaluru,2019-02-22,99.0,Satisfactory,38.35,101.4,40.77,0.96,5.45,42.98
Bengaluru,2019-02-23,105.0,Moderate,51.36,113.03,50.05,1.03,5.53,43.98
Bengaluru,2019-02-24,110.0,Moderate,47.59,97.06,47.01,0.94,5.19,53.2
Bengaluru,2019-02-25,103.0,Moderate,39.23,96.15,46.39,1.0,6.12,55.66
Bengaluru,2019-02-26,120.0,Moderate,51.92,101.91,42.06,0.99,6.29,64.35
Bengaluru,2019-02-27,115.0,Moderate,45.49,94.03,33.49,0.93,4.45,58.28
Bengaluru,2019-02-28,125.0,Moderate,50.8,111.32,38.76,0.94,4.87,56.36
Bengaluru,2019-03-01,143.0,Moderate,58.18,125.3,44.64,1.05,4.93,53.3
Bengaluru,2019-03-02,107.0,Moderate,40.93,95.38,26.91,0.83,4.57,49.67
Bengaluru,2019-03-03,114.0,Moderate,36.98,92.75,30.74,0.86,4.87,55.58
Bengaluru,2019-03-04,123.0,Moderate,43.15,100.96,29.23,0.8,5.09,63.42
Bengaluru,2019-03-05,118.0,Moderate,49.8,112.83,31.26,1.11,4.2,56.77
Bengaluru,2019-03-06,128.0,Moderate,53.53,116.45,35.74,1.13,4.12,48.36
Bengaluru,2019-03-07,152.0,Moderate,65.98,158.87,47.25,1.44,6.25,39.54
Bengaluru,2019-03-08,167.0,Moderate,69.62,141.49,46.88,1.32,7.02,49.42
Bengaluru,2019-03-09,151.0,Moderate,51.08,114.17,27.19,1.01,5.51,56.41
Bengaluru,2019-03-10,100.0,Satisfactory,39.45,85.59,19.09,0.81,5.12,47.45
Bengaluru,2019-03-11,91.0,Satisfactory,34.4,79.55,21.93,0.75,6.11,55.52
Bengaluru,2019-03-12,105.0,Moderate,46.15,108.89,27.97,0.8,8.64,67.73
Bengaluru,2019-03-13,113.0,Moderate,50.05,120.17,34.27,0.89,9.55,59.27
Bengaluru,2019-03-14,118.0,Moderate,43.73,116.74,29.7,0.73,6.55,65.46
Bengaluru,2019-03-15,106.0,Moderate,41.75,110.46,35.68,0.89,6.12,54.19
Bengaluru,2019-03-16,108.0,Moderate,44.32,118.8,38.3,0.94,5.15,47.32
Bengaluru,2019-03-17,115.0,Moderate,45.56,104.35,34.1,0.87,5.01,66.57
Bengaluru,2019-03-18,123.0,Moderate,43.24,99.47,31.64,0.8,5.61,67.48
Bengaluru,2019-03-19,113.0,Moderate,39.71,94.23,30.9,0.82,5.13,59.72
Bengaluru,2019-03-20,102.0,Moderate,39.8,91.98,27.36,0.73,5.7,57.62
Bengaluru,2019-03-21,120.0,Moderate,49.74,94.78,27.84,0.87,5.44,61.82
Bengaluru,2019-03-22,122.0,Moderate,44.52,96.39,30.85,0.94,6.86,59.05
Bengaluru,2019-03-23,119.0,Moderate,51.6,102.51,34.12,0.97,5.8,58.37
Bengaluru,2019-03-24,120.0,Moderate,47.42,93.06,28.12,0.84,6.92,64.14
Bengaluru,2019-03-25,97.0,Satisfactory,46.52,105.51,34.13,0.84,7.66,49.93
Bengaluru,2019-03-26,113.0,Moderate,48.85,112.26,39.23,0.93,7.29,57.9
Bengaluru,2019-03-27,129.0,Moderate,56.52,121.14,40.26,1.08,6.91,55.64
Bengaluru,2019-03-28,148.0,Moderate,61.59,129.96,47.4,1.17,6.72,51.02
Bengaluru,2019-03-29,149.0,Moderate,58.92,129.31,40.64,1.14,5.4,62.38
Bengaluru,2019-03-30,137.0,Moderate,57.09,123.2,38.21,1.15,4.89,54.03
Bengaluru,2019-03-31,135.0,Moderate,55.88,107.85,32.37,0.9,4.68,52.26
Bengaluru,2019-04-01,126.0,Moderate,53.46,110.5,35.35,1.01,4.73,49.03
Bengaluru,2019-04-02,136.0,Moderate,55.62,123.38,40.91,1.03,5.37,46.15
Bengaluru,2019-04-03,135.0,Moderate,53.61,120.13,40.06,0.94,4.96,54.26
Bengaluru,2019-04-04,127.0,Moderate,58.15,108.63,32.87,0.94,6.16,50.92
Bengaluru,2019-04-05,130.0,Moderate,46.54,108.25,37.85,1.07,5.22,53.59
Bengaluru,2019-04-06,130.0,Moderate,46.55,112.08,32.46,0.95,4.83,64.46
Bengaluru,2019-04-07,127.0,Moderate,51.73,103.64,32.1,0.98,4.86,68.41
Bengaluru,2019-04-08,125.0,Moderate,52.79,94.86,34.46,0.95,5.66,59.17
Bengaluru,2019-04-09,149.0,Moderate,43.88,90.8,33.09,1.09,5.07,66.47
Bengaluru,2019-04-10,123.0,Moderate,52.18,107.04,36.58,1.13,4.99,45.42
Bengaluru,2019-04-11,112.0,Moderate,49.25,113.7,34.41,0.89,5.76,40.76
Bengaluru,2019-04-12,130.0,Moderate,49.46,109.0,36.1,0.95,5.41,51.55
Bengaluru,2019-04-13,109.0,Moderate,47.24,98.37,30.69,0.92,7.4,52.04
Bengaluru,2019-04-14,106.0,Moderate,41.74,89.76,27.4,0.78,8.4,56.7
Bengaluru,2019-04-15,111.0,Moderate,52.38,92.14,33.83,1.04,7.56,54.29
Bengaluru,2019-04-16,115.0,Moderate,40.54,94.39,33.94,0.99,5.95,51.67
Bengaluru,2019-04-17,124.0,Moderate,52.84,97.64,31.76,1.16,5.09,38.4
Bengaluru,2019-04-18,127.0,Moderate,46.1,72.34,32.17,1.09,4.1,47.27
Bengaluru,2019-04-19,107.0,Moderate,42.33,63.83,29.02,0.9,4.55,47.03
Bengaluru,2019-04-20,122.0,Moderate,29.75,73.46,31.84,1.02,5.28,55.89
Bengaluru,2019-04-21,106.0,Moderate,25.18,69.39,32.67,1.04,4.9,56.53
Bengaluru,2019-04-22,107.0,Moderate,40.9,92.48,31.25,1.1,4.83,45.27
Bengaluru,2019-04-23,112.0,Moderate,37.08,77.31,32.12,1.31,4.42,57.49
Bengaluru,2019-04-24,108.0,Moderate,42.76,85.7,33.95,1.22,4.37,53.21
Bengaluru,2019-04-25,126.0,Moderate,57.96,109.49,36.31,1.19,5.35,54.27
Bengaluru,2019-04-26,144.0,Moderate,63.83,109.42,33.66,1.08,4.45,57.17
Bengaluru,2019-04-27,150.0,Moderate,66.34,123.11,29.77,0.84,4.97,61.68
Bengaluru,2019-04-28,141.0,Moderate,61.63,117.36,30.6,1.0,5.76,53.79
Bengaluru,2019-04-29,140.0,Moderate,62.42,108.27,30.05,0.95,4.5,50.57
Bengaluru,2019-04-30,124.0,Moderate,53.78,94.01,23.6,0.92,3.88,60.14
Bengaluru,2019-05-01,111.0,Moderate,42.75,74.84,21.81,0.99,4.72,55.94
Bengaluru,2019-05-02,103.0,Moderate,46.45,102.47,21.41,0.86,4.34,46.73
Bengaluru,2019-05-03,112.0,Moderate,47.56,95.06,22.23,0.74,4.43,48.84
Bengaluru,2019-05-04,120.0,Moderate,56.62,116.59,25.08,0.85,3.67,51.98
Bengaluru,2019-05-05,132.0,Moderate,54.62,110.84,26.36,0.8,4.21,61.04
Bengaluru,2019-05-06,131.0,Moderate,52.76,106.65,27.54,0.8,4.03,66.44
Bengaluru,2019-05-07,113.0,Moderate,42.61,87.52,23.95,0.86,4.63,47.19
Bengaluru,2019-05-08,87.0,Satisfactory,33.28,81.91,25.0,0.88,4.16,34.37
Bengaluru,2019-05-09,106.0,Moderate,51.42,94.86,30.32,1.36,4.4,37.92
Bengaluru,2019-05-10,120.0,Moderate,39.33,93.68,29.13,0.94,4.23,49.37
Bengaluru,2019-05-11,105.0,Moderate,40.38,93.84,27.17,0.97,3.64,48.35
Bengaluru,2019-05-12,101.0,Moderate,34.41,93.08,26.85,1.06,4.01,41.87
Bengaluru,2019-05-13,106.0,Moderate,32.08,86.2,25.1,0.91,4.11,50.16
Bengaluru,2019-05-14,88.0,Satisfactory,31.91,88.8,24.31,0.92,5.41,50.77
Bengaluru,2019-05-15,96.0,Satisfactory,33.89,81.23,24.45,1.01,4.29,38.96
Bengaluru,2019-05-16,102.0,Moderate,38.93,93.74,34.47,1.23,3.69,44.94
Bengaluru,2019-05-17,110.0,Moderate,40.64,91.59,32.51,1.19,4.17,36.64
Bengaluru,2019-05-18,121.0,Moderate,55.14,118.1,35.15,1.19,4.54,43.17
Bengaluru,2019-05-19,116.0,Moderate,51.35,101.63,27.75,0.97,3.86,45.7
Bengaluru,2019-05-20,109.0,Moderate,46.82,105.55,29.22,1.06,4.83,40.95
Bengaluru,2019-05-21,109.0,Moderate,45.3,93.68,26.31,0.88,4.25,51.87
Bengaluru,2019-05-22,107.0,Moderate,40.4,84.74,28.98,1.11,5.69,62.73
Bengaluru,2019-05-23,102.0,Moderate,43.26,97.98,34.61,1.04,3.95,34.01
Bengaluru,2019-05-24,92.0,Satisfactory,35.93,75.5,27.67,0.89,5.29,51.84
Bengaluru,2019-05-25,82.0,Satisfactory,26.07,71.31,25.34,0.79,5.0,54.83
Bengaluru,2019-05-26,91.0,Satisfactory,22.5,49.25,26.04,0.69,3.85,65.11
Bengaluru,2019-05-27,92.0,Satisfactory,25.77,59.78,32.49,0.94,4.44,60.35
Bengaluru,2019-05-28,92.0,Satisfactory,38.91,84.93,25.31,0.92,4.07,51.83
Bengaluru,2019-05-29,112.0,Moderate,28.66,62.28,24.99,0.75,4.82,82.31
Bengaluru,2019-05-30,98.0,Satisfactory,35.18,77.36,22.93,0.79,3.96,64.17
Bengaluru,2019-05-31,101.0,Moderate,30.29,60.85,24.81,0.82,4.09,69.14
Bengaluru,2019-06-01,89.0,Satisfactory,28.95,64.19,27.09,1.04,4.4,52.56
Bengaluru,2019-06-02,100.0,Satisfactory,44.24,64.72,18.31,0.85,4.39,45.14
Bengaluru,2019-06-03,98.0,Satisfactory,20.3,42.09,23.54,0.9,4.71,51.34
Bengaluru,2019-06-04,69.0,Satisfactory,27.33,61.65,24.48,0.79,4.54,40.04
Bengaluru,2019-06-05,78.0,Satisfactory,28.4,56.09,23.56,0.75,4.73,45.01
Bengaluru,2019-06-06,78.0,Satisfactory,25.72,51.53,27.41,1.02,4.17,46.31
Bengaluru,2019-06-07,102.0,Moderate,25.02,56.96,31.44,0.92,5.38,50.51
Bengaluru,2019-06-08,76.0,Satisfactory,23.54,53.47,23.49,0.81,5.1,54.31
Bengaluru,2019-06-09,66.0,Satisfactory,16.31,39.84,17.7,0.66,4.02,50.05
Bengaluru,2019-06-10,54.0,Satisfactory,7.85,25.87,16.77,0.62,4.44,45.0
Bengaluru,2019-06-11,50.0,Good,11.32,30.88,16.85,0.72,4.58,36.82
Bengaluru,2019-06-12,51.0,Satisfactory,12.8,35.87,17.93,0.61,6.09,30.56
Bengaluru,2019-06-13,50.0,Good,16.38,38.15,17.76,0.66,7.48,25.3
Bengaluru,2019-06-14,59.0,Satisfactory,22.11,47.2,18.09,0.64,8.44,24.42
Bengaluru,2019-06-15,69.0,Satisfactory,23.64,54.09,20.9,0.68,8.45,24.61
Bengaluru,2019-06-16,63.0,Satisfactory,22.01,56.08,18.54,0.62,8.99,25.18
Bengaluru,2019-06-17,61.0,Satisfactory,25.77,64.03,21.68,0.7,8.36,30.6
Bengaluru,2019-06-18,70.0,Satisfactory,28.82,64.96,20.1,0.7,6.23,30.67
Bengaluru,2019-06-19,74.0,Satisfactory,25.41,60.88,20.9,0.78,4.91,29.26
Bengaluru,2019-06-20,67.0,Satisfactory,24.36,53.32,18.74,0.65,4.96,32.97
Bengaluru,2019-06-21,64.0,Satisfactory,25.35,56.61,20.66,0.74,5.48,38.03
Bengaluru,2019-06-22,67.0,Satisfactory,16.58,45.48,20.04,0.69,5.06,38.81
Bengaluru,2019-06-23,66.0,Satisfactory,14.8,36.43,20.19,0.67,4.46,37.89
Bengaluru,2019-06-24,65.0,Satisfactory,18.54,44.9,21.39,0.71,4.33,32.56
Bengaluru,2019-06-25,65.0,Satisfactory,30.39,76.25,23.04,0.76,4.77,30.97
Bengaluru,2019-06-26,74.0,Satisfactory,34.69,61.12,21.39,0.76,4.15,25.3
Bengaluru,2019-06-27,72.0,Satisfactory,26.44,65.51,21.17,0.72,4.27,28.6
Bengaluru,2019-06-28,72.0,Satisfactory,26.98,85.13,21.09,0.68,4.78,33.5
Bengaluru,2019-06-29,79.0,Satisfactory,25.37,81.98,24.27,0.72,4.7,37.55
Bengaluru,2019-06-30,68.0,Satisfactory,20.16,63.53,17.51,0.63,3.91,33.55
Bengaluru,2019-07-01,65.0,Satisfactory,26.89,70.15,18.8,0.71,4.63,35.0
Bengaluru,2019-07-02,70.0,Satisfactory,20.79,62.01,19.94,0.73,5.37,39.44
Bengaluru,2019-07-03,64.0,Satisfactory,18.25,60.9,18.61,0.7,4.98,33.59
Bengaluru,2019-07-04,65.0,Satisfactory,18.92,60.19,21.98,0.79,5.09,27.13
Bengaluru,2019-07-05,63.0,Satisfactory,20.9,57.46,19.92,0.7,5.03,25.86
Bengaluru,2019-07-06,62.0,Satisfactory,16.65,51.06,21.47,0.76,5.32,29.0
Bengaluru,2019-07-07,69.0,Satisfactory,19.38,68.71,18.38,0.75,5.3,32.8
Bengaluru,2019-07-08,58.0,Satisfactory,17.24,55.7,16.23,0.76,5.8,29.35
Bengaluru,2019-07-09,64.0,Satisfactory,19.53,46.87,16.78,0.86,5.41,25.43
Bengaluru,2019-07-10,68.0,Satisfactory,31.67,50.35,19.9,0.78,5.79,30.18
Bengaluru,2019-07-11,86.0,Satisfactory,23.49,61.32,24.25,0.84,7.22,31.66
Bengaluru,2019-07-12,71.0,Satisfactory,20.95,62.33,22.71,0.79,7.87,32.12
Bengaluru,2019-07-13,62.0,Satisfactory,20.39,57.91,21.27,0.75,6.01,32.55
Bengaluru,2019-07-14,63.0,Satisfactory,19.18,51.48,20.0,0.74,6.77,31.64
Bengaluru,2019-07-15,65.0,Satisfactory,17.84,47.39,21.24,0.8,5.93,32.19
Bengaluru,2019-07-16,65.0,Satisfactory,24.91,46.99,21.88,0.8,4.12,25.04
Bengaluru,2019-07-17,69.0,Satisfactory,26.83,55.0,24.84,0.82,3.9,25.39
Bengaluru,2019-07-18,73.0,Satisfactory,30.97,62.36,27.45,0.85,4.16,23.45
Bengaluru,2019-07-19,66.0,Satisfactory,18.98,37.85,22.61,0.67,4.42,22.89
Bengaluru,2019-07-20,48.0,Good,15.96,42.66,21.56,0.63,7.4,25.53
Bengaluru,2019-07-21,64.0,Satisfactory,19.24,41.46,23.64,0.67,7.96,25.98
Bengaluru,2019-07-22,57.0,Satisfactory,15.91,41.71,24.64,0.69,6.1,27.44
Bengaluru,2019-07-23,56.0,Satisfactory,19.14,41.62,23.99,0.75,3.98,24.3
Bengaluru,2019-07-24,60.0,Satisfactory,20.89,63.75,23.42,0.67,3.69,25.88
Bengaluru,2019-07-25,64.0,Satisfactory,20.67,53.24,23.58,0.77,3.63,23.94
Bengaluru,2019-07-26,62.0,Satisfactory,20.33,53.25,23.49,0.73,4.09,21.84
Bengaluru,2019-07-27,55.0,Satisfactory,23.21,50.99,20.93,0.64,3.87,24.81
Bengaluru,2019-07-28,62.0,Satisfactory,23.3,49.13,21.15,0.71,5.9,25.68
Bengaluru,2019-07-29,64.0,Satisfactory,18.61,56.25,19.89,0.68,3.82,25.3
Bengaluru,2019-07-30,58.0,Satisfactory,23.14,56.4,21.54,0.72,3.95,23.02
Bengaluru,2019-07-31,58.0,Satisfactory,26.99,47.37,21.64,0.66,3.58,23.67
Bengaluru,2019-08-01,61.0,Satisfactory,19.87,51.46,19.76,0.69,3.68,23.76
Bengaluru,2019-08-02,59.0,Satisfactory,18.45,52.16,22.04,0.75,4.34,21.7
Bengaluru,2019-08-03,56.0,Satisfactory,18.13,46.6,19.08,0.65,4.05,25.31
Bengaluru,2019-08-04,60.0,Satisfactory,16.26,41.66,17.21,0.69,4.08,23.02
Bengaluru,2019-08-05,53.0,Satisfactory,15.08,29.63,18.83,0.65,4.26,17.14
Bengaluru,2019-08-06,48.0,Good,14.76,30.58,20.9,0.71,4.38,18.42
Bengaluru,2019-08-07,57.0,Satisfactory,14.94,32.65,20.29,0.78,4.52,14.32
Bengaluru,2019-08-08,53.0,Satisfactory,14.31,27.28,19.56,0.67,4.1,14.25
Bengaluru,2019-08-09,55.0,Satisfactory,15.53,30.16,21.17,0.71,3.44,17.32
Bengaluru,2019-08-10,49.0,Good,13.63,38.48,22.07,0.72,3.53,18.47
Bengaluru,2019-08-11,50.0,Good,12.95,38.27,19.08,0.61,3.57,17.76
Bengaluru,2019-08-12,52.0,Satisfactory,18.62,46.51,21.34,0.78,4.06,17.11
Bengaluru,2019-08-13,68.0,Satisfactory,22.1,46.9,24.49,0.93,4.13,18.88
Bengaluru,2019-08-14,70.0,Satisfactory,26.64,46.08,22.95,0.81,3.5,22.74
Bengaluru,2019-08-15,59.0,Satisfactory,15.63,38.14,20.93,0.69,2.97,22.46
Bengaluru,2019-08-16,51.0,Satisfactory,18.63,34.85,20.7,0.76,3.49,16.92
Bengaluru,2019-08-17,61.0,Satisfactory,20.79,52.0,24.71,0.9,3.7,16.32
Bengaluru,2019-08-18,67.0,Satisfactory,23.25,47.66,26.34,0.85,3.66,14.77
Bengaluru,2019-08-19,65.0,Satisfactory,20.73,49.59,27.88,0.88,3.85,17.67
Bengaluru,2019-08-20,74.0,Satisfactory,18.28,48.73,24.0,0.98,3.8,15.63
Bengaluru,2019-08-21,73.0,Satisfactory,17.04,45.86,20.38,1.06,4.86,17.45
Bengaluru,2019-08-22,68.0,Satisfactory,17.3,57.03,18.74,0.83,4.84,16.68
Bengaluru,2019-08-23,65.0,Satisfactory,15.08,44.78,18.23,0.85,4.64,18.5
Bengaluru,2019-08-24,57.0,Satisfactory,15.29,63.42,19.16,0.77,4.8,18.52
Bengaluru,2019-08-25,68.0,Satisfactory,14.98,55.99,15.48,0.58,5.48,20.37
Bengaluru,2019-08-26,63.0,Satisfactory,14.14,49.29,17.29,0.72,5.42,22.91
Bengaluru,2019-08-27,61.0,Satisfactory,11.42,47.0,19.78,0.71,7.1,23.6
Bengaluru,2019-08-28,52.0,Satisfactory,15.3,42.17,21.27,0.63,5.11,22.94
Bengaluru,2019-08-29,49.0,Good,17.22,44.99,18.4,0.64,5.43,22.19
Bengaluru,2019-08-30,53.0,Satisfactory,15.01,50.6,17.69,0.71,5.01,22.84
Bengaluru,2019-08-31,63.0,Satisfactory,20.82,65.26,19.48,0.79,4.89,21.78
Bengaluru,2019-09-01,61.0,Satisfactory,17.64,47.85,15.11,0.67,5.24,21.03
Bengaluru,2019-09-02,48.0,Good,10.98,27.78,12.39,0.64,5.3,21.01
Bengaluru,2019-09-03,51.0,Satisfactory,11.18,32.65,15.56,0.73,5.21,20.36
Bengaluru,2019-09-04,51.0,Satisfactory,13.01,40.46,16.9,0.72,5.33,19.94
Bengaluru,2019-09-05,56.0,Satisfactory,13.84,42.24,16.5,0.79,5.18,18.43
Bengaluru,2019-09-06,64.0,Satisfactory,15.34,44.08,16.14,0.88,5.36,17.88
Bengaluru,2019-09-07,63.0,Satisfactory,20.16,45.38,15.83,0.79,6.09,16.27
Bengaluru,2019-09-08,62.0,Satisfactory,12.63,45.47,12.36,0.79,6.15,17.38
Bengaluru,2019-09-09,63.0,Satisfactory,15.92,49.54,13.9,0.78,5.78,18.74
Bengaluru,2019-09-10,67.0,Satisfactory,20.67,58.85,12.3,0.73,5.49,22.64
Bengaluru,2019-09-11,62.0,Satisfactory,19.51,60.37,14.46,0.72,5.11,23.25
Bengaluru,2019-09-12,68.0,Satisfactory,20.53,57.11,24.3,0.8,5.18,24.32
Bengaluru,2019-09-13,67.0,Satisfactory,21.84,60.43,23.38,0.86,4.94,25.03
Bengaluru,2019-09-14,70.0,Satisfactory,22.29,56.94,21.87,0.76,5.58,27.33
Bengaluru,2019-09-15,69.0,Satisfactory,21.74,50.11,19.46,0.78,5.31,27.56
Bengaluru,2019-09-16,67.0,Satisfactory,48.41,40.74,19.11,0.82,5.11,25.41
Bengaluru,2019-09-17,120.0,Moderate,68.71,43.3,22.09,1.0,4.84,23.88
Bengaluru,2019-09-18,92.0,Satisfactory,22.83,63.17,22.04,0.95,4.32,26.44
Bengaluru,2019-09-19,82.0,Satisfactory,23.96,59.79,20.04,0.85,4.64,31.73
Bengaluru,2019-09-20,67.0,Satisfactory,19.12,56.78,23.82,0.82,4.81,30.27
Bengaluru,2019-09-21,74.0,Satisfactory,22.92,68.81,24.96,0.92,5.07,31.65
Bengaluru,2019-09-22,81.0,Satisfactory,19.15,53.11,27.97,1.01,4.92,31.13
Bengaluru,2019-09-23,91.0,Satisfactory,24.78,50.88,38.91,1.2,5.99,34.28
Bengaluru,2019-09-24,100.0,Satisfactory,17.68,36.94,33.19,1.15,5.91,43.22
Bengaluru,2019-09-25,81.0,Satisfactory,13.45,32.33,24.87,0.85,4.98,34.55
Bengaluru,2019-09-26,64.0,Satisfactory,16.59,41.07,20.76,0.83,4.63,30.31
Bengaluru,2019-09-27,83.0,Satisfactory,32.55,75.73,28.02,1.04,4.97,33.78
Bengaluru,2019-09-28,99.0,Satisfactory,26.32,78.07,26.64,0.98,4.69,42.02
Bengaluru,2019-09-29,93.0,Satisfactory,38.4,87.7,22.87,0.79,5.51,41.53
Bengaluru,2019-09-30,73.0,Satisfactory,23.22,53.78,19.29,0.81,5.24,34.56
Bengaluru,2019-10-01,88.0,Satisfactory,34.28,68.99,25.88,1.01,4.56,38.57
Bengaluru,2019-10-02,92.0,Satisfactory,17.34,36.79,32.46,0.94,6.01,40.57
Bengaluru,2019-10-03,95.0,Satisfactory,26.79,52.83,35.24,1.01,5.33,50.22
Bengaluru,2019-10-04,104.0,Moderate,41.28,58.29,41.03,1.1,4.35,49.07
Bengaluru,2019-10-05,107.0,Moderate,32.73,70.53,46.1,1.13,4.22,31.39
Bengaluru,2019-10-06,85.0,Satisfactory,27.15,55.82,33.96,0.92,3.39,37.5
Bengaluru,2019-10-07,88.0,Satisfactory,35.57,60.1,37.6,1.14,4.19,34.78
Bengaluru,2019-10-08,92.0,Satisfactory,24.46,39.4,28.28,0.71,3.39,46.65
Bengaluru,2019-10-09,89.0,Satisfactory,31.67,46.37,39.99,0.95,4.97,40.67
Bengaluru,2019-10-10,146.0,Moderate,73.77,70.64,36.15,0.87,4.81,34.15
Bengaluru,2019-10-11,95.0,Satisfactory,45.16,79.81,37.89,0.83,3.94,34.94
Bengaluru,2019-10-12,90.0,Satisfactory,38.44,75.75,30.58,0.83,4.47,29.02
Bengaluru,2019-10-13,72.0,Satisfactory,20.84,46.8,23.0,0.79,4.48,22.31
Bengaluru,2019-10-14,73.0,Satisfactory,22.61,52.98,26.95,0.85,4.18,20.5
Bengaluru,2019-10-15,79.0,Satisfactory,24.94,57.89,28.5,0.83,4.42,23.94
Bengaluru,2019-10-16,71.0,Satisfactory,21.73,57.38,28.28,0.72,3.85,25.81
Bengaluru,2019-10-17,75.0,Satisfactory,19.3,48.38,27.52,0.85,3.74,20.66
Bengaluru,2019-10-18,69.0,Satisfactory,25.83,52.13,24.42,0.71,4.83,24.17
Bengaluru,2019-10-19,71.0,Satisfactory,19.25,37.64,23.99,0.72,4.63,20.61
Bengaluru,2019-10-20,56.0,Satisfactory,17.2,39.02,23.31,0.52,5.72,26.13
Bengaluru,2019-10-21,69.0,Satisfactory,20.71,41.14,30.13,0.85,5.78,22.97
Bengaluru,2019-10-22,69.0,Satisfactory,16.46,35.11,24.22,0.83,5.59,22.81
Bengaluru,2019-10-23,66.0,Satisfactory,11.71,35.91,16.97,0.83,6.07,17.5
Bengaluru,2019-10-24,62.0,Satisfactory,12.57,46.46,15.8,0.76,6.39,21.49
Bengaluru,2019-10-25,65.0,Satisfactory,13.43,42.75,18.11,0.83,6.37,19.33
Bengaluru,2019-10-26,59.0,Satisfactory,18.21,47.6,18.89,0.74,5.76,19.0
Bengaluru,2019-10-27,74.0,Satisfactory,42.44,74.17,21.32,1.01,5.26,20.17
Bengaluru,2019-10-28,88.0,Satisfactory,42.44,78.91,24.6,1.04,5.38,18.21
Bengaluru,2019-10-29,80.0,Satisfactory,34.24,78.0,22.99,0.97,6.61,20.89
Bengaluru,2019-10-30,78.0,Satisfactory,18.77,42.23,26.91,0.98,6.42,27.66
Bengaluru,2019-10-31,68.0,Satisfactory,18.62,49.95,24.47,0.87,5.73,35.18
Bengaluru,2019-11-01,84.0,Satisfactory,27.42,77.15,25.98,0.9,6.0,41.88
Bengaluru,2019-11-02,77.0,Satisfactory,27.1,72.41,25.19,1.08,6.16,30.92
Bengaluru,2019-11-03,89.0,Satisfactory,40.0,71.78,26.32,0.99,5.46,34.6
Bengaluru,2019-11-04,95.0,Satisfactory,54.83,112.73,36.74,1.26,5.53,38.89
Bengaluru,2019-11-05,139.0,Moderate,73.88,144.98,41.5,1.48,6.15,34.78
Bengaluru,2019-11-06,169.0,Moderate,94.17,142.05,38.83,1.36,5.74,55.74
Bengaluru,2019-11-07,174.0,Moderate,92.21,136.66,44.07,1.38,5.9,54.15
Bengaluru,2019-11-08,159.0,Moderate,69.3,110.88,38.45,1.29,6.55,42.01
Bengaluru,2019-11-09,116.0,Moderate,47.14,102.59,35.19,1.07,5.61,41.92
Bengaluru,2019-11-10,96.0,Satisfactory,52.86,102.92,30.63,1.0,5.26,41.1
Bengaluru,2019-11-11,124.0,Moderate,61.83,117.91,33.11,0.96,5.67,57.13
Bengaluru,2019-11-12,96.0,Satisfactory,27.77,68.96,26.07,1.0,6.13,46.59
Bengaluru,2019-11-13,83.0,Satisfactory,30.39,81.26,28.6,0.93,6.37,43.84
Bengaluru,2019-11-14,80.0,Satisfactory,23.32,61.17,26.92,0.92,6.12,38.82
Bengaluru,2019-11-15,77.0,Satisfactory,26.33,65.78,28.61,1.1,6.02,18.93
Bengaluru,2019-11-16,82.0,Satisfactory,20.62,57.92,26.87,1.01,6.16,21.06
Bengaluru,2019-11-17,76.0,Satisfactory,30.7,64.16,28.0,0.84,6.37,36.16
Bengaluru,2019-11-18,72.0,Satisfactory,27.07,61.85,29.65,1.01,6.8,30.81
Bengaluru,2019-11-19,74.0,Satisfactory,20.23,51.01,26.77,0.96,6.55,25.97
Bengaluru,2019-11-20,77.0,Satisfactory,21.12,48.76,27.06,1.05,6.93,23.22
Bengaluru,2019-11-21,86.0,Satisfactory,42.28,78.55,34.02,1.19,6.68,29.31
Bengaluru,2019-11-22,96.0,Satisfactory,44.17,78.49,32.14,1.06,6.26,32.59
Bengaluru,2019-11-23,90.0,Satisfactory,36.68,68.13,32.05,1.01,6.44,36.87
Bengaluru,2019-11-24,79.0,Satisfactory,41.18,71.69,21.45,0.9,6.17,47.58
Bengaluru,2019-11-25,83.0,Satisfactory,37.44,69.94,27.71,1.17,6.81,37.89
Bengaluru,2019-11-26,88.0,Satisfactory,35.44,72.66,30.62,1.0,5.87,43.3
Bengaluru,2019-11-27,89.0,Satisfactory,33.02,65.25,35.64,1.22,6.34,34.88
Bengaluru,2019-11-28,86.0,Satisfactory,23.08,53.29,29.76,1.04,6.31,30.99
Bengaluru,2019-11-29,75.0,Satisfactory,22.97,61.34,25.68,1.0,5.38,24.82
Bengaluru,2019-11-30,75.0,Satisfactory,23.25,50.92,22.84,1.03,5.46,19.8
Bengaluru,2019-12-01,65.0,Satisfactory,13.46,42.5,20.19,0.93,6.35,18.54
Bengaluru,2019-12-02,70.0,Satisfactory,13.96,34.67,21.53,0.94,5.99,22.64
Bengaluru,2019-12-03,76.0,Satisfactory,27.28,55.3,27.81,1.11,6.03,28.88
Bengaluru,2019-12-04,86.0,Satisfactory,38.2,69.48,26.87,0.96,5.33,44.53
Bengaluru,2019-12-05,87.0,Satisfactory,55.45,91.85,32.39,0.94,6.48,42.62
Bengaluru,2019-12-06,103.0,Moderate,57.3,96.47,32.59,0.94,6.69,40.61
Bengaluru,2019-12-07,89.0,Satisfactory,39.42,71.64,32.74,1.05,7.05,30.49
Bengaluru,2019-12-08,68.0,Satisfactory,23.79,52.13,26.15,0.95,8.15,28.46
Bengaluru,2019-12-09,70.0,Satisfactory,21.29,56.84,29.26,1.03,6.57,29.65
Bengaluru,2019-12-10,74.0,Satisfactory,20.31,55.42,27.3,1.02,6.59,33.44
Bengaluru,2019-12-11,73.0,Satisfactory,28.62,63.74,29.94,0.84,5.96,31.81
Bengaluru,2019-12-12,77.0,Satisfactory,28.93,67.98,28.49,0.91,5.81,37.02
Bengaluru,2019-12-13,74.0,Satisfactory,30.65,71.83,26.71,0.94,6.69,35.09
Bengaluru,2019-12-14,74.0,Satisfactory,23.6,60.07,25.5,0.97,6.56,28.77
Bengaluru,2019-12-15,68.0,Satisfactory,25.33,66.09,23.85,0.78,6.28,34.2
Bengaluru,2019-12-16,69.0,Satisfactory,24.25,59.81,25.62,0.91,7.0,30.69
Bengaluru,2019-12-17,69.0,Satisfactory,27.65,61.09,28.51,1.05,6.73,30.3
Bengaluru,2019-12-18,82.0,Satisfactory,42.91,84.86,31.51,1.13,6.79,32.35
Bengaluru,2019-12-19,85.0,Satisfactory,38.66,77.48,30.63,1.16,7.36,26.97
Bengaluru,2019-12-20,91.0,Satisfactory,44.46,91.61,32.5,1.19,5.91,28.4
Bengaluru,2019-12-21,95.0,Satisfactory,48.62,89.87,29.51,0.98,6.45,37.53
Bengaluru,2019-12-22,88.0,Satisfactory,46.52,84.08,25.65,0.91,6.09,45.17
Bengaluru,2019-12-23,92.0,Satisfactory,49.33,89.98,31.35,1.0,6.11,43.35
Bengaluru,2019-12-24,89.0,Satisfactory,35.84,77.13,29.34,1.13,7.13,37.89
Bengaluru,2019-12-25,76.0,Satisfactory,35.48,71.87,26.59,1.03,5.95,32.38
Bengaluru,2019-12-26,95.0,Satisfactory,44.27,87.08,29.46,1.03,6.25,43.66
Bengaluru,2019-12-27,98.0,Satisfactory,43.32,87.09,31.24,1.09,6.6,39.42
Bengaluru,2019-12-28,82.0,Satisfactory,35.24,70.75,26.94,0.97,7.38,37.81
Bengaluru,2019-12-29,80.0,Satisfactory,38.53,73.77,26.2,0.92,7.39,43.5
Bengaluru,2019-12-30,93.0,Satisfactory,47.81,77.49,28.46,1.03,8.04,44.92
Bengaluru,2019-12-31,97.0,Satisfactory,42.54,84.76,29.1,1.06,7.58,45.78
Bengaluru,2020-01-01,82.0,Satisfactory,30.71,70.8,27.31,1.07,8.56,37.39
Bengaluru,2020-01-02,81.0,Satisfactory,25.78,62.73,28.05,1.16,7.52,33.11
Bengaluru,2020-01-03,85.0,Satisfactory,29.66,69.62,26.26,0.99,6.4,32.98
Bengaluru,2020-01-04,95.0,Satisfactory,52.62,106.81,31.56,1.39,6.94,37.35
Bengaluru,2020-01-05,118.0,Moderate,52.64,97.94,29.1,1.01,7.01,45.1
Bengaluru,2020-01-06,81.0,Satisfactory,24.74,62.08,27.57,1.09,6.97,25.22
Bengaluru,2020-01-07,75.0,Satisfactory,22.52,62.95,29.93,1.06,7.35,28.66
Bengaluru,2020-01-08,93.0,Satisfactory,30.92,74.18,30.86,1.03,6.61,47.48
Bengaluru,2020-01-09,101.0,Moderate,40.57,85.93,33.79,1.09,6.01,45.49
Bengaluru,2020-01-10,94.0,Satisfactory,39.29,83.02,36.97,1.05,7.71,39.61
Bengaluru,2020-01-11,78.0,Satisfactory,31.1,66.98,29.13,0.89,6.72,40.4
Bengaluru,2020-01-12,79.0,Satisfactory,39.5,75.34,30.57,0.97,7.38,37.47
Bengaluru,2020-01-13,106.0,Moderate,53.93,97.81,38.77,1.11,6.51,46.68
Bengaluru,2020-01-14,121.0,Moderate,64.35,108.24,43.03,1.08,7.03,47.83
Bengaluru,2020-01-15,111.0,Moderate,45.19,79.82,35.06,0.93,7.78,55.92
Bengaluru,2020-01-16,114.0,Moderate,39.36,84.68,38.18,1.2,7.7,59.83
Bengaluru,2020-01-17,106.0,Moderate,34.68,85.16,39.38,1.27,7.3,43.88
Bengaluru,2020-01-18,86.0,Satisfactory,26.9,65.04,26.29,0.95,5.81,24.91
Bengaluru,2020-01-19,66.0,Satisfactory,26.66,59.29,23.43,0.96,5.8,29.97
Bengaluru,2020-01-20,81.0,Satisfactory,34.51,82.12,33.42,1.07,5.74,35.59
Bengaluru,2020-01-21,90.0,Satisfactory,37.86,84.98,33.67,1.1,6.86,36.29
Bengaluru,2020-01-22,87.0,Satisfactory,28.25,71.37,30.62,1.23,6.35,32.1
Bengaluru,2020-01-23,82.0,Satisfactory,41.13,76.02,30.76,1.1,7.64,31.17
Bengaluru,2020-01-24,108.0,Moderate,42.19,84.68,39.01,1.22,7.44,29.94
Bengaluru,2020-01-25,100.0,Satisfactory,44.82,95.52,46.43,1.23,6.85,30.14
Bengaluru,2020-01-26,97.0,Satisfactory,44.48,93.93,45.71,1.1,8.32,36.55
Bengaluru,2020-01-27,98.0,Satisfactory,45.49,92.25,41.23,1.24,9.36,42.71
Bengaluru,2020-01-28,102.0,Moderate,52.63,98.54,33.37,1.17,13.04,47.28
Bengaluru,2020-01-29,115.0,Moderate,46.45,100.44,38.65,0.99,11.45,50.62
Bengaluru,2020-01-30,112.0,Moderate,43.42,107.2,47.61,1.19,9.86,37.97
Bengaluru,2020-01-31,111.0,Moderate,46.36,102.88,37.62,1.05,8.97,47.97
Bengaluru,2020-02-01,102.0,Moderate,52.07,105.15,31.67,1.03,10.3,43.71
Bengaluru,2020-02-02,94.0,Satisfactory,35.27,84.84,24.1,0.81,6.12,39.98
Bengaluru,2020-02-03,79.0,Satisfactory,33.79,80.75,34.38,0.96,7.34,32.47
Bengaluru,2020-02-04,82.0,Satisfactory,29.27,75.0,32.2,1.0,6.81,32.0
Bengaluru,2020-02-05,86.0,Satisfactory,30.66,74.45,30.15,1.16,7.47,34.73
Bengaluru,2020-02-06,96.0,Satisfactory,43.83,92.77,35.14,1.11,6.93,41.55
Bengaluru,2020-02-07,96.0,Satisfactory,49.51,103.19,31.27,1.06,8.53,41.16
Bengaluru,2020-02-08,105.0,Moderate,45.3,106.63,30.49,0.95,7.2,38.36
Bengaluru,2020-02-09,101.0,Moderate,52.39,111.14,25.96,1.06,10.99,34.35
Bengaluru,2020-02-10,103.0,Moderate,35.53,82.96,26.2,1.09,8.07,32.75
Bengaluru,2020-02-11,87.0,Satisfactory,33.94,77.23,28.99,1.07,7.08,34.75
Bengaluru,2020-02-12,80.0,Satisfactory,32.82,72.71,28.34,0.93,7.06,34.6
Bengaluru,2020-02-13,84.0,Satisfactory,37.67,86.81,37.32,1.06,7.06,34.92
Bengaluru,2020-02-14,111.0,Moderate,50.47,120.55,46.46,1.29,6.98,45.01
Bengaluru,2020-02-15,128.0,Moderate,54.91,129.65,54.43,1.24,7.48,46.99
Bengaluru,2020-02-16,120.0,Moderate,45.02,89.03,36.76,0.99,8.14,49.12
Bengaluru,2020-02-17,99.0,Satisfactory,41.66,94.89,43.77,1.15,9.48,42.21
Bengaluru,2020-02-18,103.0,Moderate,43.29,105.87,42.79,1.07,7.44,47.44
Bengaluru,2020-02-19,101.0,Moderate,55.31,97.46,36.85,1.28,7.62,49.57
Bengaluru,2020-02-20,94.0,Satisfactory,47.86,95.51,33.04,1.06,5.97,38.42
Bengaluru,2020-02-21,90.0,Satisfactory,30.24,72.85,24.85,1.0,6.25,40.89
Bengaluru,2020-02-22,78.0,Satisfactory,33.96,82.03,23.75,0.98,6.62,37.76
Bengaluru,2020-02-23,81.0,Satisfactory,36.3,85.26,21.8,1.09,5.92,49.19
Bengaluru,2020-02-24,82.0,Satisfactory,35.6,82.42,25.61,1.01,5.93,43.59
Bengaluru,2020-02-25,107.0,Moderate,41.83,97.01,31.08,1.28,6.01,50.22
Bengaluru,2020-02-26,104.0,Moderate,47.39,88.67,27.21,0.97,5.38,36.49
Bengaluru,2020-02-27,112.0,Moderate,39.39,92.84,31.61,1.16,6.72,41.29
Bengaluru,2020-02-28,98.0,Satisfactory,42.58,95.58,26.77,1.06,6.75,46.4
Bengaluru,2020-02-29,95.0,Satisfactory,48.75,95.45,27.79,1.01,6.22,47.04
Bengaluru,2020-03-01,101.0,Moderate,56.2,89.66,21.91,0.98,7.09,49.93
Bengaluru,2020-03-02,103.0,Moderate,53.75,115.89,29.55,1.18,6.36,48.39
Bengaluru,2020-03-03,137.0,Moderate,70.78,154.34,32.33,1.27,6.96,61.01
Bengaluru,2020-03-04,131.0,Moderate,55.66,118.07,33.05,1.22,6.6,52.01
Bengaluru,2020-03-05,117.0,Moderate,57.89,111.38,28.68,1.04,7.21,53.06
Bengaluru,2020-03-06,100.0,Satisfactory,41.84,83.19,23.14,0.94,8.07,50.82
Bengaluru,2020-03-07,93.0,Satisfactory,44.33,89.88,26.8,0.98,7.12,37.49
Bengaluru,2020-03-08,91.0,Satisfactory,38.66,84.01,21.71,0.88,6.71,40.31
Bengaluru,2020-03-09,99.0,Satisfactory,38.88,84.66,23.26,0.99,7.41,45.57
Bengaluru,2020-03-10,93.0,Satisfactory,41.48,89.64,22.84,0.94,7.08,50.57
Bengaluru,2020-03-11,95.0,Satisfactory,39.57,80.31,25.62,0.96,8.25,50.73
Bengaluru,2020-03-12,97.0,Satisfactory,34.62,78.55,28.58,1.05,6.36,49.83
Bengaluru,2020-03-13,90.0,Satisfactory,34.77,76.68,27.42,0.93,7.36,42.26
Bengaluru,2020-03-14,86.0,Satisfactory,29.97,72.04,27.04,0.91,6.65,38.8
Bengaluru,2020-03-15,88.0,Satisfactory,33.96,72.17,22.19,0.92,6.97,49.32
Bengaluru,2020-03-16,79.0,Satisfactory,26.15,71.05,21.45,0.84,6.75,36.51
Bengaluru,2020-03-17,77.0,Satisfactory,24.15,77.96,19.78,0.86,7.01,31.85
Bengaluru,2020-03-18,78.0,Satisfactory,29.66,72.55,24.72,0.9,7.25,39.28
Bengaluru,2020-03-19,91.0,Satisfactory,38.15,87.04,26.49,0.93,7.97,55.4
Bengaluru,2020-03-20,100.0,Satisfactory,43.31,94.45,23.38,0.98,6.97,53.12
Bengaluru,2020-03-21,103.0,Moderate,40.62,95.67,31.05,1.06,6.75,59.91
Bengaluru,2020-03-22,99.0,Satisfactory,30.16,66.88,13.39,0.82,6.92,48.99
Bengaluru,2020-03-23,85.0,Satisfactory,40.28,82.77,20.12,1.05,6.03,42.02
Bengaluru,2020-03-24,106.0,Moderate,50.85,82.89,15.65,0.86,6.39,39.76
Bengaluru,2020-03-25,70.0,Satisfactory,25.25,48.81,9.73,0.76,7.92,38.24
Bengaluru,2020-03-26,61.0,Satisfactory,27.77,51.53,8.99,0.7,5.87,35.05
Bengaluru,2020-03-27,67.0,Satisfactory,27.47,51.79,9.44,0.85,6.49,35.6
Bengaluru,2020-03-28,70.0,Satisfactory,24.89,45.75,10.58,0.85,6.11,36.29
Bengaluru,2020-03-29,66.0,Satisfactory,28.45,47.23,12.22,0.85,6.37,37.19
Bengaluru,2020-03-30,72.0,Satisfactory,32.46,53.57,11.09,0.91,6.77,41.31
Bengaluru,2020-03-31,68.0,Satisfactory,22.01,48.55,10.09,0.83,5.11,42.69
Bengaluru,2020-04-01,64.0,Satisfactory,22.54,49.89,10.37,0.76,5.81,41.52
Bengaluru,2020-04-02,70.0,Satisfactory,27.12,58.49,9.58,0.86,5.56,46.12
Bengaluru,2020-04-03,82.0,Satisfactory,34.12,69.87,9.69,0.77,6.8,49.16
Bengaluru,2020-04-04,74.0,Satisfactory,31.93,63.83,9.23,0.72,6.51,43.88
Bengaluru,2020-04-05,77.0,Satisfactory,30.26,67.3,9.81,0.8,6.06,39.66
Bengaluru,2020-04-06,65.0,Satisfactory,22.68,50.53,11.52,0.71,4.44,42.79
Bengaluru,2020-04-07,62.0,Satisfactory,15.14,20.84,13.48,0.71,5.3,42.61
Bengaluru,2020-04-08,67.0,Satisfactory,18.39,28.13,13.73,0.72,5.55,52.65
Bengaluru,2020-04-09,65.0,Satisfactory,23.32,32.12,12.38,0.73,5.83,48.84
Bengaluru,2020-04-10,76.0,Satisfactory,30.06,22.69,11.5,0.67,6.1,47.67
Bengaluru,2020-04-11,70.0,Satisfactory,26.99,35.92,10.63,0.79,6.06,45.02
Bengaluru,2020-04-12,64.0,Satisfactory,22.38,35.49,11.74,0.72,4.78,47.0
Bengaluru,2020-04-13,72.0,Satisfactory,25.61,42.98,15.57,0.71,5.75,46.22
Bengaluru,2020-04-14,72.0,Satisfactory,30.24,52.51,15.73,0.69,6.34,46.63
Bengaluru,2020-04-15,74.0,Satisfactory,33.62,50.11,13.81,0.67,8.19,46.04
Bengaluru,2020-04-16,66.0,Satisfactory,25.27,42.7,12.73,0.73,6.55,43.3
Bengaluru,2020-04-17,74.0,Satisfactory,40.0,50.83,12.28,0.65,5.77,41.22
Bengaluru,2020-04-18,94.0,Satisfactory,34.03,46.7,11.74,0.72,5.59,39.05
Bengaluru,2020-04-19,67.0,Satisfactory,24.22,41.6,10.48,0.61,6.21,36.3
Bengaluru,2020-04-20,53.0,Satisfactory,19.42,31.92,10.76,0.55,6.75,32.7
Bengaluru,2020-04-21,65.0,Satisfactory,17.04,48.52,13.02,0.78,6.2,31.78
Bengaluru,2020-04-22,71.0,Satisfactory,19.95,50.26,10.17,0.68,6.79,34.71
Bengaluru,2020-04-23,63.0,Satisfactory,26.1,48.49,11.41,0.67,6.36,38.1
Bengaluru,2020-04-24,69.0,Satisfactory,26.25,65.58,13.05,0.75,6.54,34.36
Bengaluru,2020-04-25,66.0,Satisfactory,25.98,55.47,13.04,0.69,5.83,30.95
Bengaluru,2020-04-26,61.0,Satisfactory,21.32,43.11,11.76,0.82,5.47,37.25
Bengaluru,2020-04-27,59.0,Satisfactory,19.25,50.33,11.69,0.76,5.55,33.06
Bengaluru,2020-04-28,71.0,Satisfactory,20.74,55.81,11.24,0.79,5.86,33.9
Bengaluru,2020-04-29,62.0,Satisfactory,13.68,39.31,12.02,0.74,5.73,30.77
Bengaluru,2020-04-30,61.0,Satisfactory,20.3,54.56,15.27,0.75,5.45,32.26
Bengaluru,2020-05-01,74.0,Satisfactory,24.81,61.29,12.6,0.67,6.28,40.97
Bengaluru,2020-05-02,72.0,Satisfactory,18.36,50.84,14.26,0.8,6.19,38.88
Bengaluru,2020-05-03,71.0,Satisfactory,22.35,56.07,17.28,0.82,6.23,39.28
Bengaluru,2020-05-04,79.0,Satisfactory,26.1,71.6,18.88,0.86,7.16,42.46
Bengaluru,2020-05-05,91.0,Satisfactory,29.23,87.56,18.26,0.82,7.44,43.07
Bengaluru,2020-05-06,85.0,Satisfactory,23.02,64.54,17.4,0.93,6.85,38.88
Bengaluru,2020-05-07,82.0,Satisfactory,26.87,72.07,18.2,0.88,6.09,34.69
Bengaluru,2020-05-08,73.0,Satisfactory,17.61,52.32,16.86,0.77,7.14,31.87
Bengaluru,2020-05-09,76.0,Satisfactory,21.05,60.98,14.05,0.77,7.51,30.1
Bengaluru,2020-05-10,78.0,Satisfactory,24.29,59.49,13.18,0.77,6.93,34.13
Bengaluru,2020-05-11,77.0,Satisfactory,20.58,66.73,14.23,0.81,7.7,35.18
Bengaluru,2020-05-12,82.0,Satisfactory,15.43,70.53,14.13,0.73,6.05,26.07
Bengaluru,2020-05-13,66.0,Satisfactory,14.56,39.32,13.82,0.8,6.09,27.46
Bengaluru,2020-05-14,66.0,Satisfactory,24.81,58.72,15.82,0.74,6.12,33.15
Bengaluru,2020-05-15,73.0,Satisfactory,17.34,46.71,16.79,0.87,7.39,25.11
Bengaluru,2020-05-16,74.0,Satisfactory,23.44,56.99,18.22,0.96,7.06,32.49
Bengaluru,2020-05-17,70.0,Satisfactory,21.25,52.69,13.24,0.72,7.19,36.41
Bengaluru,2020-05-18,68.0,Satisfactory,16.82,47.84,12.91,0.85,6.14,35.55
Bengaluru,2020-05-19,72.0,Satisfactory,23.81,79.02,13.11,0.73,5.67,27.88
Bengaluru,2020-05-20,79.0,Satisfactory,17.9,64.0,13.77,0.72,6.05,26.03
Bengaluru,2020-05-21,70.0,Satisfactory,19.53,60.44,14.59,0.74,5.8,26.55
Bengaluru,2020-05-22,68.0,Satisfactory,18.13,56.21,15.13,0.79,5.59,34.42
Bengaluru,2020-05-23,72.0,Satisfactory,19.52,62.59,15.05,0.72,6.29,39.84
Bengaluru,2020-05-24,66.0,Satisfactory,18.62,66.58,13.03,0.59,5.64,27.7
Bengaluru,2020-05-25,70.0,Satisfactory,21.06,57.36,16.82,0.7,5.81,33.26
Bengaluru,2020-05-26,66.0,Satisfactory,22.25,71.59,16.47,0.76,6.38,34.72
Bengaluru,2020-05-27,75.0,Satisfactory,19.81,55.23,18.54,0.92,6.03,26.83
Bengaluru,2020-05-28,74.0,Satisfactory,28.46,55.7,14.85,0.66,6.24,27.7
Bengaluru,2020-05-29,66.0,Satisfactory,23.16,53.37,15.72,0.7,6.48,25.16
Bengaluru,2020-05-30,72.0,Satisfactory,15.87,42.52,18.27,0.74,6.27,24.01
Bengaluru,2020-05-31,61.0,Satisfactory,23.32,51.62,11.58,0.84,7.01,25.66
Bengaluru,2020-06-01,49.0,Good,9.16,22.16,9.72,0.6,6.78,20.96
Bengaluru,2020-06-02,40.0,Good,8.95,19.43,9.76,0.57,6.65,17.46
Bengaluru,2020-06-03,42.0,Good,9.69,19.34,9.78,0.6,6.85,19.62
Bengaluru,2020-06-04,43.0,Good,10.91,30.11,11.51,0.62,6.94,17.73
Bengaluru,2020-06-05,55.0,Satisfactory,22.88,48.48,19.65,0.66,7.12,18.92
Bengaluru,2020-06-06,55.0,Satisfactory,18.18,50.12,17.1,0.6,7.16,18.22
Bengaluru,2020-06-07,55.0,Satisfactory,17.6,45.11,13.32,0.57,7.11,14.91
Bengaluru,2020-06-08,55.0,Satisfactory,20.16,48.85,15.31,0.65,6.88,16.9
Bengaluru,2020-06-09,58.0,Satisfactory,21.7,52.5,15.48,0.62,6.99,16.73
Bengaluru,2020-06-10,70.0,Satisfactory,25.44,73.07,15.98,0.66,6.92,15.65
Bengaluru,2020-06-11,59.0,Satisfactory,16.53,39.75,14.7,0.67,6.99,12.9
Bengaluru,2020-06-12,49.0,Good,16.84,35.21,13.83,0.64,7.2,15.56
Bengaluru,2020-06-13,50.0,Good,16.79,42.32,14.67,0.72,7.33,15.52
Bengaluru,2020-06-14,49.0,Good,16.66,35.74,12.31,0.56,6.86,13.54
Bengaluru,2020-06-15,47.0,Good,19.57,36.58,13.01,0.62,7.68,16.22
Bengaluru,2020-06-16,55.0,Satisfactory,17.07,45.6,13.32,0.6,7.21,16.51
Bengaluru,2020-06-17,57.0,Satisfactory,18.29,56.47,14.1,0.65,7.74,13.01
Bengaluru,2020-06-18,65.0,Satisfactory,28.32,63.66,13.98,0.73,7.27,12.63
Bengaluru,2020-06-19,65.0,Satisfactory,21.55,57.17,13.87,0.66,7.22,12.34
Bengaluru,2020-06-20,56.0,Satisfactory,18.32,47.55,13.62,0.66,7.81,14.16
Bengaluru,2020-06-21,52.0,Satisfactory,18.18,42.05,12.45,0.54,7.47,13.37
Bengaluru,2020-06-22,49.0,Good,15.65,40.19,14.45,0.62,7.18,13.04
Bengaluru,2020-06-23,56.0,Satisfactory,20.38,49.93,14.6,0.62,6.98,17.72
Bengaluru,2020-06-24,63.0,Satisfactory,19.72,52.43,14.61,0.61,6.86,18.26
Bengaluru,2020-06-25,63.0,Satisfactory,16.93,40.06,17.67,0.74,7.73,19.58
Bengaluru,2020-06-26,58.0,Satisfactory,15.4,28.66,14.29,0.61,7.45,19.53
Bengaluru,2020-06-27,51.0,Satisfactory,16.6,29.48,13.68,0.67,7.29,15.69
Bengaluru,2020-06-28,61.0,Satisfactory,20.44,26.34,10.33,0.66,6.6,17.59
Bengaluru,2020-06-29,65.0,Satisfactory,28.68,29.27,12.12,0.56,6.33,16.99
Bengaluru,2020-06-30,63.0,Satisfactory,14.47,24.26,12.69,0.56,6.45,16.08
Bengaluru,2020-07-01,43.0,Good,17.5,30.48,13.25,0.54,6.66,15.4
Chennai,2015-01-01,123.0,,51.67,105.95,15.39,1.17,9.2,11.35
Chennai,2015-01-02,123.0,,51.67,105.95,13.42,1.23,8.61,9.16
Chennai,2015-01-03,123.0,,51.67,105.95,19.56,0.77,48.23,13.45
Chennai,2015-01-04,123.0,,51.67,105.95,16.2,1.0,27.96,10.33
Chennai,2015-01-05,123.0,,51.67,105.95,16.3,0.9,16.6,9.36
Chennai,2015-01-06,123.0,,51.67,105.95,35.6,0.91,21.98,12.61
Chennai,2015-01-07,123.0,,51.67,105.95,46.38,1.22,28.13,13.94
Chennai,2015-01-08,123.0,,51.67,105.95,37.79,1.15,21.26,38.29
Chennai,2015-01-09,123.0,,51.67,105.95,42.65,1.31,22.82,27.34
Chennai,2015-01-10,123.0,,51.67,105.95,19.17,0.98,17.36,27.19
Chennai,2015-01-11,123.0,,51.67,105.95,49.87,0.8,21.75,19.04
Chennai,2015-01-12,123.0,,51.67,105.95,30.31,1.07,28.51,18.32
Chennai,2015-01-13,123.0,,51.67,105.95,64.35,0.97,16.44,17.25
Chennai,2015-01-14,123.0,,51.67,105.95,38.23,1.22,20.32,23.68
Chennai,2015-01-15,123.0,,51.67,105.95,23.87,1.01,21.92,14.1
Chennai,2015-01-16,123.0,,51.67,105.95,18.39,1.17,13.18,13.22
Chennai,2015-01-17,123.0,,51.67,105.95,17.4,1.7,10.44,26.34
Chennai,2015-01-18,123.0,,51.67,105.95,30.7,1.12,11.33,29.08
Chennai,2015-01-19,123.0,,51.67,105.95,41.8,2.35,9.72,27.45
Chennai,2015-01-20,123.0,,51.67,105.95,27.9,1.99,8.52,32.32
Chennai,2015-01-21,123.0,,51.67,105.95,59.26,1.79,9.28,18.84
Chennai,2015-01-22,123.0,,51.67,105.95,46.77,1.43,7.64,24.98
Chennai,2015-01-23,123.0,,51.67,105.95,37.55,3.43,10.57,42.33
Chennai,2015-01-24,123.0,,51.67,105.95,9.89,0.84,7.39,37.17
Chennai,2015-01-25,123.0,,51.67,105.95,10.14,0.85,7.16,17.11
Chennai,2015-01-26,123.0,,51.67,105.95,10.44,2.07,7.38,20.18
Chennai,2015-01-27,123.0,,51.67,105.95,12.63,1.16,7.14,27.02
Chennai,2015-01-28,123.0,,51.67,105.95,16.83,2.81,8.06,36.68
Chennai,2015-01-29,123.0,,51.67,105.95,41.79,0.84,8.46,26.29
Chennai,2015-01-30,123.0,,51.67,105.95,23.84,0.82,9.46,21.75
Chennai,2015-01-31,123.0,,51.67,105.95,46.59,0.94,7.88,38.57
Chennai,2015-02-01,123.0,,51.67,105.95,26.05,0.71,7.76,42.61
Chennai,2015-02-02,123.0,,51.67,105.95,15.82,1.59,10.58,38.8
Chennai,2015-02-03,123.0,,51.67,105.95,14.89,0.98,6.83,29.08
Chennai,2015-02-04,123.0,,51.67,105.95,14.0,0.85,4.89,36.62
Chennai,2015-02-05,123.0,,51.67,105.95,19.17,0.95,7.48,29.93
Chennai,2015-02-06,123.0,,51.67,105.95,16.7,0.76,7.36,37.13
Chennai,2015-02-07,123.0,,51.67,105.95,13.46,0.89,6.42,33.12
Chennai,2015-02-08,123.0,,51.67,105.95,12.98,1.16,6.21,33.17
Chennai,2015-02-09,123.0,,51.67,105.95,13.43,1.1,6.27,31.08
Chennai,2015-02-10,123.0,,51.67,105.95,13.2,1.0,6.64,40.77
Chennai,2015-02-11,123.0,,51.67,105.95,14.8,1.0,6.87,40.57
Chennai,2015-02-12,123.0,,51.67,105.95,14.27,0.97,6.79,47.85
Chennai,2015-02-13,123.0,,51.67,105.95,14.16,1.19,7.21,36.94
Chennai,2015-02-14,123.0,,51.67,105.95,12.97,1.43,7.84,31.32
Chennai,2015-02-15,123.0,,51.67,105.95,13.02,0.99,7.58,26.41
Chennai,2015-02-16,123.0,,51.67,105.95,12.63,0.98,7.38,30.87
Chennai,2015-02-17,123.0,,51.67,105.95,14.43,5.18,8.35,33.53
Chennai,2015-02-18,123.0,,51.67,105.95,15.78,9.81,9.15,33.83
Chennai,2015-02-19,123.0,,51.67,105.95,15.2,9.99,9.42,19.3
Chennai,2015-02-20,123.0,,51.67,105.95,13.43,4.52,11.51,30.22
Chennai,2015-02-21,123.0,,51.67,105.95,11.56,0.85,7.04,24.91
Chennai,2015-02-22,123.0,,51.67,105.95,11.4,0.9,6.31,30.54
Chennai,2015-02-23,123.0,,51.67,105.95,15.81,0.9,6.13,25.03
Chennai,2015-02-24,123.0,,51.67,105.95,14.44,0.9,7.34,29.33
Chennai,2015-02-25,123.0,,51.67,105.95,11.57,1.41,8.67,30.18
Chennai,2015-02-26,123.0,,51.67,105.95,13.22,3.42,6.31,29.46
Chennai,2015-02-27,123.0,,51.67,105.95,11.24,0.97,7.77,40.47
Chennai,2015-02-28,123.0,,51.67,105.95,11.7,1.15,6.09,25.91
Chennai,2015-03-01,123.0,,51.67,105.95,11.38,1.15,5.8,52.44
Chennai,2015-03-02,123.0,,51.67,105.95,10.95,10.6,5.29,93.22
Chennai,2015-03-03,123.0,,51.67,105.95,12.29,5.33,8.15,47.22
Chennai,2015-03-04,123.0,,51.67,105.95,11.37,2.82,6.77,41.26
Chennai,2015-03-05,123.0,,51.67,105.95,14.04,9.85,7.59,63.26
Chennai,2015-03-06,123.0,,51.67,105.95,16.34,11.02,10.07,105.13
Chennai,2015-03-07,123.0,,51.67,105.95,18.61,10.12,8.04,85.37
Chennai,2015-03-08,123.0,,51.67,105.95,18.9,9.77,5.5,64.65
Chennai,2015-03-09,123.0,,51.67,105.95,18.29,9.93,5.29,77.43
Chennai,2015-03-10,123.0,,51.67,105.95,22.44,5.45,4.61,34.6
Chennai,2015-03-11,123.0,,51.67,105.95,21.64,1.13,5.03,35.85
Chennai,2015-03-12,123.0,,51.67,105.95,16.02,1.11,5.22,57.14
Chennai,2015-03-13,123.0,,51.67,105.95,16.2,2.8,8.43,52.68
Chennai,2015-03-14,123.0,,51.67,105.95,16.41,1.12,7.79,51.23
Chennai,2015-03-15,123.0,,51.67,105.95,35.78,1.07,5.58,47.28
Chennai,2015-03-16,123.0,,51.67,105.95,24.87,1.09,5.63,52.19
Chennai,2015-03-17,123.0,,51.67,105.95,48.6,1.07,10.75,73.63
Chennai,2015-03-18,123.0,,51.67,105.95,54.96,1.25,10.87,34.43
Chennai,2015-03-19,123.0,,51.67,105.95,22.4,1.02,12.45,48.82
Chennai,2015-03-20,123.0,,51.67,105.95,22.22,1.05,10.7,35.5
Chennai,2015-03-21,123.0,,51.67,105.95,36.81,0.81,13.96,54.8
Chennai,2015-03-22,123.0,,51.67,105.95,22.96,2.24,8.66,49.91
Chennai,2015-03-23,123.0,,173.51,105.95,30.32,1.38,8.86,30.17
Chennai,2015-03-24,333.0,Very Poor,149.04,105.95,112.29,0.93,14.04,38.67
Chennai,2015-03-25,123.0,,205.65,105.95,98.75,1.32,10.16,39.17
Chennai,2015-03-26,318.0,Very Poor,140.21,105.95,31.79,1.41,11.94,44.52
Chennai,2015-03-27,408.0,Severe,266.29,105.95,50.12,1.27,25.45,27.64
Chennai,2015-03-28,448.0,Severe,88.65,105.95,38.75,2.21,11.76,27.68
Chennai,2015-03-29,123.0,,81.34,105.95,48.15,1.34,5.59,27.69
Chennai,2015-03-30,123.0,,144.46,105.95,25.53,1.24,8.05,27.57
Chennai,2015-03-31,312.0,Very Poor,51.69,105.95,46.48,1.23,6.53,27.62
Chennai,2015-04-01,289.0,Poor,103.75,105.95,36.98,1.33,4.65,27.54
Chennai,2015-04-02,206.0,Poor,106.27,105.95,38.34,1.08,6.22,27.65
Chennai,2015-04-03,248.0,Poor,42.82,105.95,35.32,1.21,6.23,27.6
Chennai,2015-04-04,123.0,,187.51,105.95,26.89,1.23,4.74,27.57
Chennai,2015-04-05,302.0,Very Poor,85.86,105.95,26.79,1.14,3.96,27.58
Chennai,2015-04-06,193.0,Moderate,83.19,105.95,16.84,3.42,5.63,23.22
Chennai,2015-04-07,151.0,Moderate,48.35,105.95,18.16,7.69,5.73,13.38
Chennai,2015-04-08,137.0,Moderate,73.66,105.95,17.07,1.1,3.76,24.4
Chennai,2015-04-09,208.0,Poor,66.72,105.95,16.79,5.14,4.31,22.29
Chennai,2015-04-10,172.0,Moderate,80.79,105.95,16.3,6.35,5.7,19.22
Chennai,2015-04-11,149.0,Moderate,75.59,105.95,16.81,1.57,5.16,27.01
Chennai,2015-04-12,157.0,Moderate,75.82,105.95,17.27,1.13,3.58,27.57
Chennai,2015-04-13,242.0,Poor,80.23,105.95,20.43,5.69,5.58,23.1
Chennai,2015-04-14,205.0,Poor,87.48,105.95,18.6,1.02,6.25,27.62
Chennai,2015-04-15,245.0,Poor,72.65,105.95,18.34,3.87,4.7,28.02
Chennai,2015-04-16,244.0,Poor,90.72,105.95,19.6,6.25,1.75,24.24
Chennai,2015-04-17,152.0,Moderate,73.28,105.95,22.18,1.02,4.53,27.79
Chennai,2015-04-18,152.0,Moderate,73.33,105.95,22.69,0.98,3.82,27.81
Chennai,2015-04-19,148.0,Moderate,71.17,105.95,29.45,0.92,4.36,27.86
Chennai,2015-04-20,149.0,Moderate,78.58,105.95,69.16,1.06,5.99,27.82
Chennai,2015-04-21,158.0,Moderate,74.55,105.95,37.66,1.13,5.08,27.79
Chennai,2015-04-22,145.0,Moderate,73.8,105.95,25.18,0.92,6.3,27.76
Chennai,2015-04-23,142.0,Moderate,69.28,105.95,41.89,2.44,4.14,27.59
Chennai,2015-04-24,180.0,Moderate,70.45,105.95,39.33,5.53,5.1,27.91
Chennai,2015-04-25,130.0,Moderate,60.15,105.95,35.63,10.28,8.42,34.07
Chennai,2015-04-26,102.0,Moderate,57.57,105.95,36.72,10.92,1.23,34.07
Chennai,2015-04-27,113.0,Moderate,67.8,105.95,26.61,12.02,0.91,34.07
Chennai,2015-04-28,136.0,Moderate,70.85,105.95,45.19,13.1,32.85,34.07
Chennai,2015-04-29,130.0,Moderate,63.16,105.95,49.3,8.02,9.32,34.07
Chennai,2015-04-30,115.0,Moderate,55.47,105.95,58.18,4.31,6.67,34.07
Chennai,2015-05-01,108.0,Moderate,51.62,105.95,19.39,10.29,3.44,34.07
Chennai,2015-05-02,139.0,Moderate,85.26,105.95,37.2,9.7,2.69,34.07
Chennai,2015-05-03,140.0,Moderate,44.26,105.95,34.41,6.09,4.29,11.32
Chennai,2015-05-04,100.0,Satisfactory,28.97,105.95,16.92,8.1,5.86,11.91
Chennai,2015-05-05,107.0,Moderate,35.16,105.95,22.34,5.16,6.65,17.11
Chennai,2015-05-06,124.0,Moderate,44.1,105.95,16.92,7.07,11.24,19.53
Chennai,2015-05-07,130.0,Moderate,57.31,105.95,20.94,1.72,9.54,23.77
Chennai,2015-05-08,201.0,Poor,54.28,105.95,24.85,9.48,18.14,31.3
Chennai,2015-05-09,126.0,Moderate,60.64,105.95,25.94,5.22,16.28,28.72
Chennai,2015-05-10,153.0,Moderate,53.69,105.95,29.04,2.05,9.01,20.45
Chennai,2015-05-11,176.0,Moderate,49.2,105.95,33.32,2.73,21.84,21.28
Chennai,2015-05-12,146.0,Moderate,82.63,105.95,43.83,1.8,17.42,22.25
Chennai,2015-05-13,208.0,Poor,100.77,105.95,22.81,1.95,10.63,23.81
Chennai,2015-05-14,285.0,Poor,120.24,105.95,23.93,2.47,10.36,24.4
Chennai,2015-05-15,178.0,Moderate,70.64,105.95,20.05,1.6,10.03,25.08
Chennai,2015-05-16,209.0,Poor,91.69,105.95,19.7,2.47,10.54,24.75
Chennai,2015-05-17,201.0,Poor,79.98,105.95,19.21,3.12,9.98,25.84
Chennai,2015-05-18,196.0,Moderate,87.7,105.95,19.56,2.46,11.85,26.06
Chennai,2015-05-19,156.0,Moderate,83.47,105.95,49.11,4.75,15.11,26.21
Chennai,2015-05-20,135.0,Moderate,97.96,105.95,16.44,6.45,16.19,24.28
Chennai,2015-05-21,197.0,Moderate,97.74,105.95,16.72,2.56,14.97,39.53
Chennai,2015-05-22,200.0,Moderate,85.55,105.95,16.47,3.13,13.12,40.22
Chennai,2015-05-23,166.0,Moderate,90.87,105.95,17.24,2.23,10.51,40.41
Chennai,2015-05-24,148.0,Moderate,78.25,105.95,17.43,1.91,18.74,26.44
Chennai,2015-05-25,177.0,Moderate,125.51,105.95,17.14,2.7,11.06,40.59
Chennai,2015-05-26,235.0,Poor,113.78,105.95,15.58,2.91,12.79,40.91
Chennai,2015-05-27,277.0,Poor,119.68,105.95,16.33,4.16,11.4,43.83
Chennai,2015-05-28,221.0,Poor,105.59,105.95,20.24,3.18,11.34,52.84
Chennai,2015-05-29,204.0,Poor,100.5,105.95,21.32,1.45,10.99,44.51
Chennai,2015-05-30,206.0,Poor,102.97,105.95,25.74,2.12,9.7,52.73
Chennai,2015-05-31,211.0,Poor,127.46,105.95,29.99,1.43,11.03,48.19
Chennai,2015-06-01,216.0,Poor,129.49,105.95,14.97,1.56,11.45,46.7
Chennai,2015-06-02,220.0,Poor,100.13,105.95,14.35,2.51,9.62,47.98
Chennai,2015-06-03,203.0,Poor,108.88,105.95,16.12,1.44,10.79,50.59
Chennai,2015-06-04,207.0,Poor,111.48,105.95,15.66,1.51,10.8,42.62
Chennai,2015-06-05,200.0,Moderate,73.81,105.95,16.64,1.48,11.32,40.96
Chennai,2015-06-06,125.0,Moderate,60.15,105.95,15.47,1.53,9.55,46.33
Chennai,2015-06-07,150.0,Moderate,61.59,105.95,15.4,2.02,10.2,46.1
Chennai,2015-06-08,119.0,Moderate,64.94,105.95,15.86,1.57,11.71,43.28
Chennai,2015-06-09,121.0,Moderate,61.26,105.95,15.26,1.85,14.35,44.62
Chennai,2015-06-10,144.0,Moderate,58.49,105.95,15.22,2.68,11.19,49.07
Chennai,2015-06-11,117.0,Moderate,58.84,105.95,15.13,1.87,7.89,50.75
Chennai,2015-06-12,121.0,Moderate,60.75,105.95,15.08,1.88,9.5,43.42
Chennai,2015-06-13,118.0,Moderate,58.12,105.95,15.31,1.9,9.94,45.84
Chennai,2015-06-14,117.0,Moderate,58.33,105.95,15.4,1.89,9.48,46.63
Chennai,2015-06-15,165.0,Moderate,59.87,105.95,14.98,2.73,8.94,37.5
Chennai,2015-06-16,118.0,Moderate,49.91,105.95,13.37,1.85,8.31,39.99
Chennai,2015-06-17,120.0,Moderate,53.53,105.95,12.39,1.97,10.04,35.97
Chennai,2015-06-18,114.0,Moderate,45.43,105.95,11.22,1.89,6.89,36.51
Chennai,2015-06-19,155.0,Moderate,54.86,105.95,14.6,2.67,13.31,36.11
Chennai,2015-06-20,158.0,Moderate,56.25,105.95,15.23,2.25,10.29,37.1
Chennai,2015-06-21,118.0,Moderate,57.87,105.95,15.88,1.89,9.93,41.28
Chennai,2015-06-22,152.0,Moderate,72.61,105.95,17.51,2.93,9.47,38.85
Chennai,2015-06-23,181.0,Moderate,68.28,105.95,16.15,2.3,10.42,33.71
Chennai,2015-06-24,167.0,Moderate,58.07,105.95,16.31,2.33,12.21,38.65
Chennai,2015-06-25,158.0,Moderate,67.93,105.95,19.42,2.43,10.78,42.65
Chennai,2015-06-26,147.0,Moderate,69.03,105.95,17.22,2.71,11.35,36.46
Chennai,2015-06-27,149.0,Moderate,76.57,105.95,15.11,2.33,10.04,33.37
Chennai,2015-06-28,157.0,Moderate,77.2,105.95,17.59,2.04,9.68,28.86
Chennai,2015-06-29,157.0,Moderate,76.18,105.95,17.75,2.04,10.84,32.23
Chennai,2015-06-30,172.0,Moderate,77.16,105.95,17.68,2.32,11.67,33.71
Chennai,2015-07-01,201.0,Poor,83.72,105.95,20.08,2.59,14.01,32.66
Chennai,2015-07-02,169.0,Moderate,68.41,105.95,20.66,1.8,13.46,33.28
Chennai,2015-07-03,186.0,Moderate,73.86,105.95,21.36,7.39,13.24,30.81
Chennai,2015-07-04,290.0,Poor,70.58,105.95,17.94,20.62,15.31,29.69
Chennai,2015-07-05,193.0,Moderate,70.61,105.95,20.14,2.19,13.9,30.78
Chennai,2015-07-06,164.0,Moderate,71.19,105.95,20.02,1.84,14.55,28.04
Chennai,2015-07-07,187.0,Moderate,69.56,105.95,20.37,2.22,11.02,30.14
Chennai,2015-07-08,160.0,Moderate,68.72,105.95,19.66,1.99,15.11,28.23
Chennai,2015-07-09,207.0,Poor,67.95,105.95,13.66,2.76,10.39,40.63
Chennai,2015-07-10,169.0,Moderate,59.59,105.95,14.72,1.89,13.92,36.19
Chennai,2015-07-11,208.0,Poor,62.54,105.95,19.45,8.49,7.05,31.75
Chennai,2015-07-12,230.0,Poor,61.7,105.95,20.32,8.59,6.71,33.56
Chennai,2015-07-13,146.0,Moderate,65.54,105.95,19.39,1.89,9.44,36.38
Chennai,2015-07-14,188.0,Moderate,53.35,105.95,20.42,2.54,8.74,35.64
Chennai,2015-07-15,191.0,Moderate,59.2,105.95,17.26,2.26,9.23,32.25
Chennai,2015-07-16,189.0,Moderate,57.02,105.95,18.65,2.39,9.08,30.0
Chennai,2015-07-17,154.0,Moderate,53.75,105.95,18.59,2.13,8.02,32.51
Chennai,2015-07-18,190.0,Moderate,48.36,105.95,19.18,2.63,7.56,30.9
Chennai,2015-07-19,104.0,Moderate,40.7,105.95,19.23,1.47,10.39,28.57
Chennai,2015-07-20,132.0,Moderate,36.72,105.95,18.96,2.31,10.8,30.88
Chennai,2015-07-21,100.0,Satisfactory,42.94,105.95,18.58,1.58,11.47,31.69
Chennai,2015-07-22,126.0,Moderate,47.23,105.95,18.89,1.4,7.34,28.35
Chennai,2015-07-23,141.0,Moderate,81.77,105.95,26.1,2.61,11.97,32.5
Chennai,2015-07-24,210.0,Poor,83.64,105.95,18.19,1.93,14.1,38.29
Chennai,2015-07-25,102.0,Moderate,53.69,105.95,20.33,1.43,11.06,31.79
Chennai,2015-07-26,92.0,Satisfactory,47.88,105.95,19.16,1.31,14.62,29.31
Chennai,2015-07-27,123.0,Moderate,57.59,105.95,18.92,2.16,12.57,24.5
Chennai,2015-07-28,143.0,Moderate,51.55,105.95,18.75,1.56,11.53,31.29
Chennai,2015-07-29,144.0,Moderate,50.58,105.95,19.44,2.43,10.73,30.81
Chennai,2015-07-30,141.0,Moderate,49.89,105.95,19.47,2.28,13.85,29.26
Chennai,2015-07-31,106.0,Moderate,56.67,105.95,19.64,1.79,16.07,30.59
Chennai,2015-08-01,195.0,Moderate,85.39,105.95,29.71,4.08,16.06,29.3
Chennai,2015-08-02,194.0,Moderate,70.17,105.95,15.44,2.12,22.81,18.06
Chennai,2015-08-03,98.0,Satisfactory,49.45,105.95,14.52,1.56,16.03,16.74
Chennai,2015-08-04,120.0,Moderate,64.89,105.95,15.17,1.33,22.46,19.37
Chennai,2015-08-05,112.0,Moderate,59.69,105.95,16.22,1.41,19.41,16.56
Chennai,2015-08-06,189.0,Moderate,49.27,105.95,14.74,2.89,11.0,12.61
Chennai,2015-08-07,100.0,Satisfactory,56.12,105.95,14.52,1.27,11.79,14.3
Chennai,2015-08-08,145.0,Moderate,63.11,105.95,15.11,2.56,12.75,11.84
Chennai,2015-08-09,123.0,Moderate,55.12,105.95,15.08,1.35,12.69,14.38
Chennai,2015-08-10,96.0,Satisfactory,54.41,105.95,14.92,1.11,12.13,15.58
Chennai,2015-08-11,96.0,Satisfactory,61.65,105.95,15.12,1.02,12.74,16.66
Chennai,2015-08-12,106.0,Moderate,53.49,105.95,14.57,1.06,11.88,14.3
Chennai,2015-08-13,102.0,Moderate,58.42,105.95,14.41,1.17,9.36,13.79
Chennai,2015-08-14,121.0,Moderate,57.52,105.95,15.55,1.42,13.1,15.16
Chennai,2015-08-15,96.0,Satisfactory,51.29,105.95,14.77,1.02,12.76,13.02
Chennai,2015-08-16,111.0,Moderate,58.79,105.95,16.06,1.0,15.0,22.01
Chennai,2015-08-17,129.0,Moderate,63.39,105.95,15.16,1.35,11.61,20.54
Chennai,2015-08-18,106.0,Moderate,66.98,105.95,16.15,1.26,14.04,12.83
Chennai,2015-08-19,123.0,Moderate,69.54,105.95,15.61,1.19,12.82,13.74
Chennai,2015-08-20,176.0,Moderate,64.9,105.95,19.19,1.78,13.55,15.53
Chennai,2015-08-21,91.0,Satisfactory,43.12,105.95,13.87,1.15,13.4,15.55
Chennai,2015-08-22,165.0,Moderate,39.93,105.95,14.15,4.88,19.33,12.97
Chennai,2015-08-23,108.0,Moderate,33.26,105.95,14.71,1.12,14.34,10.11
Chennai,2015-08-24,119.0,Moderate,40.27,105.95,14.15,1.95,13.4,12.72
Chennai,2015-08-25,98.0,Satisfactory,46.96,105.95,13.55,1.48,11.86,13.35
Chennai,2015-08-26,100.0,Satisfactory,39.91,105.95,13.23,1.24,13.06,16.24
Chennai,2015-08-27,127.0,Moderate,39.65,105.95,12.82,1.94,12.83,12.59
Chennai,2015-08-28,100.0,Satisfactory,45.16,105.95,13.19,1.54,14.31,10.77
Chennai,2015-08-29,146.0,Moderate,43.58,105.95,14.18,2.19,14.6,11.95
Chennai,2015-08-30,112.0,Moderate,37.62,105.95,16.1,1.54,14.9,18.81
Chennai,2015-08-31,97.0,Satisfactory,41.0,105.95,15.66,1.43,14.02,20.96
Chennai,2015-09-01,88.0,Satisfactory,32.37,105.95,16.34,1.21,15.72,30.26
Chennai,2015-09-02,163.0,Moderate,24.27,105.95,16.66,4.7,16.01,34.15
Chennai,2015-09-03,99.0,Satisfactory,26.54,105.95,17.24,1.99,18.24,28.04
Chennai,2015-09-04,106.0,Moderate,26.96,105.95,17.1,1.92,14.6,28.95
Chennai,2015-09-05,83.0,Satisfactory,25.83,105.95,16.9,2.01,11.02,29.73
Chennai,2015-09-06,82.0,Satisfactory,26.47,105.95,17.03,1.68,11.13,20.59
Chennai,2015-09-07,107.0,Moderate,27.97,105.95,17.3,1.75,12.8,22.13
Chennai,2015-09-08,86.0,Satisfactory,27.86,105.95,17.24,1.47,9.81,20.26
Chennai,2015-09-09,88.0,Satisfactory,26.89,105.95,16.89,1.61,11.61,24.66
Chennai,2015-09-10,148.0,Moderate,28.78,105.95,17.02,2.16,12.2,24.13
Chennai,2015-09-11,79.0,Satisfactory,31.49,105.95,15.04,1.54,14.18,19.44
Chennai,2015-09-12,82.0,Satisfactory,32.09,105.95,14.96,1.39,12.68,18.16
Chennai,2015-09-13,79.0,Satisfactory,29.23,105.95,15.72,1.32,11.18,23.09
Chennai,2015-09-14,128.0,Moderate,30.94,105.95,15.18,1.84,12.36,22.54
Chennai,2015-09-15,77.0,Satisfactory,29.62,105.95,14.0,1.03,9.85,22.76
Chennai,2015-09-16,74.0,Satisfactory,29.73,105.95,12.96,1.0,11.55,20.48
Chennai,2015-09-17,70.0,Satisfactory,30.34,105.95,10.69,0.96,8.44,22.81
Chennai,2015-09-18,116.0,Moderate,31.63,105.95,10.45,2.1,11.12,22.77
Chennai,2015-09-19,77.0,Satisfactory,35.42,105.95,10.47,0.82,12.1,34.03
Chennai,2015-09-20,197.0,Moderate,27.32,105.95,10.48,2.93,10.2,32.15
Chennai,2015-09-21,214.0,Poor,27.69,105.95,10.76,2.95,10.36,30.29
Chennai,2015-09-22,121.0,Moderate,39.77,105.95,11.93,1.72,12.19,26.91
Chennai,2015-09-23,84.0,Satisfactory,31.65,105.95,10.81,1.31,11.9,19.27
Chennai,2015-09-24,131.0,Moderate,39.97,105.95,10.01,1.74,10.22,15.36
Chennai,2015-09-25,153.0,Moderate,41.94,105.95,10.75,2.19,12.38,19.24
Chennai,2015-09-26,171.0,Moderate,65.79,105.95,9.7,1.79,12.36,47.29
Chennai,2015-09-27,165.0,Moderate,86.4,105.95,10.03,1.02,16.69,52.35
Chennai,2015-09-28,176.0,Moderate,61.69,105.95,10.08,1.89,12.7,41.98
Chennai,2015-09-29,224.0,Poor,44.26,105.95,10.47,4.41,11.8,31.31
Chennai,2015-09-30,154.0,Moderate,42.71,105.95,10.73,1.89,14.96,33.91
Chennai,2015-10-01,188.0,Moderate,46.97,105.95,11.77,2.76,11.92,22.96
Chennai,2015-10-02,135.0,Moderate,42.17,105.95,10.78,1.77,12.23,22.74
Chennai,2015-10-03,84.0,Satisfactory,47.0,105.95,12.94,0.81,12.86,21.73
Chennai,2015-10-04,107.0,Moderate,49.45,105.95,15.21,1.14,12.05,31.57
Chennai,2015-10-05,89.0,Satisfactory,46.7,105.95,13.7,0.65,13.31,32.14
Chennai,2015-10-06,136.0,Moderate,33.87,105.95,10.87,2.18,12.95,30.89
Chennai,2015-10-07,94.0,Satisfactory,33.0,105.95,11.79,1.18,12.52,28.49
Chennai,2015-10-08,82.0,Satisfactory,36.3,105.95,12.98,1.2,10.55,32.23
Chennai,2015-10-09,86.0,Satisfactory,36.51,105.95,12.68,1.37,10.6,25.16
Chennai,2015-10-10,107.0,Moderate,37.71,105.95,12.52,1.72,9.32,23.29
Chennai,2015-10-11,165.0,Moderate,35.73,105.95,12.94,2.62,11.37,21.22
Chennai,2015-10-12,150.0,Moderate,36.27,105.95,13.16,1.88,11.1,25.34
Chennai,2015-10-13,203.0,Poor,122.16,105.95,21.5,2.61,10.78,23.67
Chennai,2015-10-14,263.0,Poor,90.73,105.95,22.21,2.08,10.14,26.13
Chennai,2015-10-15,196.0,Moderate,63.96,105.95,22.35,1.75,9.37,23.01
Chennai,2015-10-16,156.0,Moderate,48.79,105.95,15.46,1.61,13.63,24.94
Chennai,2015-10-17,147.0,Moderate,34.96,105.95,14.19,1.75,9.58,31.38
Chennai,2015-10-18,109.0,Moderate,37.55,105.95,13.58,1.05,8.24,20.22
Chennai,2015-10-19,121.0,Moderate,31.54,105.95,12.4,2.02,7.93,18.08
Chennai,2015-10-20,83.0,Satisfactory,37.74,105.95,12.9,1.14,6.07,17.91
Chennai,2015-10-21,241.0,Poor,41.27,105.95,14.19,7.62,7.1,19.12
Chennai,2015-10-22,133.0,Moderate,47.68,105.95,13.2,1.6,9.12,24.82
Chennai,2015-10-23,238.0,Poor,81.26,105.95,20.88,3.21,7.26,20.24
Chennai,2015-10-24,175.0,Moderate,44.79,105.95,12.53,1.64,5.03,28.69
Chennai,2015-10-25,136.0,Moderate,50.98,105.95,12.27,1.28,8.34,56.16
Chennai,2015-10-26,130.0,Moderate,46.79,105.95,12.05,0.98,8.23,57.43
Chennai,2015-10-27,128.0,Moderate,54.0,105.95,13.79,0.88,9.78,59.47
Chennai,2015-10-28,136.0,Moderate,52.65,105.95,11.71,1.1,8.2,60.46
Chennai,2015-10-29,125.0,Moderate,55.75,105.95,12.9,0.91,6.93,47.37
Chennai,2015-10-30,113.0,Moderate,52.29,105.95,10.92,1.04,9.78,44.29
Chennai,2015-10-31,195.0,Moderate,41.39,105.95,9.93,2.56,8.92,42.18
Chennai,2015-11-01,174.0,Moderate,44.08,105.95,10.76,2.6,8.96,50.33
Chennai,2015-11-02,142.0,Moderate,41.44,105.95,11.73,1.34,10.96,61.39
Chennai,2015-11-03,122.0,Moderate,41.96,105.95,13.78,1.34,8.85,44.1
Chennai,2015-11-04,135.0,Moderate,41.8,105.95,13.77,2.03,8.37,39.61
Chennai,2015-11-05,128.0,Moderate,43.18,105.95,15.87,1.81,6.42,27.51
Chennai,2015-11-06,204.0,Poor,44.74,105.95,23.81,4.34,6.37,32.31
Chennai,2015-11-07,132.0,Moderate,53.31,105.95,18.91,1.55,7.08,43.44
Chennai,2015-11-08,154.0,Moderate,38.73,105.95,16.0,1.71,6.04,50.61
Chennai,2015-11-09,119.0,Moderate,23.46,105.95,13.02,1.91,5.22,56.36
Chennai,2015-11-10,117.0,Moderate,76.42,105.95,13.89,1.17,7.75,92.04
Chennai,2015-11-11,183.0,Moderate,53.36,105.95,15.85,1.4,6.6,64.95
Chennai,2015-11-12,100.0,Satisfactory,44.5,105.95,15.41,1.27,5.01,43.68
Chennai,2015-11-13,106.0,Moderate,51.11,105.95,14.79,1.38,3.91,64.42
Chennai,2015-11-14,132.0,Moderate,55.76,105.95,14.72,1.2,2.98,69.77
Chennai,2015-11-15,122.0,Moderate,49.55,105.95,13.89,1.09,3.53,58.57
Chennai,2015-11-16,105.0,Moderate,31.49,105.95,12.65,1.62,5.31,65.97
Chennai,2015-11-17,133.0,Moderate,30.89,105.95,12.88,1.48,3.37,70.3
Chennai,2015-11-18,98.0,Satisfactory,36.51,105.95,13.25,1.38,4.9,58.16
Chennai,2015-11-19,98.0,Satisfactory,30.69,105.95,11.68,1.52,4.21,32.87
Chennai,2015-11-20,89.0,Satisfactory,28.66,105.95,9.19,1.34,4.45,28.91
Chennai,2015-11-21,87.0,Satisfactory,33.37,105.95,8.59,1.16,4.83,42.39
Chennai,2015-11-22,126.0,Moderate,29.11,105.95,7.91,1.81,5.28,48.21
Chennai,2015-11-23,90.0,Satisfactory,27.08,105.95,7.74,1.24,4.81,50.22
Chennai,2015-11-24,93.0,Satisfactory,25.63,105.95,8.34,1.29,6.64,43.05
Chennai,2015-11-25,96.0,Satisfactory,35.35,105.95,8.2,1.19,4.21,48.89
Chennai,2015-11-26,107.0,Moderate,36.82,105.95,8.01,0.99,4.03,65.25
Chennai,2015-11-27,103.0,Moderate,36.96,105.95,8.11,1.2,5.08,53.11
Chennai,2015-11-28,112.0,Moderate,44.41,105.95,8.91,1.3,5.82,57.22
Chennai,2015-11-29,113.0,Moderate,29.55,105.95,7.53,1.22,4.82,61.76
Chennai,2015-11-30,99.0,Satisfactory,31.97,105.95,7.9,1.23,4.7,56.35
Chennai,2015-12-01,103.0,Moderate,28.82,105.95,7.8,1.33,4.67,49.71
Chennai,2015-12-02,161.0,Moderate,32.64,105.95,7.94,1.78,4.2,43.19
Chennai,2015-12-03,85.0,Satisfactory,52.16,105.95,5.88,1.12,1.97,35.62
Chennai,2015-12-04,80.0,Satisfactory,51.67,105.95,26.41,1.0,7.71,34.07
Chennai,2015-12-05,123.0,,51.67,105.95,26.41,1.0,7.71,34.07
Chennai,2015-12-06,123.0,,51.67,105.95,26.41,1.0,7.71,34.07
Chennai,2015-12-07,123.0,,13.27,105.95,7.74,2.11,11.52,19.08
Chennai,2015-12-08,107.0,Moderate,48.08,105.95,6.79,1.23,4.0,32.87
Chennai,2015-12-09,121.0,Moderate,40.81,105.95,6.05,1.54,3.34,34.14
Chennai,2015-12-10,100.0,Satisfactory,40.96,105.95,6.76,1.28,2.65,36.71
Chennai,2015-12-11,108.0,Moderate,46.17,105.95,5.56,1.49,2.63,36.39
Chennai,2015-12-12,97.0,Satisfactory,78.83,105.95,7.55,1.34,2.85,36.2
Chennai,2015-12-13,130.0,Moderate,138.07,105.95,8.62,1.23,4.44,45.23
Chennai,2015-12-14,113.0,Moderate,54.85,105.95,8.39,1.36,3.41,36.62
Chennai,2015-12-15,106.0,Moderate,42.45,105.95,7.61,1.29,3.99,44.62
Chennai,2015-12-16,102.0,Moderate,46.16,105.95,7.64,1.15,5.37,22.53
Chennai,2015-12-17,129.0,Moderate,48.64,105.95,7.96,1.35,4.69,34.27
Chennai,2015-12-18,130.0,Moderate,44.78,105.95,8.38,1.39,3.82,30.28
Chennai,2015-12-19,114.0,Moderate,39.11,105.95,8.47,1.58,3.01,20.24
Chennai,2015-12-20,117.0,Moderate,42.67,105.95,19.41,1.45,3.55,29.24
Chennai,2015-12-21,103.0,Moderate,65.01,105.95,18.15,1.56,1.62,27.77
Chennai,2015-12-22,150.0,Moderate,56.1,105.95,16.39,1.76,1.49,36.75
Chennai,2015-12-23,104.0,Moderate,50.32,105.95,17.56,0.79,1.95,59.97
Chennai,2015-12-24,106.0,Moderate,63.0,105.95,20.86,0.94,1.74,12.16
Chennai,2015-12-25,108.0,Moderate,59.47,105.95,22.32,0.81,2.0,12.69
Chennai,2015-12-26,111.0,Moderate,71.81,105.95,12.18,0.76,2.2,23.4
Chennai,2015-12-27,165.0,Moderate,81.74,105.95,9.86,1.77,2.11,39.39
Chennai,2015-12-28,211.0,Poor,62.63,105.95,12.09,6.75,2.5,37.11
Chennai,2015-12-29,241.0,Poor,65.1,105.95,16.1,3.66,4.28,13.33
Chennai,2015-12-30,114.0,Moderate,57.23,105.95,15.14,0.54,2.0,21.97
Chennai,2015-12-31,100.0,Satisfactory,52.27,105.95,16.46,0.71,3.5,25.77
Chennai,2016-01-01,125.0,Moderate,65.97,105.95,32.92,1.0,0.94,34.57
Chennai,2016-01-02,123.0,Moderate,41.3,105.95,8.72,0.67,15.6,34.07
Chennai,2016-01-03,106.0,Moderate,36.81,105.95,6.44,1.17,2.91,34.07
Chennai,2016-01-04,63.0,Satisfactory,44.87,105.95,12.75,0.74,3.33,31.84
Chennai,2016-01-05,132.0,Moderate,63.67,105.95,21.07,1.17,2.71,18.99
Chennai,2016-01-06,136.0,Moderate,67.49,105.95,19.92,0.72,3.1,24.3
Chennai,2016-01-07,184.0,Moderate,52.94,105.95,10.48,2.34,2.82,17.02
Chennai,2016-01-08,120.0,Moderate,69.88,105.95,25.36,0.89,3.91,19.24
Chennai,2016-01-09,162.0,Moderate,66.89,105.95,21.05,0.88,3.91,14.33
Chennai,2016-01-10,119.0,Moderate,62.27,105.95,20.35,1.04,3.71,17.26
Chennai,2016-01-11,113.0,Moderate,51.56,105.95,20.34,0.77,3.83,23.03
Chennai,2016-01-12,119.0,Moderate,58.27,105.95,22.24,1.09,3.17,20.26
Chennai,2016-01-13,129.0,Moderate,63.13,105.95,25.19,0.96,4.38,19.69
Chennai,2016-01-14,220.0,Poor,80.23,105.95,21.76,2.73,4.91,30.64
Chennai,2016-01-15,139.0,Moderate,39.74,105.95,13.02,0.61,3.44,29.13
Chennai,2016-01-16,130.0,Moderate,49.21,105.95,12.83,1.49,2.46,40.45
Chennai,2016-01-17,121.0,Moderate,55.73,105.95,10.86,0.67,2.95,32.4
Chennai,2016-01-18,114.0,Moderate,58.28,105.95,12.01,0.8,3.52,33.07
Chennai,2016-01-19,115.0,Moderate,56.47,105.95,12.34,0.8,6.44,28.81
Chennai,2016-01-20,200.0,Moderate,60.04,105.95,11.52,2.97,3.42,33.98
Chennai,2016-01-21,167.0,Moderate,55.45,105.95,11.1,2.63,2.84,33.05
Chennai,2016-01-22,172.0,Moderate,65.26,105.95,11.46,0.79,3.97,21.75
Chennai,2016-01-23,117.0,Moderate,53.07,105.95,11.09,0.54,4.1,34.52
Chennai,2016-01-24,198.0,Moderate,51.32,105.95,8.8,2.49,3.51,57.19
Chennai,2016-01-25,153.0,Moderate,46.84,105.95,12.73,2.11,3.65,34.98
Chennai,2016-01-26,142.0,Moderate,46.29,105.95,18.21,0.68,3.26,30.61
Chennai,2016-01-27,144.0,Moderate,42.49,105.95,18.3,1.38,3.39,32.57
Chennai,2016-01-28,145.0,Moderate,47.11,105.95,13.56,1.46,3.52,26.99
Chennai,2016-01-29,149.0,Moderate,50.13,105.95,13.23,1.11,3.45,22.2
Chennai,2016-01-30,186.0,Moderate,53.58,105.95,15.06,6.18,3.35,22.59
Chennai,2016-01-31,216.0,Poor,76.91,105.95,12.11,1.68,4.1,30.36
Chennai,2016-02-01,220.0,Poor,107.65,105.95,14.47,1.45,4.07,21.67
Chennai,2016-02-02,209.0,Poor,69.9,105.95,15.9,1.65,4.33,26.83
Chennai,2016-02-03,251.0,Poor,112.72,105.95,15.66,1.47,3.51,22.93
Chennai,2016-02-04,191.0,Moderate,81.79,105.95,12.72,0.77,6.57,26.09
Chennai,2016-02-05,203.0,Poor,127.03,105.95,13.25,1.08,5.94,28.65
Chennai,2016-02-06,183.0,Moderate,70.57,105.95,13.74,0.64,6.41,20.8
Chennai,2016-02-07,162.0,Moderate,79.55,105.95,12.07,0.67,5.4,20.9
Chennai,2016-02-08,154.0,Moderate,76.36,105.95,9.92,0.58,5.1,22.66
Chennai,2016-02-09,181.0,Moderate,92.83,105.95,12.68,0.83,3.53,24.37
Chennai,2016-02-10,223.0,Poor,98.75,105.95,12.5,1.09,3.3,25.94
Chennai,2016-02-11,193.0,Moderate,82.03,105.95,14.24,1.65,3.09,28.54
Chennai,2016-02-12,157.0,Moderate,85.64,105.95,16.69,1.7,3.44,29.62
Chennai,2016-02-13,173.0,Moderate,76.72,105.95,12.56,1.14,2.53,22.99
Chennai,2016-02-14,133.0,Moderate,57.58,105.95,11.15,1.42,2.77,19.11
Chennai,2016-02-15,109.0,Moderate,65.38,105.95,11.74,1.43,2.56,17.51
Chennai,2016-02-16,160.0,Moderate,80.38,105.95,12.43,1.57,2.38,19.19
Chennai,2016-02-17,145.0,Moderate,68.45,105.95,8.8,1.64,2.32,31.74
Chennai,2016-02-18,134.0,Moderate,73.22,105.95,13.11,1.45,4.02,27.19
Chennai,2016-02-19,170.0,Moderate,79.01,105.95,15.12,1.46,2.77,38.48
Chennai,2016-02-20,179.0,Moderate,83.44,105.95,13.42,1.42,8.68,59.12
Chennai,2016-02-21,156.0,Moderate,62.16,105.95,10.03,1.91,2.38,54.63
Chennai,2016-02-22,130.0,Moderate,41.54,105.95,10.28,1.67,4.9,55.5
Chennai,2016-02-23,106.0,Moderate,67.25,105.95,15.63,1.4,7.42,40.72
Chennai,2016-02-24,96.0,Satisfactory,44.41,105.95,13.03,1.27,2.95,52.03
Chennai,2016-02-25,99.0,Satisfactory,47.25,105.95,10.99,1.48,3.17,50.4
Chennai,2016-02-26,80.0,Satisfactory,35.75,105.95,8.13,1.43,3.79,28.91
Chennai,2016-02-27,88.0,Satisfactory,51.79,105.95,11.31,1.44,3.02,17.04
Chennai,2016-02-28,108.0,Moderate,32.96,105.95,10.8,1.87,2.64,31.71
Chennai,2016-02-29,114.0,Moderate,52.25,105.95,9.13,2.03,2.31,41.56
Chennai,2016-03-01,153.0,Moderate,90.02,105.95,12.13,1.54,4.74,39.73
Chennai,2016-03-02,196.0,Moderate,69.55,105.95,10.84,1.42,13.03,41.66
Chennai,2016-03-03,132.0,Moderate,47.78,105.95,9.44,1.48,2.3,39.99
Chennai,2016-03-04,117.0,Moderate,67.25,105.95,12.58,1.35,2.39,42.39
Chennai,2016-03-05,143.0,Moderate,62.62,105.95,12.49,1.44,4.48,48.38
Chennai,2016-03-06,142.0,Moderate,62.87,105.95,10.21,1.41,4.67,55.16
Chennai,2016-03-07,135.0,Moderate,56.24,105.95,9.88,1.37,4.05,47.29
Chennai,2016-03-08,120.0,Moderate,60.92,105.95,12.17,1.01,3.0,46.66
Chennai,2016-03-09,158.0,Moderate,81.03,105.95,11.06,1.2,4.87,40.93
Chennai,2016-03-10,186.0,Moderate,80.44,105.95,10.22,0.97,2.84,18.31
Chennai,2016-03-11,155.0,Moderate,66.08,105.95,8.99,0.83,2.56,15.38
Chennai,2016-03-12,136.0,Moderate,65.08,105.95,11.65,0.76,2.53,17.59
Chennai,2016-03-13,131.0,Moderate,57.73,105.95,8.73,0.7,2.44,21.32
Chennai,2016-03-14,135.0,Moderate,74.65,105.95,7.78,0.85,2.59,23.41
Chennai,2016-03-15,193.0,Moderate,76.68,105.95,8.14,1.07,6.8,21.72
Chennai,2016-03-16,188.0,Moderate,81.93,105.95,8.79,0.78,3.0,24.71
Chennai,2016-03-17,187.0,Moderate,86.31,105.95,10.7,0.97,3.41,20.46
Chennai,2016-03-18,214.0,Poor,87.07,105.95,9.98,1.62,2.88,19.61
Chennai,2016-03-19,216.0,Poor,100.61,105.95,11.24,1.23,2.7,18.18
Chennai,2016-03-20,221.0,Poor,98.47,105.95,8.57,1.23,2.22,24.29
Chennai,2016-03-21,251.0,Poor,123.36,105.95,11.41,1.23,2.36,22.18
Chennai,2016-03-22,179.0,Moderate,69.38,105.95,18.52,1.02,3.35,28.48
Chennai,2016-03-23,143.0,Moderate,68.25,105.95,10.38,0.93,3.54,20.14
Chennai,2016-03-24,132.0,Moderate,64.05,105.95,11.13,0.82,4.04,20.81
Chennai,2016-03-25,123.0,Moderate,59.46,105.95,10.97,0.79,3.67,21.8
Chennai,2016-03-26,125.0,Moderate,64.1,105.95,5.2,0.69,3.35,23.17
Chennai,2016-03-27,134.0,Moderate,63.03,105.95,7.26,0.65,3.15,33.42
Chennai,2016-03-28,121.0,Moderate,46.09,105.95,8.79,0.84,4.09,30.0
Chennai,2016-03-29,114.0,Moderate,51.43,105.95,8.2,0.97,3.99,19.84
Chennai,2016-03-30,114.0,Moderate,53.32,105.95,7.83,0.79,4.42,19.58
Chennai,2016-03-31,113.0,Moderate,55.51,105.95,7.36,0.67,4.16,22.65
Chennai,2016-04-01,128.0,Moderate,64.92,105.95,7.16,0.84,3.88,19.22
Chennai,2016-04-02,216.0,Poor,65.84,105.95,5.4,2.02,3.58,19.93
Chennai,2016-04-03,132.0,Moderate,63.65,105.95,5.76,0.81,3.97,20.87
Chennai,2016-04-04,137.0,Moderate,67.33,105.95,7.21,0.77,4.08,19.9
Chennai,2016-04-05,140.0,Moderate,68.04,105.95,9.32,1.1,3.9,21.71
Chennai,2016-04-06,151.0,Moderate,70.13,105.95,10.91,1.29,3.68,24.49
Chennai,2016-04-07,144.0,Moderate,64.37,105.95,14.68,1.12,3.39,23.19
Chennai,2016-04-08,128.0,Moderate,56.54,105.95,6.9,0.84,3.1,15.53
Chennai,2016-04-09,117.0,Moderate,54.83,105.95,7.41,0.6,3.23,31.04
Chennai,2016-04-10,132.0,Moderate,61.1,105.95,7.96,0.61,3.18,42.09
Chennai,2016-04-11,141.0,Moderate,61.34,105.95,11.1,0.66,3.33,44.35
Chennai,2016-04-12,125.0,Moderate,56.23,105.95,17.24,0.62,3.2,37.1
Chennai,2016-04-13,130.0,Moderate,59.15,105.95,18.86,0.68,3.54,48.46
Chennai,2016-04-14,129.0,Moderate,55.65,105.95,12.33,0.61,3.21,59.44
Chennai,2016-04-15,122.0,Moderate,54.15,105.95,12.57,0.65,4.31,45.28
Chennai,2016-04-16,122.0,Moderate,56.37,105.95,12.29,0.74,4.84,29.27
Chennai,2016-04-17,123.0,Moderate,54.71,105.95,12.81,0.67,3.12,32.01
Chennai,2016-04-18,113.0,Moderate,55.5,105.95,13.47,0.69,3.26,26.98
Chennai,2016-04-19,127.0,Moderate,56.62,105.95,15.05,0.61,3.15,25.79
Chennai,2016-04-20,134.0,Moderate,60.73,105.95,16.53,0.86,3.2,23.39
Chennai,2016-04-21,123.0,Moderate,51.55,105.95,13.44,1.02,3.63,35.06
Chennai,2016-04-22,129.0,Moderate,51.96,105.95,13.52,0.9,4.71,44.55
Chennai,2016-04-23,133.0,Moderate,60.21,105.95,11.49,0.93,4.13,46.92
Chennai,2016-04-24,134.0,Moderate,65.26,105.95,11.83,0.69,3.66,54.93
Chennai,2016-04-25,130.0,Moderate,61.78,105.95,13.51,0.94,3.46,42.23
Chennai,2016-04-26,122.0,Moderate,57.7,105.95,11.26,0.77,3.47,28.18
Chennai,2016-04-27,120.0,Moderate,56.99,105.95,15.37,0.76,3.41,27.37
Chennai,2016-04-28,120.0,Moderate,51.73,105.95,18.17,1.09,3.49,23.58
Chennai,2016-04-29,124.0,Moderate,48.7,105.95,17.65,0.96,3.49,29.76
Chennai,2016-04-30,169.0,Moderate,65.21,105.95,17.26,2.0,3.96,33.3
Chennai,2016-05-01,212.0,Poor,89.6,105.95,16.96,0.89,5.03,54.2
Chennai,2016-05-02,147.0,Moderate,58.58,105.95,16.06,1.02,5.34,47.31
Chennai,2016-05-03,123.0,Moderate,54.16,105.95,15.93,1.05,5.27,38.81
Chennai,2016-05-04,127.0,Moderate,55.79,105.95,15.74,1.0,5.1,34.5
Chennai,2016-05-05,125.0,Moderate,57.2,105.95,13.99,0.78,4.96,32.6
Chennai,2016-05-06,129.0,Moderate,64.95,105.95,13.29,1.0,4.78,41.1
Chennai,2016-05-07,139.0,Moderate,56.02,105.95,14.38,0.99,4.95,42.11
Chennai,2016-05-08,123.0,Moderate,53.3,105.95,13.8,1.01,4.63,32.45
Chennai,2016-05-09,122.0,Moderate,52.04,105.95,13.85,1.15,4.84,24.26
Chennai,2016-05-10,135.0,Moderate,61.37,105.95,15.13,1.1,4.61,22.41
Chennai,2016-05-11,136.0,Moderate,59.24,105.95,14.66,1.16,4.49,31.62
Chennai,2016-05-12,144.0,Moderate,58.43,105.95,18.69,1.23,4.43,53.25
Chennai,2016-05-13,161.0,Moderate,68.42,105.95,16.17,1.24,4.58,53.29
Chennai,2016-05-14,166.0,Moderate,62.47,105.95,13.86,1.24,4.44,48.37
Chennai,2016-05-15,183.0,Moderate,55.77,105.95,12.38,2.1,4.1,51.8
Chennai,2016-05-16,136.0,Moderate,58.8,105.95,13.77,1.15,3.89,58.35
Chennai,2016-05-17,171.0,Moderate,81.06,105.95,20.11,1.15,4.65,38.9
Chennai,2016-05-18,164.0,Moderate,65.17,105.95,25.13,1.28,4.74,27.97
Chennai,2016-05-19,113.0,Moderate,48.59,105.95,21.24,1.37,3.58,41.45
Chennai,2016-05-20,91.0,Satisfactory,45.05,105.95,25.57,1.24,4.01,55.65
Chennai,2016-05-21,94.0,Satisfactory,51.6,105.95,16.03,1.15,4.65,52.65
Chennai,2016-05-22,95.0,Satisfactory,51.67,105.95,16.22,0.95,4.58,56.21
Chennai,2016-05-23,93.0,Satisfactory,51.11,105.95,20.41,0.98,5.18,41.93
Chennai,2016-05-24,91.0,Satisfactory,50.24,105.95,19.87,1.09,4.3,51.11
Chennai,2016-05-25,102.0,Moderate,45.89,105.95,18.13,1.15,5.11,48.96
Chennai,2016-05-26,112.0,Moderate,48.61,105.95,18.15,2.55,3.78,41.27
Chennai,2016-05-27,117.0,Moderate,51.67,105.95,18.0,1.67,3.71,49.56
Chennai,2016-05-28,115.0,Moderate,50.64,105.95,17.49,1.84,3.96,55.38
Chennai,2016-05-29,124.0,Moderate,44.88,105.95,15.77,1.49,3.89,59.45
Chennai,2016-05-30,97.0,Satisfactory,43.41,105.95,10.44,1.48,4.09,48.16
Chennai,2016-05-31,120.0,Moderate,57.32,105.95,12.13,1.42,3.48,61.61
Chennai,2016-06-01,122.0,Moderate,43.52,105.95,11.38,1.94,4.53,58.74
Chennai,2016-06-02,122.0,Moderate,41.29,105.95,10.64,1.86,4.86,40.93
Chennai,2016-06-03,88.0,Satisfactory,51.67,105.95,26.41,1.0,7.71,34.07
Chennai,2016-06-04,123.0,,51.67,105.95,26.41,1.0,7.71,34.07
Chennai,2016-06-05,123.0,,51.67,105.95,26.41,1.0,7.71,34.07
Chennai,2016-06-06,123.0,,51.67,105.95,26.41,1.0,7.71,34.07
Chennai,2016-06-07,123.0,,51.67,105.95,26.41,1.0,7.71,34.07
Chennai,2016-06-08,123.0,,51.67,105.95,26.41,1.0,7.71,34.07
Chennai,2016-06-09,123.0,,51.67,105.95,26.41,1.0,7.71,34.07
Chennai,2016-06-10,123.0,,51.67,105.95,26.41,1.0,7.71,34.07
Chennai,2016-06-11,123.0,,51.67,105.95,26.41,1.0,7.71,34.07
Chennai,2016-06-12,123.0,,51.67,105.95,26.41,1.0,7.71,34.07
Chennai,2016-06-13,123.0,,51.67,105.95,26.41,1.0,7.71,34.07
Chennai,2016-06-14,123.0,,43.16,105.95,17.81,2.14,5.18,19.23
Chennai,2016-06-15,92.0,Satisfactory,32.64,105.95,15.81,2.17,4.07,33.41
Chennai,2016-06-16,94.0,Satisfactory,44.73,105.95,13.57,2.64,3.67,36.19
Chennai,2016-06-17,102.0,Moderate,41.29,105.95,13.78,2.13,5.04,28.24
Chennai,2016-06-18,100.0,Satisfactory,45.76,105.95,11.62,1.92,4.48,33.51
Chennai,2016-06-19,100.0,Satisfactory,43.38,105.95,9.81,1.81,4.05,49.08
Chennai,2016-06-20,89.0,Satisfactory,38.93,105.95,8.44,2.08,3.32,47.71
Chennai,2016-06-21,89.0,Satisfactory,42.3,105.95,15.62,1.49,3.08,37.87
Chennai,2016-06-22,83.0,Satisfactory,32.8,105.95,11.31,1.47,4.76,31.72
Chennai,2016-06-23,70.0,Satisfactory,40.78,105.95,12.82,0.92,3.72,22.67
Chennai,2016-06-24,71.0,Satisfactory,50.94,105.95,10.78,0.71,4.1,27.66
Chennai,2016-06-25,117.0,Moderate,51.67,105.95,26.41,1.0,7.71,34.07
Chennai,2016-06-26,123.0,,73.03,105.95,18.13,0.19,1.44,34.07
Chennai,2016-06-27,123.0,,46.17,105.95,17.56,1.0,3.05,32.27
Chennai,2016-06-28,86.0,Satisfactory,60.36,105.95,13.17,0.82,3.5,28.09
Chennai,2016-06-29,100.0,Satisfactory,42.8,105.95,22.99,1.42,2.59,15.69
Chennai,2016-06-30,88.0,Satisfactory,109.5,105.95,17.81,1.08,7.29,9.94
Chennai,2016-07-01,161.0,Moderate,45.6,105.95,15.08,1.1,5.13,10.94
Chennai,2016-07-02,81.0,Satisfactory,47.91,105.95,10.99,1.23,5.13,19.56
Chennai,2016-07-03,81.0,Satisfactory,30.43,105.95,11.59,0.99,5.88,22.09
Chennai,2016-07-04,86.0,Satisfactory,96.65,105.95,15.97,1.22,8.02,14.71
Chennai,2016-07-05,271.0,Poor,196.81,105.95,16.33,1.16,9.24,11.26
Chennai,2016-07-06,162.0,Moderate,29.09,105.95,13.53,1.06,3.8,16.99
Chennai,2016-07-07,91.0,Satisfactory,29.34,105.95,13.49,1.43,3.55,4.46
Chennai,2016-07-08,104.0,Moderate,57.26,105.95,18.17,1.37,3.23,10.57
Chennai,2016-07-09,103.0,Moderate,28.3,105.95,15.79,0.93,3.05,11.86
Chennai,2016-07-10,74.0,Satisfactory,35.38,105.95,13.72,1.03,2.41,16.17
Chennai,2016-07-11,129.0,Moderate,22.97,105.95,14.02,2.15,2.17,10.79
Chennai,2016-07-12,58.0,Satisfactory,23.24,105.95,15.75,0.97,2.34,28.11
Chennai,2016-07-13,69.0,Satisfactory,24.87,105.95,14.94,0.85,3.32,27.45
Chennai,2016-07-14,66.0,Satisfactory,18.67,105.95,16.61,0.98,5.0,15.02
Chennai,2016-07-15,70.0,Satisfactory,26.6,105.95,14.83,0.96,3.53,39.34
Chennai,2016-07-16,69.0,Satisfactory,34.33,105.95,15.03,0.85,3.92,35.13
Chennai,2016-07-17,70.0,Satisfactory,35.16,105.95,12.35,0.83,3.58,36.1
Chennai,2016-07-18,71.0,Satisfactory,31.69,105.95,12.95,0.86,4.06,25.9
Chennai,2016-07-19,125.0,Moderate,32.43,105.95,16.81,3.09,5.57,8.82
Chennai,2016-07-20,87.0,Satisfactory,33.09,105.95,16.36,1.13,4.3,8.77
Chennai,2016-07-21,59.0,Satisfactory,27.02,105.95,19.78,1.63,5.5,7.23
Chennai,2016-07-22,123.0,,21.38,105.95,15.05,1.17,4.81,12.6
Chennai,2016-07-23,62.0,Satisfactory,29.69,105.95,12.64,0.94,4.08,7.8
Chennai,2016-07-24,54.0,Satisfactory,59.34,105.95,7.48,0.96,6.88,36.62
Chennai,2016-07-25,103.0,Moderate,30.71,105.95,6.49,1.18,5.23,34.07
Chennai,2016-07-26,73.0,Satisfactory,23.58,105.95,7.82,1.14,2.47,34.07
Chennai,2016-07-27,78.0,Satisfactory,24.43,105.95,7.59,1.22,2.36,24.2
Chennai,2016-07-28,87.0,Satisfactory,42.82,105.95,11.82,1.31,2.92,38.65
Chennai,2016-07-29,81.0,Satisfactory,28.51,105.95,13.16,1.26,2.19,15.84
Chennai,2016-07-30,82.0,Satisfactory,34.01,105.95,14.56,1.22,2.36,9.82
Chennai,2016-07-31,84.0,Satisfactory,32.41,105.95,14.19,1.12,2.44,1.8
Chennai,2016-08-01,75.0,Satisfactory,32.88,105.95,17.12,1.08,2.34,9.89
Chennai,2016-08-02,78.0,Satisfactory,34.8,105.95,19.48,1.16,5.49,10.5
Chennai,2016-08-03,151.0,Moderate,40.39,105.95,14.77,6.35,4.04,11.18
Chennai,2016-08-04,100.0,Satisfactory,32.44,105.95,14.82,1.22,4.39,8.23
Chennai,2016-08-05,131.0,Moderate,30.54,105.95,15.71,2.72,4.48,12.45
Chennai,2016-08-06,68.0,Satisfactory,32.54,105.95,16.27,1.16,6.76,12.18
Chennai,2016-08-07,70.0,Satisfactory,37.71,105.95,11.22,1.08,4.08,20.14
Chennai,2016-08-08,89.0,Satisfactory,40.69,105.95,11.54,2.15,3.7,16.91
Chennai,2016-08-09,174.0,Moderate,40.85,105.95,14.07,2.83,3.41,19.75
Chennai,2016-08-10,178.0,Moderate,35.23,105.95,13.99,3.22,4.43,17.86
Chennai,2016-08-11,155.0,Moderate,33.51,105.95,14.2,3.33,3.39,21.82
Chennai,2016-08-12,55.0,Satisfactory,29.11,105.95,13.67,0.14,3.71,26.59
Chennai,2016-08-13,169.0,Moderate,30.94,105.95,11.38,2.37,4.31,22.72
Chennai,2016-08-14,124.0,Moderate,29.48,105.95,10.37,1.07,3.71,16.29
Chennai,2016-08-15,256.0,Poor,25.42,105.95,10.18,3.27,4.42,9.59
Chennai,2016-08-16,126.0,Moderate,35.09,105.95,14.66,1.28,3.82,13.97
Chennai,2016-08-17,125.0,Moderate,34.2,105.95,15.89,1.05,4.58,16.96
Chennai,2016-08-18,111.0,Moderate,55.88,105.95,10.79,0.79,4.05,32.5
Chennai,2016-08-19,129.0,Moderate,39.96,105.95,10.7,0.26,3.83,38.19
Chennai,2016-08-20,83.0,Satisfactory,36.33,105.95,7.08,0.02,5.09,44.87
Chennai,2016-08-21,199.0,Moderate,26.4,105.95,6.75,1.21,6.07,58.95
Chennai,2016-08-22,74.0,Satisfactory,40.36,105.95,8.62,0.05,4.49,44.53
Chennai,2016-08-23,139.0,Moderate,40.21,105.95,10.09,0.76,4.38,49.73
Chennai,2016-08-24,167.0,Moderate,37.07,105.95,10.49,1.52,4.46,46.6
Chennai,2016-08-25,142.0,Moderate,26.7,105.95,11.22,1.21,5.12,20.89
Chennai,2016-08-26,90.0,Satisfactory,38.63,105.95,13.13,1.02,4.93,17.15
Chennai,2016-08-27,188.0,Moderate,32.14,105.95,12.66,0.95,5.16,10.76
Chennai,2016-08-28,126.0,Moderate,33.02,105.95,10.42,1.08,5.04,18.76
Chennai,2016-08-29,172.0,Moderate,38.11,105.95,10.74,3.65,5.04,17.52
Chennai,2016-08-30,244.0,Poor,37.79,105.95,12.86,2.84,5.18,18.33
Chennai,2016-08-31,189.0,Moderate,28.6,105.95,15.15,1.44,4.53,15.76
Chennai,2016-09-01,160.0,Moderate,30.82,105.95,11.49,2.64,4.37,27.96
Chennai,2016-09-02,215.0,Poor,42.16,105.95,13.37,2.34,4.76,24.39
Chennai,2016-09-03,126.0,Moderate,36.8,105.95,12.5,1.61,4.8,17.04
Chennai,2016-09-04,227.0,Poor,31.97,105.95,19.62,2.08,4.62,22.33
Chennai,2016-09-05,172.0,Moderate,23.6,105.95,13.82,0.98,6.12,11.94
Chennai,2016-09-06,266.0,Poor,38.5,105.95,14.8,2.94,5.45,23.45
Chennai,2016-09-07,257.0,Poor,36.26,105.95,18.66,3.17,4.13,22.59
Chennai,2016-09-08,141.0,Moderate,42.37,105.95,15.42,1.03,4.94,36.09
Chennai,2016-09-09,228.0,Poor,38.87,105.95,15.96,3.01,3.97,48.12
Chennai,2016-09-10,171.0,Moderate,43.96,105.95,17.99,0.61,3.64,26.37
Chennai,2016-09-11,73.0,Satisfactory,36.26,105.95,20.14,0.22,3.62,18.27
Chennai,2016-09-12,120.0,Moderate,41.33,105.95,21.63,0.79,3.7,8.2
Chennai,2016-09-13,77.0,Satisfactory,44.76,105.95,23.06,0.16,4.01,13.01
Chennai,2016-09-14,92.0,Satisfactory,33.01,105.95,27.52,1.13,3.82,16.61
Chennai,2016-09-15,228.0,Poor,26.79,105.95,22.55,9.15,2.38,15.46
Chennai,2016-09-16,224.0,Poor,24.54,105.95,19.16,2.59,2.0,18.47
Chennai,2016-09-17,260.0,Poor,34.16,105.95,20.6,5.56,1.85,10.14
Chennai,2016-09-18,240.0,Poor,26.59,105.95,17.15,8.2,1.56,14.31
Chennai,2016-09-19,372.0,Very Poor,23.76,105.95,16.71,8.68,1.49,18.08
Chennai,2016-09-20,437.0,Severe,22.2,105.95,34.72,11.03,1.4,7.23
Chennai,2016-09-21,449.0,Severe,16.18,105.95,36.8,6.02,1.31,7.9
Chennai,2016-09-22,434.0,Severe,12.79,105.95,26.79,8.05,1.36,15.27
Chennai,2016-09-23,118.0,Moderate,18.98,105.95,24.09,0.03,1.82,16.67
Chennai,2016-09-24,30.0,Good,18.35,105.95,18.64,0.09,4.42,38.43
Chennai,2016-09-25,54.0,Satisfactory,24.87,105.95,18.02,0.05,7.21,36.73
Chennai,2016-09-26,94.0,Satisfactory,33.32,105.95,17.58,0.07,2.51,39.31
Chennai,2016-09-27,66.0,Satisfactory,31.93,105.95,19.07,0.04,2.09,46.34
Chennai,2016-09-28,70.0,Satisfactory,45.71,105.95,17.82,0.04,2.27,50.13
Chennai,2016-09-29,77.0,Satisfactory,40.61,105.95,18.28,0.11,2.78,35.26
Chennai,2016-09-30,70.0,Satisfactory,38.14,105.95,17.9,0.17,2.9,33.94
Chennai,2016-10-01,94.0,Satisfactory,35.96,105.95,17.62,0.03,2.27,52.92
Chennai,2016-10-02,136.0,Moderate,51.67,105.95,26.41,0.0,7.71,34.07
Chennai,2016-10-03,123.0,,33.05,105.95,17.63,0.1,2.5,15.11
Chennai,2016-10-04,73.0,Satisfactory,34.06,105.95,20.15,0.08,2.74,23.06
Chennai,2016-10-05,78.0,Satisfactory,29.14,105.95,28.6,0.1,1.93,35.81
Chennai,2016-10-06,85.0,Satisfactory,60.14,105.95,28.53,0.11,2.87,43.57
Chennai,2016-10-07,118.0,Moderate,51.01,105.95,28.5,0.19,2.57,32.88
Chennai,2016-10-08,73.0,Satisfactory,36.09,105.95,28.48,0.05,2.35,46.76
Chennai,2016-10-09,66.0,Satisfactory,38.46,105.95,28.53,0.0,2.47,39.59
Chennai,2016-10-10,79.0,Satisfactory,44.91,105.95,28.53,0.03,1.98,31.28
Chennai,2016-10-11,66.0,Satisfactory,32.16,105.95,28.53,0.02,2.64,28.41
Chennai,2016-10-12,75.0,Satisfactory,45.11,105.95,28.54,0.02,2.55,49.57
Chennai,2016-10-13,131.0,Moderate,81.45,105.95,28.53,0.06,2.1,49.08
Chennai,2016-10-14,180.0,Moderate,60.89,105.95,28.46,0.06,16.0,63.32
Chennai,2016-10-15,124.0,Moderate,62.96,105.95,28.47,0.01,3.07,55.5
Chennai,2016-10-16,125.0,Moderate,60.19,105.95,28.48,0.03,2.14,58.43
Chennai,2016-10-17,197.0,Moderate,66.69,105.95,28.46,0.45,2.29,61.2
Chennai,2016-10-18,167.0,Moderate,78.52,105.95,28.42,0.13,4.36,69.64
Chennai,2016-10-19,187.0,Moderate,63.07,105.95,28.5,0.08,26.16,72.0
Chennai,2016-10-20,130.0,Moderate,80.58,105.95,28.56,0.03,4.66,8.36
Chennai,2016-10-21,170.0,Moderate,73.75,105.95,28.44,0.26,13.26,79.47
Chennai,2016-10-22,183.0,Moderate,80.18,105.95,28.49,0.21,11.65,65.42
Chennai,2016-10-23,208.0,Poor,87.04,105.95,28.5,0.15,13.75,63.2
Chennai,2016-10-24,200.0,Moderate,81.0,105.95,28.49,0.21,19.65,61.0
Chennai,2016-10-25,187.0,Moderate,85.73,105.95,28.51,0.34,19.95,52.22
Chennai,2016-10-26,202.0,Poor,92.64,105.95,26.51,0.27,20.69,49.15
Chennai,2016-10-27,215.0,Poor,98.0,105.95,13.5,0.1,5.46,62.24
Chennai,2016-10-28,370.0,Very Poor,132.38,105.95,17.75,1.44,14.2,50.72
Chennai,2016-10-29,298.0,Poor,114.08,105.95,12.53,0.2,7.4,52.28
Chennai,2016-10-30,168.0,Moderate,67.86,105.95,12.52,0.11,4.77,25.71
Chennai,2016-10-31,130.0,Moderate,49.57,105.95,15.05,0.02,4.68,10.23
Chennai,2016-11-01,87.0,Satisfactory,52.28,105.95,16.64,0.12,7.14,10.94
Chennai,2016-11-02,80.0,Satisfactory,47.86,105.95,16.53,0.12,3.04,4.38
Chennai,2016-11-03,75.0,Satisfactory,35.54,105.95,24.26,0.15,2.59,7.28
Chennai,2016-11-04,87.0,Satisfactory,57.22,105.95,15.53,0.13,3.73,20.63
Chennai,2016-11-05,110.0,Moderate,66.29,105.95,14.44,0.14,4.27,44.96
Chennai,2016-11-06,177.0,Moderate,80.11,105.95,15.08,0.14,4.24,51.61
Chennai,2016-11-07,133.0,Moderate,71.86,105.95,14.88,0.06,2.29,32.83
Chennai,2016-11-08,166.0,Moderate,80.49,105.95,15.49,0.02,5.78,42.53
Chennai,2016-11-09,160.0,Moderate,83.26,105.95,17.31,0.02,7.74,53.12
Chennai,2016-11-10,165.0,Moderate,71.16,105.95,15.26,0.0,6.87,60.63
Chennai,2016-11-11,148.0,Moderate,76.21,105.95,13.7,0.02,3.43,56.87
Chennai,2016-11-12,164.0,Moderate,82.67,105.95,15.23,0.0,9.39,41.55
Chennai,2016-11-13,117.0,Moderate,42.54,105.95,13.79,0.02,1.67,27.37
Chennai,2016-11-14,57.0,Satisfactory,29.08,105.95,22.4,0.0,1.48,5.6
Chennai,2016-11-15,49.0,Good,34.55,105.95,23.17,0.0,1.5,5.94
Chennai,2016-11-16,81.0,Satisfactory,55.67,105.95,26.7,0.0,2.26,33.85
Chennai,2016-11-17,113.0,Moderate,66.57,105.95,26.41,0.0,1.87,72.89
Chennai,2016-11-18,109.0,Moderate,62.58,105.95,29.62,0.0,5.8,54.3
Chennai,2016-11-19,135.0,Moderate,71.55,105.95,30.81,0.0,5.66,56.87
Chennai,2016-11-20,113.0,Moderate,58.21,105.95,30.99,0.02,6.52,43.66
Chennai,2016-11-21,110.0,Moderate,63.87,105.95,29.83,0.02,4.95,38.81
Chennai,2016-11-22,132.0,Moderate,83.29,105.95,30.5,0.0,3.0,46.65
Chennai,2016-11-23,200.0,Moderate,88.08,105.95,31.32,0.07,6.04,56.6
Chennai,2016-11-24,199.0,Moderate,91.49,105.95,34.32,0.41,10.34,44.08
Chennai,2016-11-25,224.0,Poor,93.71,105.95,32.16,0.08,8.1,59.17
Chennai,2016-11-26,195.0,Moderate,82.55,105.95,33.89,0.19,3.95,40.86
Chennai,2016-11-27,216.0,Poor,101.77,105.95,33.63,0.16,4.6,51.78
Chennai,2016-11-28,216.0,Poor,92.41,105.95,33.46,0.08,3.64,38.11
Chennai,2016-11-29,210.0,Poor,91.15,105.95,31.0,0.02,4.13,29.57
Chennai,2016-11-30,200.0,Moderate,94.8,105.95,30.87,0.02,3.05,43.63
Chennai,2016-12-01,188.0,Moderate,74.73,105.95,27.91,0.04,2.65,41.61
Chennai,2016-12-02,97.0,Satisfactory,43.52,105.95,25.73,0.03,2.36,25.3
Chennai,2016-12-03,69.0,Satisfactory,27.93,105.95,29.57,0.23,2.29,10.34
Chennai,2016-12-04,81.0,Satisfactory,45.98,105.95,27.02,0.06,2.42,4.59
Chennai,2016-12-05,68.0,Satisfactory,45.48,105.95,26.49,0.12,2.37,31.59
Chennai,2016-12-06,101.0,Moderate,54.12,105.95,22.87,0.07,3.32,49.83
Chennai,2016-12-07,78.0,Satisfactory,48.91,105.95,27.47,0.02,2.86,19.72
Chennai,2016-12-08,94.0,Satisfactory,59.74,105.95,32.39,0.12,2.74,23.28
Chennai,2016-12-09,134.0,Moderate,80.55,105.95,36.42,0.13,3.49,34.87
Chennai,2016-12-10,182.0,Moderate,84.69,105.95,33.14,0.12,9.78,59.52
Chennai,2016-12-11,175.0,Moderate,77.14,105.95,22.48,0.03,7.25,62.12
Chennai,2016-12-12,107.0,Moderate,51.17,105.95,5.5,0.07,2.49,46.57
Chennai,2016-12-13,86.0,Satisfactory,51.67,105.95,26.41,1.0,7.71,34.07
Chennai,2016-12-14,123.0,,51.67,105.95,26.41,1.0,7.71,34.07
Chennai,2016-12-15,123.0,,51.67,105.95,26.41,1.0,7.71,34.07
Chennai,2016-12-16,123.0,,51.67,105.95,26.41,1.0,7.71,34.07
Chennai,2016-12-17,123.0,,51.67,105.95,26.41,1.0,7.71,34.07
Chennai,2016-12-18,123.0,,51.67,105.95,26.41,1.0,7.71,34.07
Chennai,2016-12-19,123.0,,51.67,105.95,26.41,1.0,7.71,34.07
Chennai,2016-12-20,123.0,,51.67,105.95,26.41,0.0,7.71,34.07
Chennai,2016-12-21,123.0,,51.67,105.95,26.41,1.0,7.71,34.07
Chennai,2016-12-22,123.0,,51.67,105.95,26.41,1.0,7.71,34.07
Chennai,2016-12-23,123.0,,51.67,105.95,26.41,0.0,7.71,34.07
Chennai,2016-12-24,123.0,,51.67,105.95,26.41,0.0,7.71,34.07
Chennai,2016-12-25,123.0,,51.67,105.95,26.41,0.0,7.71,34.07
Chennai,2016-12-26,123.0,,51.67,105.95,26.41,0.0,7.71,34.07
Chennai,2016-12-27,123.0,,51.67,105.95,26.41,0.0,7.71,34.07
Chennai,2016-12-28,123.0,,51.67,105.95,26.41,0.0,7.71,34.07
Chennai,2016-12-29,123.0,,51.67,105.95,26.41,0.0,7.71,34.07
Chennai,2016-12-30,123.0,,63.65,105.95,23.85,0.07,4.06,39.59
Chennai,2016-12-31,174.0,Moderate,84.04,105.95,23.72,0.25,9.19,21.42
Chennai,2017-01-01,118.0,Moderate,44.56,105.95,15.04,0.18,5.8,19.33
Chennai,2017-01-02,64.0,Satisfactory,40.9,105.95,15.23,0.17,5.64,15.18
Chennai,2017-01-03,74.0,Satisfactory,42.31,105.95,15.52,0.19,8.66,17.92
Chennai,2017-01-04,68.0,Satisfactory,41.5,105.95,15.71,0.13,10.39,19.77
Chennai,2017-01-05,104.0,Moderate,72.86,105.95,17.11,0.0,10.44,29.9
Chennai,2017-01-06,171.0,Moderate,82.48,105.95,16.63,0.0,5.14,34.23
Chennai,2017-01-07,135.0,Moderate,58.09,105.95,13.26,0.01,2.81,56.37
Chennai,2017-01-08,110.0,Moderate,50.17,105.95,13.73,0.07,2.92,82.71
Chennai,2017-01-09,105.0,Moderate,44.1,105.95,16.07,0.0,5.82,61.87
Chennai,2017-01-10,332.0,Very Poor,293.43,105.95,14.74,0.0,3.48,30.96
Chennai,2017-01-11,244.0,Poor,55.2,105.95,13.75,0.03,7.82,41.83
Chennai,2017-01-12,246.0,Poor,169.75,105.95,14.92,0.0,2.92,31.82
Chennai,2017-01-13,360.0,Very Poor,144.02,105.95,15.81,0.04,3.24,29.88
Chennai,2017-01-14,146.0,Moderate,69.97,105.95,13.38,0.1,2.81,46.92
Chennai,2017-01-15,103.0,Moderate,55.97,105.95,9.54,0.01,4.56,48.59
Chennai,2017-01-16,103.0,Moderate,62.53,105.95,12.92,0.0,3.21,47.77
Chennai,2017-01-17,137.0,Moderate,80.76,105.95,16.2,0.0,5.18,49.91
Chennai,2017-01-18,142.0,Moderate,55.43,105.95,14.99,0.12,4.73,37.5
Chennai,2017-01-19,76.0,Satisfactory,50.27,105.95,14.4,0.12,2.01,43.31
Chennai,2017-01-20,107.0,Moderate,64.06,105.95,13.88,0.0,5.13,36.56
Chennai,2017-01-21,86.0,Satisfactory,36.85,105.95,14.24,0.0,2.54,46.12
Chennai,2017-01-22,78.0,Satisfactory,57.05,105.95,14.83,0.0,4.99,49.79
Chennai,2017-01-23,117.0,Moderate,73.27,105.95,15.47,0.0,14.79,48.57
Chennai,2017-01-24,125.0,Moderate,56.51,105.95,15.95,0.1,5.13,54.72
Chennai,2017-01-25,111.0,Moderate,66.54,105.95,13.26,0.0,2.74,68.4
Chennai,2017-01-26,104.0,Moderate,43.6,105.95,11.25,0.0,2.79,48.16
Chennai,2017-01-27,68.0,Satisfactory,36.16,105.95,10.03,0.0,1.78,15.93
Chennai,2017-01-28,44.0,Good,21.64,105.95,8.15,0.0,1.76,11.14
Chennai,2017-01-29,51.0,Satisfactory,36.77,105.95,11.8,0.0,2.08,9.38
Chennai,2017-01-30,58.0,Satisfactory,38.73,105.95,11.02,0.0,3.18,18.32
Chennai,2017-01-31,70.0,Satisfactory,100.68,105.95,9.77,0.01,2.52,39.08
Chennai,2017-02-01,130.0,Moderate,45.13,105.95,15.97,0.04,4.57,28.68
Chennai,2017-02-02,89.0,Satisfactory,52.59,105.95,16.78,0.1,2.89,28.39
Chennai,2017-02-03,81.0,Satisfactory,50.38,105.95,17.14,0.16,3.39,27.27
Chennai,2017-02-04,105.0,Moderate,67.15,105.95,16.29,0.03,3.89,39.87
Chennai,2017-02-05,149.0,Moderate,77.17,105.95,14.91,0.05,4.05,39.5
Chennai,2017-02-06,148.0,Moderate,72.94,105.95,17.57,0.02,4.3,36.86
Chennai,2017-02-07,166.0,Moderate,83.86,105.95,19.87,0.04,5.84,46.22
Chennai,2017-02-08,183.0,Moderate,80.59,105.95,20.01,0.03,3.62,37.86
Chennai,2017-02-09,183.0,Moderate,91.75,105.95,18.12,0.0,3.88,43.21
Chennai,2017-02-10,217.0,Poor,89.0,105.95,18.46,0.0,4.36,37.69
Chennai,2017-02-11,186.0,Moderate,84.05,105.95,16.24,0.0,4.06,29.51
Chennai,2017-02-12,126.0,Moderate,56.6,105.95,11.82,0.06,3.51,39.34
Chennai,2017-02-13,89.0,Satisfactory,54.94,105.95,13.42,0.17,3.6,23.36
Chennai,2017-02-14,80.0,Satisfactory,45.2,105.95,11.63,0.3,2.15,46.81
Chennai,2017-02-15,95.0,Satisfactory,63.51,105.95,14.78,0.22,3.45,43.83
Chennai,2017-02-16,125.0,Moderate,63.42,105.95,14.29,0.09,2.54,63.2
Chennai,2017-02-17,141.0,Moderate,77.03,105.95,14.45,0.03,2.97,62.53
Chennai,2017-02-18,151.0,Moderate,71.15,105.95,18.02,0.0,2.84,40.78
Chennai,2017-02-19,142.0,Moderate,71.72,105.95,15.74,0.0,4.2,37.49
Chennai,2017-02-20,116.0,Moderate,50.86,105.95,13.46,0.03,2.6,36.87
Chennai,2017-02-21,88.0,Satisfactory,51.46,105.95,12.75,0.01,3.32,33.87
Chennai,2017-02-22,92.0,Satisfactory,56.59,105.95,12.53,0.0,3.97,25.89
Chennai,2017-02-23,76.0,Satisfactory,42.42,105.95,12.56,0.07,3.83,20.3
Chennai,2017-02-24,80.0,Satisfactory,45.27,105.95,14.29,0.0,4.05,14.13
Chennai,2017-02-25,69.0,Satisfactory,37.91,105.95,12.73,0.04,4.08,18.29
Chennai,2017-02-26,65.0,Satisfactory,44.1,105.95,9.6,0.0,4.42,18.06
Chennai,2017-02-27,90.0,Satisfactory,59.53,105.95,6.09,0.01,4.48,19.94
Chennai,2017-02-28,108.0,Moderate,65.96,105.95,9.97,0.23,6.25,27.15
Chennai,2017-03-01,157.0,Moderate,82.44,105.95,17.92,0.27,7.02,54.36
Chennai,2017-03-02,152.0,Moderate,72.86,105.95,19.0,0.13,6.2,35.08
Chennai,2017-03-03,123.0,Moderate,63.96,105.95,18.78,0.13,6.28,41.66
Chennai,2017-03-04,93.0,Satisfactory,40.43,105.95,15.6,0.03,2.49,11.6
Chennai,2017-03-05,52.0,Satisfactory,34.07,105.95,14.71,0.0,2.58,13.06
Chennai,2017-03-06,59.0,Satisfactory,36.92,105.95,15.3,0.02,2.13,12.59
Chennai,2017-03-07,65.0,Satisfactory,36.88,105.95,14.1,0.0,2.17,9.91
Chennai,2017-03-08,78.0,Satisfactory,62.57,105.95,10.28,0.0,2.05,9.11
Chennai,2017-03-09,93.0,Satisfactory,31.34,105.95,7.39,0.03,1.92,6.85
Chennai,2017-03-10,148.0,Moderate,227.17,105.95,8.0,0.0,2.19,13.3
Chennai,2017-03-11,348.0,Very Poor,62.95,105.95,9.71,0.0,3.08,31.65
Chennai,2017-03-12,63.0,Satisfactory,33.53,105.95,8.75,0.0,2.53,28.07
Chennai,2017-03-13,52.0,Satisfactory,23.54,105.95,9.82,0.0,3.12,23.97
Chennai,2017-03-14,43.0,Good,29.17,105.95,8.27,0.03,3.18,16.7
Chennai,2017-03-15,80.0,Satisfactory,53.27,105.95,8.95,0.01,2.9,10.8
Chennai,2017-03-16,350.0,Very Poor,286.08,105.95,10.59,0.0,2.49,13.35
Chennai,2017-03-17,197.0,Moderate,37.43,105.95,10.9,0.0,3.32,21.35
Chennai,2017-03-18,87.0,Satisfactory,26.43,105.95,10.84,0.06,5.55,31.85
Chennai,2017-03-19,110.0,Moderate,88.83,105.95,10.79,0.01,4.13,35.43
Chennai,2017-03-20,109.0,Moderate,29.53,105.95,9.94,0.0,3.89,34.4
Chennai,2017-03-21,59.0,Satisfactory,25.53,105.95,9.57,0.0,3.4,28.81
Chennai,2017-03-22,57.0,Satisfactory,35.25,105.95,7.12,0.02,2.49,25.43
Chennai,2017-03-23,65.0,Satisfactory,36.76,105.95,9.22,0.03,2.37,33.27
Chennai,2017-03-24,80.0,Satisfactory,52.62,105.95,11.96,0.02,2.4,37.74
Chennai,2017-03-25,137.0,Moderate,80.48,105.95,11.8,0.0,2.98,34.13
Chennai,2017-03-26,158.0,Moderate,74.46,105.95,11.05,0.0,3.46,29.09
Chennai,2017-03-27,131.0,Moderate,60.44,105.95,10.84,0.03,2.76,28.02
Chennai,2017-03-28,86.0,Satisfactory,39.11,105.95,9.93,0.0,2.68,16.24
Chennai,2017-03-29,61.0,Satisfactory,35.04,105.95,9.35,0.0,3.47,15.58
Chennai,2017-03-30,80.0,Satisfactory,37.42,105.95,9.94,0.09,4.92,20.26
Chennai,2017-03-31,57.0,Satisfactory,35.34,105.95,9.03,0.11,5.27,14.06
Chennai,2017-04-01,60.0,Satisfactory,34.69,105.95,9.52,0.02,4.96,13.8
Chennai,2017-04-02,65.0,Satisfactory,37.57,105.95,9.53,0.05,5.46,19.82
Chennai,2017-04-03,71.0,Satisfactory,44.33,105.95,9.79,0.02,5.23,38.56
Chennai,2017-04-04,75.0,Satisfactory,40.56,105.95,9.79,0.03,4.67,23.51
Chennai,2017-04-05,67.0,Satisfactory,48.62,105.95,9.41,0.03,4.61,21.86
Chennai,2017-04-06,80.0,Satisfactory,36.85,105.95,9.91,0.02,4.84,21.17
Chennai,2017-04-07,65.0,Satisfactory,41.16,105.95,10.42,0.06,4.37,30.17
Chennai,2017-04-08,80.0,Satisfactory,61.68,105.95,11.13,0.01,4.23,25.51
Chennai,2017-04-09,89.0,Satisfactory,34.28,105.95,11.8,0.0,3.71,26.34
Chennai,2017-04-10,67.0,Satisfactory,53.6,105.95,11.75,0.01,3.99,38.21
Chennai,2017-04-11,117.0,Moderate,67.15,105.95,10.53,0.0,4.05,40.63
Chennai,2017-04-12,107.0,Moderate,37.05,105.95,7.8,0.0,3.24,17.3
Chennai,2017-04-13,83.0,Satisfactory,49.49,105.95,9.04,0.06,4.59,24.36
Chennai,2017-04-14,76.0,Satisfactory,45.09,105.95,9.21,0.03,4.65,19.26
Chennai,2017-04-15,87.0,Satisfactory,61.73,105.95,9.72,0.1,4.81,23.92
Chennai,2017-04-16,106.0,Moderate,55.89,105.95,10.67,0.12,4.88,39.32
Chennai,2017-04-17,111.0,Moderate,72.65,105.95,10.7,0.12,4.92,52.16
Chennai,2017-04-18,192.0,Moderate,75.8,105.95,10.71,0.06,4.84,42.61
Chennai,2017-04-19,125.0,Moderate,91.14,105.95,11.27,0.0,4.78,31.95
Chennai,2017-04-20,184.0,Moderate,68.14,105.95,9.96,0.03,4.97,29.14
Chennai,2017-04-21,152.0,Moderate,89.0,105.95,10.87,0.03,6.35,45.42
Chennai,2017-04-22,184.0,Moderate,81.33,105.95,11.45,0.08,9.05,53.37
Chennai,2017-04-23,210.0,Poor,82.7,105.95,11.59,0.02,7.47,51.13
Chennai,2017-04-24,125.0,Moderate,62.54,105.95,14.4,0.06,7.25,39.09
Chennai,2017-04-25,96.0,Satisfactory,51.38,105.95,11.44,0.06,7.33,33.19
Chennai,2017-04-26,93.0,Satisfactory,60.21,105.95,11.17,0.09,7.76,32.11
Chennai,2017-04-27,97.0,Satisfactory,59.63,105.95,10.99,0.08,6.62,28.98
Chennai,2017-04-28,104.0,Moderate,56.7,105.95,10.05,0.04,7.91,39.2
Chennai,2017-04-29,99.0,Satisfactory,61.92,105.95,13.12,0.03,8.53,20.36
Chennai,2017-04-30,101.0,Moderate,43.89,105.95,9.75,0.0,6.4,43.9
Chennai,2017-05-01,76.0,Satisfactory,40.4,105.95,10.07,0.04,7.09,34.38
Chennai,2017-05-02,64.0,Satisfactory,34.05,105.95,9.31,0.01,6.09,24.3
Chennai,2017-05-03,58.0,Satisfactory,37.71,105.95,9.96,0.01,7.31,19.53
Chennai,2017-05-04,62.0,Satisfactory,43.64,105.95,10.24,0.04,7.45,18.54
Chennai,2017-05-05,76.0,Satisfactory,40.54,105.95,10.08,0.01,7.89,20.81
Chennai,2017-05-06,67.0,Satisfactory,44.14,105.95,10.11,0.0,7.15,25.06
Chennai,2017-05-07,74.0,Satisfactory,38.85,105.95,10.74,0.0,8.14,21.04
Chennai,2017-05-08,72.0,Satisfactory,44.08,105.95,11.47,0.02,7.29,33.65
Chennai,2017-05-09,79.0,Satisfactory,34.59,105.95,12.01,0.06,7.1,40.3
Chennai,2017-05-10,105.0,Moderate,47.85,105.95,14.43,0.17,6.96,62.21
Chennai,2017-05-11,79.0,Satisfactory,27.0,105.95,13.55,0.3,7.81,25.64
Chennai,2017-05-12,67.0,Satisfactory,46.29,105.95,11.12,0.12,6.82,21.21
Chennai,2017-05-13,70.0,Satisfactory,36.62,105.95,11.88,0.03,10.08,27.28
Chennai,2017-05-14,94.0,Satisfactory,60.49,105.95,19.11,0.04,10.84,47.07
Chennai,2017-05-15,165.0,Moderate,73.27,105.95,12.14,0.18,7.98,81.71
Chennai,2017-05-16,194.0,Moderate,64.22,105.95,12.9,0.16,8.24,72.36
Chennai,2017-05-17,139.0,Moderate,86.49,105.95,12.77,0.25,7.23,48.88
Chennai,2017-05-18,262.0,Poor,131.2,105.95,15.75,0.24,6.77,63.11
Chennai,2017-05-19,276.0,Poor,86.94,105.95,17.09,0.18,7.5,61.8
Chennai,2017-05-20,165.0,Moderate,63.82,105.95,16.73,0.19,7.89,74.87
Chennai,2017-05-21,159.0,Moderate,71.68,105.95,13.78,0.13,6.47,71.02
Chennai,2017-05-22,113.0,Moderate,50.12,105.95,14.43,0.12,7.48,46.83
Chennai,2017-05-23,137.0,Moderate,86.59,105.95,16.81,0.12,8.58,64.78
Chennai,2017-05-24,191.0,Moderate,100.14,105.95,19.88,0.18,8.56,41.86
Chennai,2017-05-25,231.0,Poor,65.53,105.95,21.28,0.18,10.43,55.31
Chennai,2017-05-26,167.0,Moderate,71.65,105.95,19.55,0.26,9.51,50.56
Chennai,2017-05-27,144.0,Moderate,60.4,105.95,15.21,0.07,10.36,57.04
Chennai,2017-05-28,123.0,Moderate,46.27,105.95,16.67,0.12,10.28,60.64
Chennai,2017-05-29,90.0,Satisfactory,57.25,105.95,16.49,0.15,7.5,29.6
Chennai,2017-05-30,90.0,Satisfactory,43.31,105.95,15.45,0.07,7.09,32.19
Chennai,2017-05-31,80.0,Satisfactory,43.14,105.95,14.58,0.12,6.97,33.55
Chennai,2017-06-01,91.0,Satisfactory,44.66,105.95,14.54,0.09,6.28,45.19
Chennai,2017-06-02,91.0,Satisfactory,56.39,105.95,15.56,0.0,6.81,39.97
Chennai,2017-06-03,102.0,Moderate,40.58,105.95,14.01,0.01,7.38,43.42
Chennai,2017-06-04,120.0,Moderate,41.33,105.95,6.23,0.0,5.91,59.32
Chennai,2017-06-05,92.0,Satisfactory,38.61,105.95,10.78,0.0,5.37,33.1
Chennai,2017-06-06,72.0,Satisfactory,41.32,105.95,10.67,0.03,5.81,25.05
Chennai,2017-06-07,95.0,Satisfactory,37.63,105.95,10.75,0.07,6.22,17.67
Chennai,2017-06-08,80.0,Satisfactory,41.44,105.95,10.59,0.05,5.31,11.65
Chennai,2017-06-09,70.0,Satisfactory,41.41,105.95,10.46,0.11,6.53,14.69
Chennai,2017-06-10,77.0,Satisfactory,46.32,105.95,10.47,0.06,5.64,15.64
Chennai,2017-06-11,66.0,Satisfactory,30.88,105.95,10.68,0.0,6.28,17.26
Chennai,2017-06-12,73.0,Satisfactory,35.9,105.95,12.2,0.05,6.11,20.7
Chennai,2017-06-13,60.0,Satisfactory,38.33,105.95,10.32,0.02,6.21,28.07
Chennai,2017-06-14,81.0,Satisfactory,41.07,105.95,10.36,0.02,8.61,34.87
Chennai,2017-06-15,69.0,Satisfactory,48.23,105.95,10.37,0.03,3.58,35.61
Chennai,2017-06-16,82.0,Satisfactory,49.47,105.95,10.3,0.08,3.5,31.69
Chennai,2017-06-17,84.0,Satisfactory,43.64,105.95,10.41,0.0,3.12,31.69
Chennai,2017-06-18,74.0,Satisfactory,38.35,105.95,10.3,0.0,4.55,37.9
Chennai,2017-06-19,71.0,Satisfactory,50.48,105.95,9.93,0.07,4.91,29.2
Chennai,2017-06-20,76.0,Satisfactory,45.95,105.95,9.08,0.05,4.05,26.21
Chennai,2017-06-21,91.0,Satisfactory,51.81,105.95,7.71,0.0,4.1,38.32
Chennai,2017-06-22,77.0,Satisfactory,43.94,105.95,19.32,0.03,4.61,26.43
Chennai,2017-06-23,79.0,Satisfactory,46.72,105.95,21.73,0.02,4.18,27.92
Chennai,2017-06-24,93.0,Satisfactory,51.02,105.95,15.59,0.11,4.67,24.3
Chennai,2017-06-25,75.0,Satisfactory,41.41,105.95,17.67,0.0,7.74,20.75
Chennai,2017-06-26,73.0,Satisfactory,45.53,105.95,16.51,0.0,4.51,23.89
Chennai,2017-06-27,76.0,Satisfactory,47.32,105.95,16.28,0.02,4.67,24.61
Chennai,2017-06-28,71.0,Satisfactory,39.61,105.95,10.78,0.09,4.65,20.31
Chennai,2017-06-29,81.0,Satisfactory,48.43,105.95,7.46,0.0,4.34,14.01
Chennai,2017-06-30,123.0,,94.72,105.95,8.27,0.03,4.69,26.18
Chennai,2017-07-01,116.0,Moderate,56.49,105.95,14.49,0.06,4.63,24.55
Chennai,2017-07-02,109.0,Moderate,62.74,105.95,15.18,0.02,4.54,34.7
Chennai,2017-07-03,92.0,Satisfactory,47.17,105.95,14.32,0.04,4.62,26.47
Chennai,2017-07-04,74.0,Satisfactory,37.6,105.95,16.97,0.05,4.87,10.34
Chennai,2017-07-05,63.0,Satisfactory,46.61,105.95,32.3,0.0,4.69,23.07
Chennai,2017-07-06,77.0,Satisfactory,42.38,105.95,20.71,0.01,4.5,24.43
Chennai,2017-07-07,119.0,Moderate,53.45,105.95,18.63,0.03,11.84,29.22
Chennai,2017-07-08,94.0,Satisfactory,59.81,105.95,7.7,0.17,4.72,14.07
Chennai,2017-07-09,104.0,Moderate,52.28,105.95,11.85,0.02,4.57,25.97
Chennai,2017-07-10,76.0,Satisfactory,42.48,105.95,15.05,0.03,4.24,28.01
Chennai,2017-07-11,92.0,Satisfactory,62.34,105.95,16.03,0.02,4.24,23.74
Chennai,2017-07-12,85.0,Satisfactory,28.72,105.95,15.59,0.14,4.59,15.57
Chennai,2017-07-13,96.0,Satisfactory,62.64,105.95,14.88,0.1,4.62,17.01
Chennai,2017-07-14,84.0,Satisfactory,48.22,105.95,14.58,0.07,4.81,19.64
Chennai,2017-07-15,86.0,Satisfactory,63.29,105.95,14.88,0.19,4.83,22.59
Chennai,2017-07-16,99.0,Satisfactory,46.96,105.95,14.46,0.03,4.9,18.16
Chennai,2017-07-17,80.0,Satisfactory,45.1,105.95,13.78,0.13,4.63,17.79
Chennai,2017-07-18,78.0,Satisfactory,37.98,105.95,12.86,0.2,5.47,18.01
Chennai,2017-07-19,73.0,Satisfactory,48.24,105.95,12.27,0.02,4.71,20.05
Chennai,2017-07-20,70.0,Satisfactory,41.12,105.95,12.26,0.03,4.75,24.56
Chennai,2017-07-21,117.0,Moderate,86.01,105.95,12.58,0.02,4.68,20.82
Chennai,2017-07-22,131.0,Moderate,50.07,105.95,12.48,0.02,4.56,21.32
Chennai,2017-07-23,77.0,Satisfactory,37.84,105.95,12.22,0.0,4.52,27.78
Chennai,2017-07-24,169.0,Moderate,112.23,105.95,12.32,0.05,4.77,22.76
Chennai,2017-07-25,203.0,Poor,94.7,105.95,12.39,0.05,4.67,19.56
Chennai,2017-07-26,221.0,Poor,92.04,105.95,12.23,0.07,4.66,19.21
Chennai,2017-07-27,164.0,Moderate,51.29,105.95,12.4,0.03,4.81,23.46
Chennai,2017-07-28,85.0,Satisfactory,49.33,105.95,11.1,0.05,4.75,36.31
Chennai,2017-07-29,74.0,Satisfactory,40.62,105.95,11.13,0.03,4.88,22.94
Chennai,2017-07-30,81.0,Satisfactory,45.56,105.95,10.97,0.0,5.09,32.14
Chennai,2017-07-31,73.0,Satisfactory,28.16,105.95,11.12,0.05,4.91,30.77
Chennai,2017-08-01,82.0,Satisfactory,74.6,105.95,10.95,0.03,4.64,45.06
Chennai,2017-08-02,144.0,Moderate,68.25,105.95,10.96,0.1,5.02,30.2
Chennai,2017-08-03,120.0,Moderate,29.95,105.95,10.95,0.33,4.99,29.56
Chennai,2017-08-04,84.0,Satisfactory,42.18,105.95,10.99,0.49,5.3,23.14
Chennai,2017-08-05,149.0,Moderate,30.69,105.95,10.98,0.65,5.32,31.21
Chennai,2017-08-06,202.0,Poor,38.43,105.95,11.16,0.85,4.82,50.34
Chennai,2017-08-07,96.0,Satisfactory,39.48,105.95,11.43,0.56,5.29,15.12
Chennai,2017-08-08,96.0,Satisfactory,33.9,105.95,11.38,0.5,4.76,43.31
Chennai,2017-08-09,71.0,Satisfactory,31.33,105.95,11.41,0.02,5.06,39.0
Chennai,2017-08-10,48.0,Good,27.71,105.95,11.5,0.0,3.73,13.38
Chennai,2017-08-11,61.0,Satisfactory,46.18,105.95,11.49,0.05,3.69,27.68
Chennai,2017-08-12,82.0,Satisfactory,42.11,105.95,11.83,0.0,4.45,18.79
Chennai,2017-08-13,55.0,Satisfactory,23.87,105.95,12.5,0.0,4.82,19.55
Chennai,2017-08-14,80.0,Satisfactory,52.24,105.95,11.81,0.26,5.45,18.83
Chennai,2017-08-15,86.0,Satisfactory,34.61,105.95,10.35,0.59,4.65,14.91
Chennai,2017-08-16,101.0,Moderate,39.27,105.95,10.36,0.6,4.73,19.78
Chennai,2017-08-17,99.0,Satisfactory,42.01,105.95,10.3,0.37,5.8,14.83
Chennai,2017-08-18,76.0,Satisfactory,51.67,105.95,26.41,0.0,7.71,34.07
Chennai,2017-08-19,123.0,,51.67,105.95,26.41,0.0,7.71,34.07
Chennai,2017-08-20,123.0,,51.67,105.95,26.41,0.0,7.71,34.07
Chennai,2017-08-21,123.0,,34.46,105.95,10.23,0.28,5.85,14.86
Chennai,2017-08-22,90.0,Satisfactory,29.83,105.95,13.63,0.59,5.05,13.04
Chennai,2017-08-23,86.0,Satisfactory,36.03,105.95,15.48,0.63,5.59,14.83
Chennai,2017-08-24,91.0,Satisfactory,32.77,105.95,10.62,0.87,5.43,13.46
Chennai,2017-08-25,91.0,Satisfactory,56.97,105.95,11.07,0.44,4.64,13.89
Chennai,2017-08-26,81.0,Satisfactory,41.58,105.95,12.14,0.53,5.23,16.03
Chennai,2017-08-27,81.0,Satisfactory,34.32,105.95,11.56,0.52,5.08,17.52
Chennai,2017-08-28,109.0,Moderate,79.2,105.95,8.35,0.27,5.25,28.73
Chennai,2017-08-29,127.0,Moderate,37.1,105.95,9.64,0.24,5.26,33.28
Chennai,2017-08-30,92.0,Satisfactory,61.29,105.95,10.22,0.42,5.12,29.77
Chennai,2017-08-31,93.0,Satisfactory,40.37,105.95,10.36,0.27,4.91,40.89
Chennai,2017-09-01,84.0,Satisfactory,37.18,105.95,11.24,0.3,4.92,35.94
Chennai,2017-09-02,86.0,Satisfactory,48.82,105.95,9.9,0.2,4.76,33.32
Chennai,2017-09-03,93.0,Satisfactory,34.52,105.95,11.05,0.22,4.65,45.44
Chennai,2017-09-04,82.0,Satisfactory,39.0,105.95,11.17,0.32,4.46,52.5
Chennai,2017-09-05,136.0,Moderate,69.85,105.95,8.37,0.32,4.36,57.04
Chennai,2017-09-06,104.0,Moderate,31.96,105.95,9.0,0.23,4.04,50.32
Chennai,2017-09-07,78.0,Satisfactory,27.78,105.95,9.08,0.21,3.83,33.91
Chennai,2017-09-08,82.0,Satisfactory,28.24,105.95,8.75,0.29,3.53,19.78
Chennai,2017-09-09,84.0,Satisfactory,19.53,105.95,8.49,0.37,8.1,23.26
Chennai,2017-09-10,73.0,Satisfactory,18.22,105.95,8.52,0.27,14.81,33.22
Chennai,2017-09-11,64.0,Satisfactory,28.14,105.95,8.67,0.19,8.11,33.73
Chennai,2017-09-12,68.0,Satisfactory,40.87,105.95,12.11,0.23,6.82,32.25
Chennai,2017-09-13,79.0,Satisfactory,33.66,105.95,9.45,0.4,6.2,13.16
Chennai,2017-09-14,73.0,Satisfactory,29.41,105.95,9.36,0.36,7.94,33.18
Chennai,2017-09-15,77.0,Satisfactory,36.17,105.95,10.03,0.22,12.73,19.31
Chennai,2017-09-16,77.0,Satisfactory,36.71,105.95,9.87,0.32,7.75,27.23
Chennai,2017-09-17,77.0,Satisfactory,25.13,105.95,10.09,0.23,10.15,17.7
Chennai,2017-09-18,67.0,Satisfactory,25.17,105.95,10.02,0.32,5.36,19.6
Chennai,2017-09-19,68.0,Satisfactory,32.9,105.95,10.36,0.25,5.74,20.92
Chennai,2017-09-20,67.0,Satisfactory,39.01,105.95,6.04,0.13,7.53,25.78
Chennai,2017-09-21,71.0,Satisfactory,31.68,105.95,10.35,0.11,16.84,28.07
Chennai,2017-09-22,87.0,Satisfactory,49.34,105.95,9.66,0.25,22.92,30.08
Chennai,2017-09-23,98.0,Satisfactory,65.67,105.95,8.67,0.07,9.82,42.39
Chennai,2017-09-24,137.0,Moderate,85.36,105.95,12.25,0.16,14.17,37.77
Chennai,2017-09-25,156.0,Moderate,49.27,105.95,32.29,0.19,16.49,27.56
Chennai,2017-09-26,116.0,Moderate,69.26,105.95,24.7,0.12,18.8,32.34
Chennai,2017-09-27,104.0,Moderate,51.96,105.95,27.26,0.37,25.33,21.74
Chennai,2017-09-28,106.0,Moderate,50.0,105.95,23.67,0.28,21.76,22.01
Chennai,2017-09-29,81.0,Satisfactory,44.9,105.95,15.34,0.25,50.51,30.37
Chennai,2017-09-30,78.0,Satisfactory,29.8,105.95,15.25,0.34,22.92,35.78
Chennai,2017-10-01,66.0,Satisfactory,25.58,105.95,14.93,0.41,11.61,23.47
Chennai,2017-10-02,62.0,Satisfactory,16.59,105.95,12.88,0.11,8.99,31.28
Chennai,2017-10-03,58.0,Satisfactory,25.6,105.95,13.93,0.77,19.68,30.05
Chennai,2017-10-04,62.0,Satisfactory,20.75,105.95,15.77,0.44,21.41,16.24
Chennai,2017-10-05,78.0,Satisfactory,25.51,105.95,14.73,0.2,16.78,33.99
Chennai,2017-10-06,68.0,Satisfactory,38.5,105.95,15.1,0.44,12.15,29.66
Chennai,2017-10-07,75.0,Satisfactory,40.16,105.95,14.14,0.17,10.46,24.72
Chennai,2017-10-08,75.0,Satisfactory,35.37,105.95,14.77,0.09,10.51,35.85
Chennai,2017-10-09,77.0,Satisfactory,35.94,105.95,15.45,0.25,14.28,35.88
Chennai,2017-10-10,89.0,Satisfactory,52.2,105.95,15.98,0.12,5.18,28.71
Chennai,2017-10-11,94.0,Satisfactory,41.34,105.95,20.16,0.29,7.64,40.74
Chennai,2017-10-12,86.0,Satisfactory,35.8,105.95,20.18,1.06,3.49,33.92
Chennai,2017-10-13,146.0,Moderate,44.53,105.95,22.36,1.74,14.37,11.17
Chennai,2017-10-14,90.0,Satisfactory,56.36,105.95,21.73,0.48,13.82,24.98
Chennai,2017-10-15,83.0,Satisfactory,37.27,105.95,17.74,0.45,11.79,17.31
Chennai,2017-10-16,77.0,Satisfactory,35.62,105.95,18.88,0.58,10.98,9.19
Chennai,2017-10-17,76.0,Satisfactory,68.01,105.95,19.66,0.73,9.8,6.88
Chennai,2017-10-18,277.0,Poor,193.3,105.95,24.61,0.77,22.85,26.01
Chennai,2017-10-19,431.0,Severe,226.74,105.95,26.9,0.96,25.11,45.95
Chennai,2017-10-20,213.0,Poor,57.62,105.95,19.36,0.54,8.8,38.81
Chennai,2017-10-21,72.0,Satisfactory,30.2,105.95,22.86,0.57,7.05,43.89
Chennai,2017-10-22,70.0,Satisfactory,31.17,105.95,21.36,0.57,10.8,44.44
Chennai,2017-10-23,114.0,Moderate,58.59,105.95,25.92,0.64,10.73,65.06
Chennai,2017-10-24,115.0,Moderate,53.74,105.95,21.91,0.63,11.09,34.76
Chennai,2017-10-25,100.0,Satisfactory,36.65,105.95,18.11,0.8,11.24,24.77
Chennai,2017-10-26,68.0,Satisfactory,25.9,105.95,19.04,0.79,17.26,14.36
Chennai,2017-10-27,70.0,Satisfactory,31.32,105.95,20.74,0.76,6.78,19.74
Chennai,2017-10-28,83.0,Satisfactory,53.37,105.95,19.51,0.67,11.79,20.15
Chennai,2017-10-29,113.0,Moderate,62.08,105.95,21.3,0.66,11.68,29.74
Chennai,2017-10-30,88.0,Satisfactory,19.87,105.95,18.46,0.61,9.51,9.72
Chennai,2017-10-31,75.0,Satisfactory,41.87,105.95,21.69,1.2,11.69,21.9
Chennai,2017-11-01,99.0,Satisfactory,24.56,105.95,20.35,0.4,17.43,11.64
Chennai,2017-11-02,70.0,Satisfactory,27.99,105.95,18.51,0.59,14.51,24.43
Chennai,2017-11-03,62.0,Satisfactory,30.02,105.95,21.2,0.66,10.59,29.09
Chennai,2017-11-04,66.0,Satisfactory,27.1,105.95,23.88,0.83,6.35,21.16
Chennai,2017-11-05,58.0,Satisfactory,24.37,105.95,16.96,0.77,6.55,12.74
Chennai,2017-11-06,68.0,Satisfactory,29.63,105.95,20.49,1.04,11.84,12.67
Chennai,2017-11-07,68.0,Satisfactory,33.67,105.95,21.37,0.87,13.26,9.18
Chennai,2017-11-08,74.0,Satisfactory,37.64,105.95,18.77,0.83,13.02,22.1
Chennai,2017-11-09,70.0,Satisfactory,40.88,105.95,19.51,0.8,13.05,31.39
Chennai,2017-11-10,103.0,Moderate,68.58,105.95,24.71,0.9,10.05,24.35
Chennai,2017-11-11,146.0,Moderate,70.8,105.95,21.71,1.1,12.95,32.78
Chennai,2017-11-12,163.0,Moderate,81.94,105.95,18.9,0.79,16.59,32.86
Chennai,2017-11-13,110.0,Moderate,48.07,105.95,27.69,0.81,11.35,26.02
Chennai,2017-11-14,91.0,Satisfactory,30.57,105.95,25.74,0.85,8.2,16.2
Chennai,2017-11-15,68.0,Satisfactory,41.87,105.95,37.3,0.71,10.74,23.57
Chennai,2017-11-16,96.0,Satisfactory,45.77,105.95,38.77,1.11,12.58,25.78
Chennai,2017-11-17,108.0,Moderate,58.96,105.95,25.49,0.6,12.15,29.76
Chennai,2017-11-18,82.0,Satisfactory,24.73,105.95,23.56,1.0,13.45,19.58
Chennai,2017-11-19,62.0,Satisfactory,22.81,105.95,19.17,0.87,12.77,16.62
Chennai,2017-11-20,69.0,Satisfactory,22.57,105.95,19.09,0.86,11.02,11.44
Chennai,2017-11-21,61.0,Satisfactory,18.44,105.95,22.22,0.8,12.9,9.64
Chennai,2017-11-22,64.0,Satisfactory,41.9,105.95,23.9,0.74,12.47,26.93
Chennai,2017-11-23,126.0,Moderate,79.51,105.95,29.82,0.74,12.8,33.97
Chennai,2017-11-24,158.0,Moderate,75.6,105.95,27.44,0.73,15.48,27.26
Chennai,2017-11-25,184.0,Moderate,90.46,105.95,29.43,0.65,15.29,45.01
Chennai,2017-11-26,136.0,Moderate,57.36,105.95,20.3,0.65,11.31,29.54
Chennai,2017-11-27,87.0,Satisfactory,37.83,105.95,22.88,0.68,15.38,19.64
Chennai,2017-11-28,71.0,Satisfactory,42.05,105.95,24.99,0.76,19.09,25.07
Chennai,2017-11-29,75.0,Satisfactory,38.73,105.95,22.77,0.84,11.66,26.94
Chennai,2017-11-30,69.0,Satisfactory,29.62,105.95,18.18,0.58,8.83,17.88
Chennai,2017-12-01,57.0,Satisfactory,31.57,105.95,19.48,0.58,9.32,34.83
Chennai,2017-12-02,71.0,Satisfactory,50.43,105.95,22.98,0.54,11.23,42.02
Chennai,2017-12-03,90.0,Satisfactory,46.63,105.95,20.28,0.52,14.78,31.4
Chennai,2017-12-04,86.0,Satisfactory,43.1,105.95,20.66,0.57,20.97,26.7
Chennai,2017-12-05,76.0,Satisfactory,34.52,105.95,23.6,0.7,10.72,30.04
Chennai,2017-12-06,70.0,Satisfactory,38.1,105.95,24.27,0.67,14.01,40.77
Chennai,2017-12-07,143.0,Moderate,94.87,105.95,27.5,0.47,17.67,40.88
Chennai,2017-12-08,175.0,Moderate,73.06,105.95,30.39,0.0,14.6,47.78
Chennai,2017-12-09,156.0,Moderate,77.29,105.95,31.89,0.0,12.04,38.98
Chennai,2017-12-10,163.0,Moderate,79.19,105.95,25.72,0.15,9.89,45.45
Chennai,2017-12-11,153.0,Moderate,70.02,105.95,20.47,0.26,7.67,55.0
Chennai,2017-12-12,126.0,Moderate,59.77,105.95,23.37,0.31,6.1,28.49
Chennai,2017-12-13,93.0,Satisfactory,45.88,105.95,16.18,0.27,9.12,19.15
Chennai,2017-12-14,81.0,Satisfactory,46.3,105.95,18.6,0.23,13.19,15.41
Chennai,2017-12-15,95.0,Satisfactory,59.7,105.95,21.82,0.35,11.93,27.65
Chennai,2017-12-16,107.0,Moderate,53.21,105.95,26.4,0.17,7.92,52.58
Chennai,2017-12-17,102.0,Moderate,50.08,105.95,18.91,0.09,8.69,68.71
Chennai,2017-12-18,97.0,Satisfactory,47.66,105.95,21.38,0.22,8.65,66.46
Chennai,2017-12-19,91.0,Satisfactory,41.07,105.95,25.36,0.22,21.79,61.01
Chennai,2017-12-20,78.0,Satisfactory,45.39,105.95,27.36,0.22,11.48,35.3
Chennai,2017-12-21,93.0,Satisfactory,52.1,105.95,21.58,0.34,10.75,25.9
Chennai,2017-12-22,109.0,Moderate,62.7,105.95,23.85,0.24,13.33,24.92
Chennai,2017-12-23,89.0,Satisfactory,38.95,105.95,24.36,0.14,13.21,25.37
Chennai,2017-12-24,83.0,Satisfactory,51.21,105.95,23.99,0.24,15.53,25.72
Chennai,2017-12-25,88.0,Satisfactory,53.02,105.95,21.51,0.3,8.9,24.74
Chennai,2017-12-26,113.0,Moderate,79.72,105.95,25.27,0.29,14.59,37.33
Chennai,2017-12-27,186.0,Moderate,82.28,105.95,23.92,0.1,13.05,58.63
Chennai,2017-12-28,148.0,Moderate,64.49,105.95,28.09,0.09,11.39,38.43
Chennai,2017-12-29,95.0,Satisfactory,52.37,105.95,28.73,0.22,12.13,35.45
Chennai,2017-12-30,108.0,Moderate,53.72,105.95,20.64,0.28,8.92,19.64
Chennai,2017-12-31,77.0,Satisfactory,48.28,105.95,12.16,0.17,6.62,26.74
Chennai,2018-01-01,89.0,Satisfactory,51.16,105.95,13.63,0.03,6.0,28.82
Chennai,2018-01-02,94.0,Satisfactory,58.46,105.95,14.95,0.0,8.23,17.19
Chennai,2018-01-03,105.0,Moderate,56.26,105.95,17.75,0.0,12.77,26.41
Chennai,2018-01-04,184.0,Moderate,113.21,105.95,18.64,0.0,11.75,40.16
Chennai,2018-01-05,176.0,Moderate,76.77,105.95,17.43,0.0,16.44,31.36
Chennai,2018-01-06,158.0,Moderate,76.4,105.95,17.86,0.0,29.31,42.57
Chennai,2018-01-07,136.0,Moderate,62.12,105.95,15.6,0.0,17.55,50.15
Chennai,2018-01-08,124.0,Moderate,75.69,105.95,16.08,0.0,14.31,48.76
Chennai,2018-01-09,121.0,Moderate,55.3,105.95,14.02,0.39,20.33,50.51
Chennai,2018-01-10,96.0,Satisfactory,66.55,105.95,14.84,1.15,10.64,18.73
Chennai,2018-01-11,179.0,Moderate,79.23,105.95,18.07,0.94,11.52,26.63
Chennai,2018-01-12,156.0,Moderate,82.65,105.95,17.84,0.98,12.57,31.97
Chennai,2018-01-13,258.0,Poor,164.37,105.95,20.65,1.23,19.38,20.49
Chennai,2018-01-14,207.0,Poor,76.62,105.95,14.82,0.93,20.61,28.71
Chennai,2018-01-15,147.0,Moderate,68.45,105.95,11.26,0.89,13.78,40.6
Chennai,2018-01-16,134.0,Moderate,74.62,105.95,11.0,0.9,12.31,42.88
Chennai,2018-01-17,161.0,Moderate,71.04,105.95,16.94,0.83,26.45,33.83
Chennai,2018-01-18,129.0,Moderate,67.8,105.95,20.78,0.76,23.22,44.7
Chennai,2018-01-19,164.0,Moderate,70.06,105.95,20.38,0.64,29.85,52.91
Chennai,2018-01-20,140.0,Moderate,68.89,105.95,22.48,0.68,34.03,51.59
Chennai,2018-01-21,180.0,Moderate,85.98,105.95,20.48,0.6,33.72,57.39
Chennai,2018-01-22,167.0,Moderate,70.63,105.95,20.41,0.68,13.69,40.29
Chennai,2018-01-23,149.0,Moderate,80.58,105.95,19.77,0.62,9.92,38.16
Chennai,2018-01-24,164.0,Moderate,80.11,105.95,21.32,0.7,12.56,28.97
Chennai,2018-01-25,187.0,Moderate,84.31,105.95,21.0,0.9,9.64,37.25
Chennai,2018-01-26,172.0,Moderate,74.03,105.95,18.96,0.83,6.7,51.81
Chennai,2018-01-27,161.0,Moderate,79.6,105.95,19.89,0.89,7.26,40.58
Chennai,2018-01-28,165.0,Moderate,71.53,105.95,18.29,0.78,6.72,53.46
Chennai,2018-01-29,155.0,Moderate,73.21,105.95,18.74,0.82,8.17,56.87
Chennai,2018-01-30,148.0,Moderate,68.01,105.95,22.09,0.79,11.98,52.14
Chennai,2018-01-31,159.0,Moderate,72.05,105.95,23.76,0.86,17.29,49.48
Chennai,2018-02-01,135.0,Moderate,66.15,105.95,22.16,0.79,14.37,37.94
Chennai,2018-02-02,167.0,Moderate,78.68,105.95,19.5,0.95,8.5,45.96
Chennai,2018-02-03,164.0,Moderate,74.22,105.95,21.27,0.83,6.93,32.07
Chennai,2018-02-04,123.0,Moderate,37.64,105.95,17.68,0.75,5.65,40.93
Chennai,2018-02-05,79.0,Satisfactory,38.01,105.95,20.26,0.79,6.64,34.94
Chennai,2018-02-06,94.0,Satisfactory,44.18,105.95,23.45,0.95,8.16,20.1
Chennai,2018-02-07,78.0,Satisfactory,33.44,105.95,19.56,0.94,6.16,16.92
Chennai,2018-02-08,78.0,Satisfactory,34.52,105.95,20.56,1.05,6.61,20.76
Chennai,2018-02-09,107.0,Moderate,49.07,105.95,18.92,1.03,5.6,14.02
Chennai,2018-02-10,113.0,Moderate,50.86,105.95,20.61,0.97,6.64,29.6
Chennai,2018-02-11,131.0,Moderate,52.68,105.95,17.7,0.91,6.47,22.69
Chennai,2018-02-12,88.0,Satisfactory,46.07,105.95,16.23,0.85,5.97,28.55
Chennai,2018-02-13,130.0,Moderate,76.41,105.95,19.55,1.0,7.42,27.95
Chennai,2018-02-14,138.0,Moderate,55.38,105.95,22.9,1.0,7.06,40.05
Chennai,2018-02-15,99.0,Satisfactory,63.06,105.95,21.91,0.97,11.88,40.81
Chennai,2018-02-16,119.0,Moderate,57.82,105.95,16.26,0.85,9.95,38.51
Chennai,2018-02-17,113.0,Moderate,55.81,105.95,13.41,1.05,7.69,42.39
Chennai,2018-02-18,133.0,Moderate,70.43,105.95,15.41,0.79,8.49,47.51
Chennai,2018-02-19,150.0,Moderate,67.83,105.95,14.05,0.8,9.71,33.17
Chennai,2018-02-20,118.0,Moderate,63.29,105.95,15.79,0.74,9.94,35.85
Chennai,2018-02-21,146.0,Moderate,74.3,105.95,14.74,0.75,10.16,28.4
Chennai,2018-02-22,118.0,Moderate,59.12,105.95,14.41,0.73,10.97,26.36
Chennai,2018-02-23,95.0,Satisfactory,50.3,105.95,13.99,0.68,8.95,23.75
Chennai,2018-02-24,88.0,Satisfactory,48.95,105.95,12.06,0.75,9.72,23.03
Chennai,2018-02-25,73.0,Satisfactory,31.53,105.95,11.05,0.71,12.04,20.43
Chennai,2018-02-26,76.0,Satisfactory,48.05,105.95,12.98,0.75,12.92,24.98
Chennai,2018-02-27,117.0,Moderate,73.78,105.95,15.12,0.66,10.04,45.08
Chennai,2018-02-28,182.0,Moderate,95.58,105.95,15.61,0.66,9.39,32.1
Chennai,2018-03-01,234.0,Poor,100.8,105.95,11.85,0.76,10.14,50.02
Chennai,2018-03-02,138.0,Moderate,52.34,105.95,11.84,0.7,9.72,40.18
Chennai,2018-03-03,115.0,Moderate,49.83,105.95,12.93,0.76,10.37,50.51
Chennai,2018-03-04,113.0,Moderate,60.18,105.95,13.37,0.72,9.28,33.49
Chennai,2018-03-05,93.0,Satisfactory,43.63,105.95,10.82,0.69,7.71,24.97
Chennai,2018-03-06,83.0,Satisfactory,48.43,105.95,12.83,0.69,8.42,26.86
Chennai,2018-03-07,113.0,Moderate,68.14,105.95,16.63,0.86,5.79,33.84
Chennai,2018-03-08,174.0,Moderate,82.38,105.95,22.6,0.8,9.39,33.49
Chennai,2018-03-09,126.0,Moderate,61.5,105.95,16.09,0.84,7.73,39.55
Chennai,2018-03-10,128.0,Moderate,70.08,105.95,16.87,0.75,7.81,33.76
Chennai,2018-03-11,128.0,Moderate,59.66,105.95,15.41,0.75,12.98,45.47
Chennai,2018-03-12,118.0,Moderate,93.32,105.95,14.81,1.03,12.55,17.77
Chennai,2018-03-13,153.0,Moderate,30.74,105.95,12.19,1.02,7.09,18.79
Chennai,2018-03-14,74.0,Satisfactory,26.74,105.95,15.1,0.99,7.06,14.83
Chennai,2018-03-15,69.0,Satisfactory,30.99,105.95,17.35,0.95,7.31,13.35
Chennai,2018-03-16,78.0,Satisfactory,26.1,105.95,17.5,0.98,5.73,14.79
Chennai,2018-03-17,81.0,Satisfactory,37.93,105.95,21.89,1.09,8.57,19.13
Chennai,2018-03-18,89.0,Satisfactory,53.22,105.95,18.04,0.88,20.78,26.31
Chennai,2018-03-19,88.0,Satisfactory,50.29,105.95,18.55,0.99,10.23,24.22
Chennai,2018-03-20,108.0,Moderate,65.17,105.95,17.18,0.94,11.81,21.59
Chennai,2018-03-21,115.0,Moderate,56.5,105.95,19.74,1.18,9.22,21.6
Chennai,2018-03-22,93.0,Satisfactory,45.69,105.95,18.66,1.35,7.46,28.59
Chennai,2018-03-23,94.0,Satisfactory,56.79,105.95,17.43,0.98,3.84,32.94
Chennai,2018-03-24,127.0,Moderate,66.3,105.95,13.95,1.14,5.9,37.83
Chennai,2018-03-25,117.0,Moderate,51.92,105.95,11.45,1.11,3.54,25.78
Chennai,2018-03-26,109.0,Moderate,50.55,105.95,17.56,1.09,9.39,21.06
Chennai,2018-03-27,109.0,Moderate,51.77,105.95,19.36,1.07,7.14,12.2
Chennai,2018-03-28,90.0,Satisfactory,26.35,105.95,20.71,1.31,4.51,14.1
Chennai,2018-03-29,70.0,Satisfactory,22.93,105.95,21.13,0.91,5.95,20.3
Chennai,2018-03-30,69.0,Satisfactory,34.85,105.95,17.4,0.88,6.74,31.36
Chennai,2018-03-31,75.0,Satisfactory,39.89,105.95,17.85,0.82,6.34,52.63
Chennai,2018-04-01,86.0,Satisfactory,45.25,105.95,18.58,0.79,7.76,62.76
Chennai,2018-04-02,67.0,Satisfactory,29.45,105.95,21.64,0.74,6.52,46.55
Chennai,2018-04-03,68.0,Satisfactory,27.82,105.95,18.82,0.78,6.48,38.27
Chennai,2018-04-04,71.0,Satisfactory,36.15,105.95,22.47,0.97,5.81,55.15
Chennai,2018-04-05,81.0,Satisfactory,38.02,105.95,19.4,1.07,7.03,56.64
Chennai,2018-04-06,103.0,Moderate,38.53,105.95,23.13,0.91,6.96,46.24
Chennai,2018-04-07,84.0,Satisfactory,35.94,105.95,18.76,0.59,4.99,42.24
Chennai,2018-04-08,62.0,Satisfactory,24.52,105.95,16.5,0.58,11.9,46.15
Chennai,2018-04-09,70.0,Satisfactory,26.0,105.95,18.95,0.51,28.17,53.25
Chennai,2018-04-10,66.0,Satisfactory,36.7,105.95,15.68,0.78,30.67,23.9
Chennai,2018-04-11,66.0,Satisfactory,29.62,105.95,18.65,0.77,20.43,26.55
Chennai,2018-04-12,61.0,Satisfactory,26.52,105.95,17.92,0.85,6.2,20.72
Chennai,2018-04-13,63.0,Satisfactory,43.91,105.95,23.73,0.92,5.03,16.83
Chennai,2018-04-14,61.0,Satisfactory,22.23,105.95,20.28,0.86,4.51,23.02
Chennai,2018-04-15,59.0,Satisfactory,16.69,105.95,18.36,0.74,3.97,24.7
Chennai,2018-04-16,61.0,Satisfactory,21.91,105.95,20.35,0.9,4.74,23.77
Chennai,2018-04-17,62.0,Satisfactory,22.75,105.95,21.92,1.06,3.34,24.69
Chennai,2018-04-18,56.0,Satisfactory,41.36,105.95,21.77,0.87,3.88,24.28
Chennai,2018-04-19,71.0,Satisfactory,27.35,105.95,23.87,0.93,3.44,28.49
Chennai,2018-04-20,65.0,Satisfactory,36.7,105.95,23.67,0.82,4.3,31.08
Chennai,2018-04-21,66.0,Satisfactory,31.87,105.95,24.81,0.85,3.77,34.68
Chennai,2018-04-22,55.0,Satisfactory,31.22,105.95,20.92,0.8,3.78,32.97
Chennai,2018-04-23,65.0,Satisfactory,38.58,105.95,21.53,0.78,3.35,31.38
Chennai,2018-04-24,76.0,Satisfactory,51.52,105.95,23.98,0.85,4.11,27.93
Chennai,2018-04-25,78.0,Satisfactory,41.31,105.95,22.21,0.85,3.37,27.55
Chennai,2018-04-26,89.0,Satisfactory,44.01,105.95,26.2,0.81,5.12,29.81
Chennai,2018-04-27,74.0,Satisfactory,42.33,105.95,31.66,0.88,5.02,22.95
Chennai,2018-04-28,62.0,Satisfactory,29.34,105.95,33.17,0.82,4.86,15.65
Chennai,2018-04-29,59.0,Satisfactory,32.08,105.95,31.66,0.84,3.63,25.58
Chennai,2018-04-30,68.0,Satisfactory,42.57,105.95,40.82,0.8,3.97,29.47
Chennai,2018-05-01,92.0,Satisfactory,50.73,105.95,98.77,1.71,3.39,41.65
Chennai,2018-05-02,112.0,Moderate,62.94,105.95,70.0,0.91,5.4,57.07
Chennai,2018-05-03,111.0,Moderate,52.76,105.95,32.62,0.71,7.39,45.4
Chennai,2018-05-04,127.0,Moderate,76.95,105.95,73.31,0.77,4.36,40.29
Chennai,2018-05-05,128.0,Moderate,37.39,105.95,79.04,0.8,4.32,24.41
Chennai,2018-05-06,77.0,Satisfactory,39.42,105.95,39.13,0.73,5.11,30.79
Chennai,2018-05-07,75.0,Satisfactory,48.75,105.95,36.82,0.78,20.65,45.6
Chennai,2018-05-08,77.0,Satisfactory,22.47,105.95,39.54,0.74,9.24,23.39
Chennai,2018-05-09,94.0,Satisfactory,15.55,105.95,47.0,1.37,6.74,30.84
Chennai,2018-05-10,80.0,Satisfactory,22.62,105.95,30.4,0.93,7.95,23.49
Chennai,2018-05-11,70.0,Satisfactory,23.19,105.95,27.47,1.1,5.67,23.89
Chennai,2018-05-12,74.0,Satisfactory,20.7,105.95,25.94,1.18,6.1,17.65
Chennai,2018-05-13,77.0,Satisfactory,28.08,105.95,23.98,1.2,6.18,26.54
Chennai,2018-05-14,71.0,Satisfactory,25.14,105.95,24.3,1.15,6.23,34.08
Chennai,2018-05-15,79.0,Satisfactory,27.68,105.95,25.39,1.24,6.55,33.99
Chennai,2018-05-16,81.0,Satisfactory,27.85,105.95,25.05,1.27,6.31,17.05
Chennai,2018-05-17,82.0,Satisfactory,23.7,105.95,24.77,1.16,7.82,19.95
Chennai,2018-05-18,70.0,Satisfactory,48.5,105.95,25.61,0.86,5.65,44.79
Chennai,2018-05-19,81.0,Satisfactory,35.46,105.95,23.85,0.86,6.8,48.23
Chennai,2018-05-20,66.0,Satisfactory,35.53,105.95,22.6,0.85,7.94,26.21
Chennai,2018-05-21,64.0,Satisfactory,42.6,105.95,23.98,0.8,6.83,29.4
Chennai,2018-05-22,82.0,Satisfactory,52.89,105.95,32.72,0.81,6.22,43.92
Chennai,2018-05-23,84.0,Satisfactory,42.53,105.95,24.14,0.84,6.03,33.92
Chennai,2018-05-24,73.0,Satisfactory,40.25,105.95,24.44,0.78,6.28,33.21
Chennai,2018-05-25,64.0,Satisfactory,28.46,105.95,21.67,0.86,6.2,24.94
Chennai,2018-05-26,65.0,Satisfactory,38.2,105.95,20.58,0.88,6.46,38.06
Chennai,2018-05-27,79.0,Satisfactory,51.13,105.95,20.89,0.86,5.25,51.17
Chennai,2018-05-28,77.0,Satisfactory,47.54,105.95,19.46,0.82,5.48,43.95
Chennai,2018-05-29,88.0,Satisfactory,46.07,105.95,20.06,0.84,5.4,39.32
Chennai,2018-05-30,82.0,Satisfactory,44.17,105.95,20.48,0.84,6.2,43.58
Chennai,2018-05-31,85.0,Satisfactory,56.1,105.95,20.55,0.82,5.1,50.16
Chennai,2018-06-01,98.0,Satisfactory,57.69,105.95,23.83,0.81,4.68,43.0
Chennai,2018-06-02,124.0,Moderate,64.65,105.95,23.29,0.84,4.91,43.99
Chennai,2018-06-03,98.0,Satisfactory,50.69,105.95,22.96,0.85,6.62,47.96
Chennai,2018-06-04,83.0,Satisfactory,52.68,105.95,22.99,0.76,6.78,42.95
Chennai,2018-06-05,86.0,Satisfactory,42.26,105.95,22.66,0.77,6.24,34.07
Chennai,2018-06-06,79.0,Satisfactory,50.38,105.95,25.11,0.88,5.87,24.65
Chennai,2018-06-07,66.0,Satisfactory,34.9,105.95,22.5,0.83,5.12,27.19
Chennai,2018-06-08,71.0,Satisfactory,36.28,105.95,21.78,0.79,6.26,25.31
Chennai,2018-06-09,67.0,Satisfactory,41.3,105.95,20.74,0.82,5.8,32.32
Chennai,2018-06-10,73.0,Satisfactory,33.79,105.95,19.98,0.79,6.33,33.45
Chennai,2018-06-11,73.0,Satisfactory,41.09,105.95,23.47,0.74,5.87,23.99
Chennai,2018-06-12,88.0,Satisfactory,43.9,105.95,23.69,0.8,6.19,25.17
Chennai,2018-06-13,88.0,Satisfactory,45.77,105.95,32.22,0.85,5.75,26.51
Chennai,2018-06-14,91.0,Satisfactory,50.27,105.95,24.55,0.8,5.64,23.98
Chennai,2018-06-15,97.0,Satisfactory,66.88,105.95,21.03,0.82,5.95,31.37
Chennai,2018-06-16,114.0,Moderate,49.62,105.95,21.35,0.83,4.42,28.32
Chennai,2018-06-17,86.0,Satisfactory,59.7,105.95,23.76,0.78,4.97,32.73
Chennai,2018-06-18,99.0,Satisfactory,48.19,105.95,23.43,0.78,6.27,29.86
Chennai,2018-06-19,90.0,Satisfactory,52.41,105.95,20.36,0.81,6.21,25.66
Chennai,2018-06-20,104.0,Moderate,57.34,105.95,26.73,0.79,5.71,15.15
Chennai,2018-06-21,107.0,Moderate,60.06,105.95,20.06,0.8,5.9,25.05
Chennai,2018-06-22,107.0,Moderate,57.98,105.95,20.51,0.79,5.65,27.11
Chennai,2018-06-23,102.0,Moderate,61.21,105.95,21.55,0.79,4.85,31.31
Chennai,2018-06-24,109.0,Moderate,55.1,105.95,19.88,0.81,5.48,31.74
Chennai,2018-06-25,101.0,Moderate,61.59,105.95,21.68,0.8,6.06,27.59
Chennai,2018-06-26,112.0,Moderate,61.34,105.95,21.88,0.8,5.28,31.3
Chennai,2018-06-27,133.0,Moderate,76.53,105.95,20.83,0.81,5.84,25.83
Chennai,2018-06-28,127.0,Moderate,54.64,105.95,20.9,0.81,5.57,29.89
Chennai,2018-06-29,98.0,Satisfactory,57.46,105.95,21.91,0.81,5.21,30.33
Chennai,2018-06-30,135.0,Moderate,81.3,105.95,20.79,0.78,6.16,40.22
Chennai,2018-07-01,150.0,Moderate,68.11,105.95,19.07,0.79,5.51,35.33
Chennai,2018-07-02,150.0,Moderate,87.21,105.95,19.61,0.87,6.51,36.67
Chennai,2018-07-03,159.0,Moderate,54.36,105.95,18.16,0.88,5.53,25.71
Chennai,2018-07-04,93.0,Satisfactory,53.97,105.95,19.43,0.86,5.74,23.34
Chennai,2018-07-05,97.0,Satisfactory,55.84,105.95,21.43,0.84,5.91,18.21
Chennai,2018-07-06,128.0,Moderate,78.46,105.95,23.44,0.9,5.73,13.72
Chennai,2018-07-07,135.0,Moderate,54.32,105.95,24.81,0.84,4.83,16.05
Chennai,2018-07-08,80.0,Satisfactory,53.66,105.95,20.86,0.83,6.22,23.4
Chennai,2018-07-09,106.0,Moderate,62.38,105.95,19.03,0.78,5.42,19.44
Chennai,2018-07-10,103.0,Moderate,56.32,105.95,19.54,0.82,5.36,17.08
Chennai,2018-07-11,97.0,Satisfactory,49.15,105.95,19.78,0.77,6.56,13.87
Chennai,2018-07-12,77.0,Satisfactory,44.79,105.95,19.71,0.8,6.04,11.27
Chennai,2018-07-13,84.0,Satisfactory,45.82,105.95,23.06,0.77,5.81,13.4
Chennai,2018-07-14,76.0,Satisfactory,47.78,105.95,20.11,0.78,4.79,15.14
Chennai,2018-07-15,92.0,Satisfactory,50.76,105.95,19.19,0.78,5.74,15.06
Chennai,2018-07-16,79.0,Satisfactory,43.0,105.95,18.5,0.73,5.79,16.12
Chennai,2018-07-17,66.0,Satisfactory,37.08,105.95,21.86,0.85,7.06,20.24
Chennai,2018-07-18,69.0,Satisfactory,41.77,105.95,21.3,0.82,11.13,22.81
Chennai,2018-07-19,79.0,Satisfactory,47.86,105.95,20.18,0.81,7.33,16.08
Chennai,2018-07-20,71.0,Satisfactory,40.3,105.95,20.54,0.77,6.12,18.83
Chennai,2018-07-21,70.0,Satisfactory,46.01,105.95,20.42,0.79,6.79,18.61
Chennai,2018-07-22,87.0,Satisfactory,55.78,105.95,19.34,0.83,8.48,21.63
Chennai,2018-07-23,101.0,Moderate,50.08,105.95,19.84,0.74,6.89,18.07
Chennai,2018-07-24,87.0,Satisfactory,49.87,105.95,20.72,0.81,6.18,19.22
Chennai,2018-07-25,68.0,Satisfactory,35.67,105.95,20.48,0.81,8.34,14.35
Chennai,2018-07-26,63.0,Satisfactory,37.4,105.95,21.36,0.82,11.1,16.83
Chennai,2018-07-27,63.0,Satisfactory,41.69,105.95,24.76,0.85,5.64,17.6
Chennai,2018-07-28,95.0,Satisfactory,54.4,105.95,25.2,0.81,6.54,22.09
Chennai,2018-07-29,97.0,Satisfactory,54.77,105.95,22.76,0.86,9.83,24.44
Chennai,2018-07-30,78.0,Satisfactory,45.89,105.95,23.22,0.78,7.12,22.0
Chennai,2018-07-31,93.0,Satisfactory,51.13,105.95,25.1,0.82,6.08,17.29
Chennai,2018-08-01,80.0,Satisfactory,50.78,105.95,25.12,0.86,6.97,12.09
Chennai,2018-08-02,91.0,Satisfactory,39.82,105.95,26.54,0.94,6.19,21.72
Chennai,2018-08-03,71.0,Satisfactory,44.27,105.95,22.93,0.79,7.57,25.99
Chennai,2018-08-04,79.0,Satisfactory,52.36,105.95,22.68,0.8,5.68,20.97
Chennai,2018-08-05,107.0,Moderate,60.28,105.95,21.71,0.78,5.85,18.82
Chennai,2018-08-06,123.0,Moderate,60.81,105.95,22.73,0.83,5.49,17.12
Chennai,2018-08-07,96.0,Satisfactory,40.73,105.95,21.88,0.76,5.8,15.24
Chennai,2018-08-08,57.0,Satisfactory,26.05,105.95,21.79,0.74,5.96,18.57
Chennai,2018-08-09,54.0,Satisfactory,29.65,105.95,21.28,0.81,6.67,10.56
Chennai,2018-08-10,63.0,Satisfactory,45.66,105.95,24.69,0.8,6.22,13.72
Chennai,2018-08-11,87.0,Satisfactory,30.97,105.95,23.67,0.85,7.81,9.61
Chennai,2018-08-12,60.0,Satisfactory,26.95,105.95,20.63,0.79,4.28,9.08
Chennai,2018-08-13,60.0,Satisfactory,38.03,105.95,20.26,0.86,6.47,13.44
Chennai,2018-08-14,71.0,Satisfactory,35.44,105.95,17.3,0.8,6.16,10.41
Chennai,2018-08-15,61.0,Satisfactory,20.43,105.95,16.34,0.73,4.58,11.0
Chennai,2018-08-16,53.0,Satisfactory,26.01,105.95,15.11,0.78,10.58,16.84
Chennai,2018-08-17,76.0,Satisfactory,60.61,105.95,17.11,0.86,15.97,9.03
Chennai,2018-08-18,126.0,Moderate,55.4,105.95,18.69,0.85,14.94,10.1
Chennai,2018-08-19,111.0,Moderate,49.34,105.95,17.73,0.8,15.14,8.17
Chennai,2018-08-20,152.0,Moderate,69.17,105.95,18.76,0.83,14.29,9.05
Chennai,2018-08-21,148.0,Moderate,85.12,105.95,16.74,0.73,15.09,7.35
Chennai,2018-08-22,161.0,Moderate,52.23,105.95,16.0,0.83,14.35,7.55
Chennai,2018-08-23,74.0,Satisfactory,34.77,105.95,17.76,0.81,14.77,4.86
Chennai,2018-08-24,71.0,Satisfactory,40.39,105.95,16.66,0.83,11.98,4.89
Chennai,2018-08-25,106.0,Moderate,55.14,105.95,16.2,0.77,13.19,6.0
Chennai,2018-08-26,81.0,Satisfactory,32.83,105.95,16.09,0.8,14.06,8.98
Chennai,2018-08-27,70.0,Satisfactory,34.87,105.95,18.75,0.9,12.04,10.38
Chennai,2018-08-28,62.0,Satisfactory,29.44,105.95,17.38,0.67,12.49,18.68
Chennai,2018-08-29,58.0,Satisfactory,32.56,105.95,19.87,0.83,11.59,18.48
Chennai,2018-08-30,89.0,Satisfactory,50.7,105.95,16.49,0.82,10.61,19.46
Chennai,2018-08-31,83.0,Satisfactory,29.65,105.95,15.98,0.93,13.07,19.14
Chennai,2018-09-01,65.0,Satisfactory,38.58,105.95,19.22,0.84,12.61,24.39
Chennai,2018-09-02,84.0,Satisfactory,47.56,105.95,20.74,0.78,13.98,32.26
Chennai,2018-09-03,83.0,Satisfactory,42.77,105.95,15.68,0.97,14.76,44.5
Chennai,2018-09-04,87.0,Satisfactory,54.8,105.95,16.89,0.85,12.8,50.33
Chennai,2018-09-05,111.0,Moderate,47.98,105.95,16.8,0.72,9.42,44.4
Chennai,2018-09-06,93.0,Satisfactory,61.47,105.95,16.96,0.9,6.19,39.37
Chennai,2018-09-07,108.0,Moderate,48.17,105.95,16.34,0.99,8.08,32.63
Chennai,2018-09-08,118.0,Moderate,67.78,105.95,16.92,0.93,14.86,33.69
Chennai,2018-09-09,115.0,Moderate,30.81,105.95,15.16,0.85,7.37,43.7
Chennai,2018-09-10,68.0,Satisfactory,41.96,105.95,18.5,0.78,5.85,35.48
Chennai,2018-09-11,79.0,Satisfactory,40.59,105.95,16.37,0.85,5.71,33.64
Chennai,2018-09-12,70.0,Satisfactory,44.5,105.95,16.44,0.74,4.94,36.56
Chennai,2018-09-13,86.0,Satisfactory,45.96,105.95,15.41,0.81,5.26,43.52
Chennai,2018-09-14,161.0,Moderate,82.38,105.95,14.86,0.76,5.34,35.37
Chennai,2018-09-15,112.0,Moderate,42.08,105.95,16.23,0.8,6.92,41.45
Chennai,2018-09-16,97.0,Satisfactory,43.25,105.95,16.5,0.93,6.42,37.48
Chennai,2018-09-17,96.0,Satisfactory,30.77,105.95,19.66,1.1,10.04,29.89
Chennai,2018-09-18,92.0,Satisfactory,44.32,105.95,20.0,0.86,11.07,15.27
Chennai,2018-09-19,80.0,Satisfactory,24.98,105.95,19.13,0.89,7.27,13.27
Chennai,2018-09-20,92.0,Satisfactory,55.76,105.95,21.45,1.09,8.13,15.8
Chennai,2018-09-21,109.0,Moderate,49.28,105.95,18.84,0.83,6.23,22.41
Chennai,2018-09-22,108.0,Moderate,50.3,105.95,19.48,0.78,5.06,24.6
Chennai,2018-09-23,89.0,Satisfactory,50.51,105.95,14.26,0.67,5.8,20.67
Chennai,2018-09-24,111.0,Moderate,31.02,105.95,15.16,0.99,5.68,21.88
Chennai,2018-09-25,107.0,Moderate,43.43,105.95,16.56,0.99,6.98,17.92
Chennai,2018-09-26,93.0,Satisfactory,61.73,105.95,14.65,0.94,6.47,16.79
Chennai,2018-09-27,111.0,Moderate,28.2,105.95,13.68,0.74,5.66,14.0
Chennai,2018-09-28,54.0,Satisfactory,22.68,105.95,13.15,0.78,7.46,13.21
Chennai,2018-09-29,58.0,Satisfactory,71.65,105.95,13.36,0.66,6.62,11.13
Chennai,2018-09-30,157.0,Moderate,64.87,105.95,13.77,0.83,7.98,12.69
Chennai,2018-10-01,82.0,Satisfactory,32.53,105.95,12.48,1.0,7.23,14.15
Chennai,2018-10-02,66.0,Satisfactory,22.28,105.95,13.11,0.97,7.93,13.46
Chennai,2018-10-03,63.0,Satisfactory,17.89,105.95,12.81,0.78,7.96,12.78
Chennai,2018-10-04,66.0,Satisfactory,20.58,105.95,15.72,1.16,17.2,10.81
Chennai,2018-10-05,75.0,Satisfactory,23.68,105.95,18.38,1.05,27.34,14.23
Chennai,2018-10-06,81.0,Satisfactory,16.7,105.95,15.29,1.08,24.43,15.03
Chennai,2018-10-07,65.0,Satisfactory,34.54,105.95,13.8,0.72,9.43,19.43
Chennai,2018-10-08,69.0,Satisfactory,36.11,105.95,17.82,0.85,10.98,18.66
Chennai,2018-10-09,96.0,Satisfactory,61.0,105.95,17.82,1.09,9.66,23.62
Chennai,2018-10-10,164.0,Moderate,70.42,105.95,21.12,0.95,11.67,24.71
Chennai,2018-10-11,147.0,Moderate,53.49,105.95,19.25,0.88,7.72,35.36
Chennai,2018-10-12,90.0,Satisfactory,48.26,105.95,18.38,0.96,6.41,33.56
Chennai,2018-10-13,82.0,Satisfactory,39.7,105.95,13.52,0.88,6.21,30.89
Chennai,2018-10-14,65.0,Satisfactory,40.74,105.95,15.82,0.66,8.16,30.56
Chennai,2018-10-15,70.0,Satisfactory,40.91,105.95,12.85,0.88,7.04,29.96
Chennai,2018-10-16,68.0,Satisfactory,29.82,105.95,12.68,0.8,7.54,17.9
Chennai,2018-10-17,77.0,Satisfactory,33.85,105.95,15.63,1.06,8.69,16.26
Chennai,2018-10-18,67.0,Satisfactory,31.6,105.95,17.18,0.94,6.33,18.73
Chennai,2018-10-19,91.0,Satisfactory,39.65,105.95,19.41,1.1,11.52,25.74
Chennai,2018-10-20,110.0,Moderate,66.17,105.95,22.31,1.12,10.13,18.13
Chennai,2018-10-21,124.0,Moderate,65.55,105.95,16.62,0.89,6.7,19.48
Chennai,2018-10-22,218.0,Poor,168.81,105.95,19.55,0.96,15.4,19.31
Chennai,2018-10-23,170.0,Moderate,73.57,105.95,20.24,0.63,10.54,20.21
Chennai,2018-10-24,160.0,Moderate,76.77,105.95,19.44,0.75,9.99,15.61
Chennai,2018-10-25,140.0,Moderate,72.83,105.95,21.39,0.87,6.88,18.69
Chennai,2018-10-26,144.0,Moderate,72.24,105.95,19.89,2.03,8.35,25.47
Chennai,2018-10-27,126.0,Moderate,61.5,105.95,23.1,0.82,15.7,31.79
Chennai,2018-10-28,115.0,Moderate,59.79,105.95,20.55,0.97,10.0,50.28
Chennai,2018-10-29,158.0,Moderate,75.15,105.95,19.05,0.84,5.44,52.32
Chennai,2018-10-30,98.0,Satisfactory,34.51,105.95,17.96,0.8,7.44,21.44
Chennai,2018-10-31,78.0,Satisfactory,28.16,105.95,17.33,1.15,6.32,15.54
Chennai,2018-11-01,83.0,Satisfactory,27.63,105.95,17.66,1.09,7.29,13.71
Chennai,2018-11-02,89.0,Satisfactory,28.58,105.95,15.78,1.1,5.72,17.25
Chennai,2018-11-03,65.0,Satisfactory,35.6,105.95,14.37,0.87,7.7,23.51
Chennai,2018-11-04,167.0,Moderate,86.21,105.95,13.34,0.79,15.54,26.27
Chennai,2018-11-05,85.0,Satisfactory,35.2,105.95,15.35,0.99,17.81,22.85
Chennai,2018-11-06,72.0,Satisfactory,55.01,105.95,17.64,1.03,12.25,21.38
Chennai,2018-11-07,128.0,Moderate,59.06,105.95,18.17,0.99,14.09,24.89
Chennai,2018-11-08,96.0,Satisfactory,49.98,105.95,21.91,0.94,8.6,20.71
Chennai,2018-11-09,133.0,Moderate,74.73,105.95,16.56,1.14,6.03,25.98
Chennai,2018-11-10,137.0,Moderate,70.81,105.95,20.53,1.22,10.87,23.79
Chennai,2018-11-11,155.0,Moderate,82.59,105.95,17.52,1.06,12.87,28.45
Chennai,2018-11-12,185.0,Moderate,92.17,105.95,19.12,1.23,11.44,31.5
Chennai,2018-11-13,231.0,Poor,111.04,105.95,22.32,1.19,10.76,46.49
Chennai,2018-11-14,210.0,Poor,84.77,105.95,21.1,1.01,12.45,36.28
Chennai,2018-11-15,135.0,Moderate,47.01,105.95,16.54,0.99,10.97,25.99
Chennai,2018-11-16,68.0,Satisfactory,17.03,105.95,14.07,0.98,12.81,16.2
Chennai,2018-11-17,71.0,Satisfactory,28.73,105.95,16.46,1.0,8.51,13.6
Chennai,2018-11-18,78.0,Satisfactory,31.8,105.95,15.57,0.99,8.95,12.32
Chennai,2018-11-19,70.0,Satisfactory,22.03,105.95,13.35,1.03,13.48,18.24
Chennai,2018-11-20,72.0,Satisfactory,42.81,105.95,15.15,1.09,8.75,19.48
Chennai,2018-11-21,65.0,Satisfactory,20.36,105.95,13.69,0.88,7.71,14.62
Chennai,2018-11-22,60.0,Satisfactory,19.76,105.95,17.85,0.92,9.4,15.4
Chennai,2018-11-23,70.0,Satisfactory,47.76,105.95,18.11,1.0,7.81,28.75
Chennai,2018-11-24,162.0,Moderate,92.89,105.95,21.25,0.94,6.77,37.14
Chennai,2018-11-25,234.0,Poor,112.05,105.95,18.89,0.95,6.22,37.01
Chennai,2018-11-26,211.0,Poor,81.75,105.95,24.37,1.05,6.7,46.88
Chennai,2018-11-27,141.0,Moderate,65.56,105.95,22.07,1.24,7.59,43.13
Chennai,2018-11-28,123.0,Moderate,61.8,105.95,20.05,0.94,7.35,34.91
Chennai,2018-11-29,90.0,Satisfactory,46.73,105.95,18.07,0.87,6.72,35.7
Chennai,2018-11-30,79.0,Satisfactory,47.84,105.95,18.47,0.91,10.09,26.2
Chennai,2018-12-01,96.0,Satisfactory,54.15,105.95,19.72,0.85,14.74,25.18
Chennai,2018-12-02,74.0,Satisfactory,23.09,105.95,16.96,0.82,10.53,22.14
Chennai,2018-12-03,67.0,Satisfactory,30.61,105.95,17.89,1.09,8.84,26.18
Chennai,2018-12-04,80.0,Satisfactory,23.0,105.95,17.59,0.98,8.25,15.45
Chennai,2018-12-05,86.0,Satisfactory,31.74,105.95,17.71,1.16,8.29,27.94
Chennai,2018-12-06,87.0,Satisfactory,47.92,105.95,17.19,1.03,7.77,25.65
Chennai,2018-12-07,129.0,Moderate,85.53,105.95,16.76,1.06,8.44,27.6
Chennai,2018-12-08,221.0,Poor,98.92,105.95,16.05,1.06,7.98,30.72
Chennai,2018-12-09,224.0,Poor,98.35,105.95,14.89,1.05,8.5,32.88
Chennai,2018-12-10,222.0,Poor,95.16,105.95,16.81,1.39,9.0,27.31
Chennai,2018-12-11,196.0,Moderate,84.65,105.95,19.54,1.13,11.76,25.82
Chennai,2018-12-12,195.0,Moderate,86.54,105.95,23.86,1.04,12.46,30.5
Chennai,2018-12-13,154.0,Moderate,51.85,105.95,20.16,1.05,12.84,23.49
Chennai,2018-12-14,86.0,Satisfactory,52.68,105.95,19.97,1.08,8.68,24.09
Chennai,2018-12-15,149.0,Moderate,87.0,105.95,16.49,0.94,9.89,48.79
Chennai,2018-12-16,155.0,Moderate,55.49,105.95,14.61,0.77,8.78,46.55
Chennai,2018-12-17,89.0,Satisfactory,52.86,105.95,17.97,1.17,10.81,49.14
Chennai,2018-12-18,148.0,Moderate,73.87,105.95,19.64,1.1,13.49,24.64
Chennai,2018-12-19,90.0,Satisfactory,28.98,105.95,15.74,0.97,13.94,19.24
Chennai,2018-12-20,78.0,Satisfactory,48.11,105.95,16.31,0.99,10.77,21.85
Chennai,2018-12-21,81.0,Satisfactory,38.97,105.95,15.8,0.94,9.74,27.3
Chennai,2018-12-22,82.0,Satisfactory,48.35,105.95,15.84,0.84,8.34,34.56
Chennai,2018-12-23,109.0,Moderate,63.44,105.95,16.53,0.91,9.02,27.99
Chennai,2018-12-24,137.0,Moderate,67.45,105.95,16.54,1.03,10.8,37.41
Chennai,2018-12-25,150.0,Moderate,80.95,105.95,17.86,1.04,12.48,36.12
Chennai,2018-12-26,217.0,Poor,96.38,105.95,16.16,0.93,9.28,36.73
Chennai,2018-12-27,182.0,Moderate,111.83,105.95,17.01,1.39,16.0,37.12
Chennai,2018-12-28,160.0,Moderate,68.25,105.95,16.16,1.08,11.95,32.06
Chennai,2018-12-29,205.0,Poor,110.85,105.95,16.27,1.01,11.11,31.96
Chennai,2018-12-30,211.0,Poor,100.68,105.95,9.74,0.8,8.52,47.92
Chennai,2018-12-31,150.0,Moderate,57.67,105.95,11.22,1.01,17.04,69.62
Chennai,2019-01-01,212.0,Poor,122.43,105.95,13.22,0.86,18.33,56.82
Chennai,2019-01-02,158.0,Moderate,54.14,105.95,13.9,1.0,14.34,36.38
Chennai,2019-01-03,167.0,Moderate,97.13,105.95,14.86,0.99,15.54,42.23
Chennai,2019-01-04,192.0,Moderate,74.64,105.95,14.64,0.9,15.84,47.31
Chennai,2019-01-05,116.0,Moderate,74.23,105.95,13.88,0.98,11.74,48.85
Chennai,2019-01-06,186.0,Moderate,92.7,105.95,14.49,0.86,14.62,30.74
Chennai,2019-01-07,168.0,Moderate,70.73,105.95,14.19,0.86,13.32,31.93
Chennai,2019-01-08,108.0,Moderate,59.25,105.95,16.18,0.84,17.38,31.65
Chennai,2019-01-09,185.0,Moderate,98.11,105.95,13.92,0.85,12.12,46.05
Chennai,2019-01-10,181.0,Moderate,89.42,105.95,14.95,0.81,11.52,39.2
Chennai,2019-01-11,199.0,Moderate,129.92,105.95,13.7,0.9,15.08,48.29
Chennai,2019-01-12,183.0,Moderate,65.08,105.95,12.88,0.89,9.37,44.27
Chennai,2019-01-13,105.0,Moderate,38.64,105.95,12.93,1.08,13.8,41.06
Chennai,2019-01-14,110.0,Moderate,58.12,105.95,12.57,0.97,19.57,54.55
Chennai,2019-01-15,115.0,Moderate,45.89,105.95,11.56,1.2,19.9,52.62
Chennai,2019-01-16,97.0,Satisfactory,49.6,105.95,11.33,0.84,17.67,40.96
Chennai,2019-01-17,111.0,Moderate,68.44,105.95,11.15,0.89,17.24,50.43
Chennai,2019-01-18,140.0,Moderate,66.96,105.95,11.39,1.04,19.54,56.44
Chennai,2019-01-19,131.0,Moderate,58.99,105.95,11.74,0.89,17.95,45.77
Chennai,2019-01-20,102.0,Moderate,40.6,105.95,12.43,0.97,11.27,35.54
Chennai,2019-01-21,98.0,Satisfactory,65.59,105.95,12.28,0.92,9.07,39.49
Chennai,2019-01-22,176.0,Moderate,70.94,105.95,12.25,0.87,15.54,40.99
Chennai,2019-01-23,92.0,Satisfactory,27.64,105.95,12.07,0.87,16.66,39.45
Chennai,2019-01-24,99.0,Satisfactory,45.17,105.95,12.0,1.01,15.18,36.67
Chennai,2019-01-25,73.0,Satisfactory,28.02,105.95,12.21,0.9,8.45,27.67
Chennai,2019-01-26,68.0,Satisfactory,19.33,105.95,10.38,0.83,8.05,25.33
Chennai,2019-01-27,70.0,Satisfactory,16.58,105.95,10.66,0.97,10.56,22.97
Chennai,2019-01-28,71.0,Satisfactory,18.58,105.95,10.43,0.99,16.53,33.89
Chennai,2019-01-29,84.0,Satisfactory,41.52,105.95,12.27,1.01,26.06,37.91
Chennai,2019-01-30,120.0,Moderate,55.3,105.95,12.14,0.97,15.23,45.84
Chennai,2019-01-31,144.0,Moderate,81.09,105.95,11.73,0.98,10.95,41.59
Chennai,2019-02-01,147.0,Moderate,42.07,105.95,11.85,0.93,20.89,45.34
Chennai,2019-02-02,99.0,Satisfactory,42.72,105.95,12.05,0.93,17.98,37.96
Chennai,2019-02-03,84.0,Satisfactory,31.09,105.95,11.26,0.93,9.54,36.74
Chennai,2019-02-04,86.0,Satisfactory,46.95,105.95,11.89,0.94,8.95,43.27
Chennai,2019-02-05,115.0,Moderate,44.37,105.95,12.34,1.01,8.29,55.63
Chennai,2019-02-06,149.0,Moderate,60.55,105.95,13.45,0.99,8.82,52.24
Chennai,2019-02-07,138.0,Moderate,52.94,105.95,12.16,1.1,9.04,41.97
Chennai,2019-02-08,87.0,Satisfactory,28.42,105.95,11.83,1.07,9.01,33.31
Chennai,2019-02-09,77.0,Satisfactory,21.04,105.95,10.92,0.91,12.96,18.49
Chennai,2019-02-10,67.0,Satisfactory,12.77,105.95,10.88,1.0,16.47,18.45
Chennai,2019-02-11,77.0,Satisfactory,37.37,105.95,10.27,1.04,26.99,31.72
Chennai,2019-02-12,126.0,Moderate,56.04,105.95,10.73,1.01,13.74,57.84
Chennai,2019-02-13,200.0,Moderate,106.04,105.95,12.07,0.96,10.38,79.41
Chennai,2019-02-14,283.0,Poor,178.54,105.95,11.68,1.03,11.87,56.47
Chennai,2019-02-15,187.0,Moderate,42.85,105.95,11.22,1.08,12.88,32.8
Chennai,2019-02-16,87.0,Satisfactory,45.41,105.95,11.06,0.94,6.55,26.4
Chennai,2019-02-17,93.0,Satisfactory,44.51,105.95,10.9,0.92,7.69,18.38
Chennai,2019-02-18,80.0,Satisfactory,26.55,105.95,10.6,0.98,9.65,17.49
Chennai,2019-02-19,78.0,Satisfactory,17.11,105.95,10.58,0.99,9.46,17.42
Chennai,2019-02-20,66.0,Satisfactory,16.6,105.95,11.75,0.91,20.24,20.24
Chennai,2019-02-21,75.0,Satisfactory,32.92,105.95,11.21,1.06,21.39,21.84
Chennai,2019-02-22,104.0,Moderate,37.45,105.95,11.82,1.09,23.61,32.82
Chennai,2019-02-23,101.0,Moderate,25.55,105.95,13.88,1.01,17.84,42.25
Chennai,2019-02-24,89.0,Satisfactory,37.37,105.95,12.35,0.95,10.08,33.15
Chennai,2019-02-25,105.0,Moderate,74.05,105.95,11.7,1.12,6.72,29.26
Chennai,2019-02-26,279.0,Poor,199.98,105.95,12.07,1.08,9.36,18.88
Chennai,2019-02-27,127.0,Moderate,33.9,105.95,10.65,0.89,8.94,17.23
Chennai,2019-02-28,100.0,Satisfactory,87.38,105.95,14.43,0.72,9.0,16.65
Chennai,2019-03-01,102.0,Moderate,114.56,105.95,11.01,0.82,12.89,15.1
Chennai,2019-03-02,252.0,Poor,176.07,105.95,15.07,0.66,30.02,18.42
Chennai,2019-03-03,128.0,Moderate,38.85,105.95,18.86,0.6,20.68,19.22
Chennai,2019-03-04,76.0,Satisfactory,43.48,105.95,13.32,0.81,6.32,19.86
Chennai,2019-03-05,87.0,Satisfactory,53.2,105.95,27.1,0.81,17.25,22.26
Chennai,2019-03-06,111.0,Moderate,58.19,105.95,12.09,0.81,11.03,21.23
Chennai,2019-03-07,105.0,Moderate,39.87,105.95,20.52,0.78,4.02,23.03
Chennai,2019-03-08,85.0,Satisfactory,38.91,105.95,14.39,0.77,5.58,21.08
Chennai,2019-03-09,90.0,Satisfactory,36.46,105.95,21.64,0.83,5.6,26.0
Chennai,2019-03-10,83.0,Satisfactory,27.7,105.95,44.19,0.67,7.05,18.63
Chennai,2019-03-11,66.0,Satisfactory,28.47,105.95,18.38,0.77,9.82,17.53
Chennai,2019-03-12,89.0,Satisfactory,52.63,105.95,25.52,0.75,11.08,26.92
Chennai,2019-03-13,143.0,Moderate,76.63,105.95,23.74,0.91,9.2,25.37
Chennai,2019-03-14,155.0,Moderate,58.09,105.95,21.05,0.77,8.2,31.6
Chennai,2019-03-15,100.0,Satisfactory,52.87,105.95,20.97,0.8,7.74,34.93
Chennai,2019-03-16,86.0,Satisfactory,48.11,105.95,24.86,0.71,13.08,29.95
Chennai,2019-03-17,106.0,Moderate,57.58,105.95,19.0,0.85,14.42,34.31
Chennai,2019-03-18,86.0,Satisfactory,37.31,105.95,32.45,0.79,8.64,24.25
Chennai,2019-03-19,87.0,Satisfactory,42.32,105.95,21.72,0.81,5.91,18.89
Chennai,2019-03-20,103.0,Moderate,63.83,105.95,17.29,0.71,3.9,28.14
Chennai,2019-03-21,138.0,Moderate,50.63,105.95,10.35,0.65,5.61,28.28
Chennai,2019-03-22,102.0,Moderate,41.01,105.95,12.16,0.84,10.28,27.87
Chennai,2019-03-23,95.0,Satisfactory,37.13,105.95,19.38,0.72,7.05,22.44
Chennai,2019-03-24,83.0,Satisfactory,34.61,105.95,22.46,0.82,6.74,10.75
Chennai,2019-03-25,83.0,Satisfactory,35.94,105.95,17.53,0.77,6.63,23.65
Chennai,2019-03-26,87.0,Satisfactory,39.29,105.95,24.94,0.87,7.07,36.49
Chennai,2019-03-27,81.0,Satisfactory,33.41,105.95,13.74,0.92,6.04,37.94
Chennai,2019-03-28,81.0,Satisfactory,38.14,105.95,16.52,0.71,6.29,40.81
Chennai,2019-03-29,73.0,Satisfactory,38.04,105.95,15.39,0.85,6.68,41.51
Chennai,2019-03-30,81.0,Satisfactory,37.22,105.95,16.77,0.77,5.95,37.59
Chennai,2019-03-31,100.0,Satisfactory,62.24,105.95,14.06,1.05,6.52,21.53
Chennai,2019-04-01,130.0,Moderate,68.09,105.95,12.5,0.98,6.34,19.13
Chennai,2019-04-02,126.0,Moderate,49.42,105.95,12.07,0.93,6.2,21.34
Chennai,2019-04-03,117.0,Moderate,48.12,105.95,14.01,0.93,7.04,14.11
Chennai,2019-04-04,89.0,Satisfactory,32.88,105.95,14.81,1.02,6.15,12.54
Chennai,2019-04-05,100.0,Satisfactory,36.23,105.95,13.53,1.05,6.42,11.4
Chennai,2019-04-06,101.0,Moderate,34.35,105.95,15.09,1.1,6.55,12.49
Chennai,2019-04-07,99.0,Satisfactory,32.33,105.95,14.5,0.95,6.51,13.51
Chennai,2019-04-08,98.0,Satisfactory,54.52,105.95,14.32,0.97,6.91,12.61
Chennai,2019-04-09,112.0,Moderate,37.03,105.95,17.66,0.94,6.95,13.35
Chennai,2019-04-10,111.0,Moderate,59.54,105.95,18.69,1.07,6.59,12.89
Chennai,2019-04-11,110.0,Moderate,56.02,105.95,16.66,1.08,6.87,13.58
Chennai,2019-04-12,100.0,Satisfactory,37.18,105.95,16.69,1.0,6.18,13.42
Chennai,2019-04-13,79.0,Satisfactory,36.18,105.95,15.55,1.0,6.42,20.27
Chennai,2019-04-14,76.0,Satisfactory,31.9,105.95,15.54,0.99,7.55,13.17
Chennai,2019-04-15,76.0,Satisfactory,24.24,105.95,13.18,1.1,7.16,15.81
Chennai,2019-04-16,70.0,Satisfactory,19.48,105.95,11.66,1.09,6.89,14.36
Chennai,2019-04-17,73.0,Satisfactory,17.27,105.95,9.96,1.01,6.69,15.7
Chennai,2019-04-18,62.0,Satisfactory,12.95,105.95,10.23,0.9,6.74,14.86
Chennai,2019-04-19,66.0,Satisfactory,25.41,105.95,9.13,0.97,6.85,13.7
Chennai,2019-04-20,81.0,Satisfactory,24.99,105.95,8.88,1.06,6.58,16.87
Chennai,2019-04-21,85.0,Satisfactory,29.32,105.95,10.31,0.98,7.53,17.5
Chennai,2019-04-22,74.0,Satisfactory,24.75,105.95,10.58,1.06,5.86,11.95
Chennai,2019-04-23,74.0,Satisfactory,29.82,105.95,10.27,0.97,6.31,9.1
Chennai,2019-04-24,73.0,Satisfactory,29.52,105.95,11.35,1.06,6.08,9.33
Chennai,2019-04-25,76.0,Satisfactory,31.55,105.95,11.27,1.07,6.68,11.18
Chennai,2019-04-26,75.0,Satisfactory,35.22,105.95,11.22,0.97,5.85,12.59
Chennai,2019-04-27,69.0,Satisfactory,25.49,105.95,11.24,1.01,6.68,13.31
Chennai,2019-04-28,71.0,Satisfactory,26.74,105.95,10.97,1.05,5.6,14.98
Chennai,2019-04-29,75.0,Satisfactory,26.4,105.95,10.88,1.13,6.99,15.45
Chennai,2019-04-30,78.0,Satisfactory,35.36,105.95,11.02,1.13,6.21,18.63
Chennai,2019-05-01,80.0,Satisfactory,29.99,105.95,11.74,1.17,6.16,18.49
Chennai,2019-05-02,78.0,Satisfactory,30.49,105.95,13.48,1.06,6.44,19.34
Chennai,2019-05-03,78.0,Satisfactory,30.39,105.95,14.41,0.99,5.91,25.11
Chennai,2019-05-04,80.0,Satisfactory,37.24,105.95,13.77,1.01,5.05,26.4
Chennai,2019-05-05,79.0,Satisfactory,38.9,105.95,12.95,1.02,5.84,26.22
Chennai,2019-05-06,82.0,Satisfactory,38.07,105.95,13.52,1.08,6.29,17.59
Chennai,2019-05-07,83.0,Satisfactory,38.63,105.95,16.66,1.11,6.78,14.78
Chennai,2019-05-08,75.0,Satisfactory,42.78,105.95,15.19,1.02,6.36,21.36
Chennai,2019-05-09,79.0,Satisfactory,35.59,105.95,16.77,1.14,7.45,26.79
Chennai,2019-05-10,77.0,Satisfactory,38.39,105.95,18.05,1.13,6.51,13.48
Chennai,2019-05-11,126.0,Moderate,65.3,105.95,52.6,1.03,7.0,30.18
Chennai,2019-05-12,150.0,Moderate,51.8,105.95,34.91,0.92,7.02,18.9
Chennai,2019-05-13,135.0,Moderate,66.57,105.95,30.03,1.05,7.7,19.47
Chennai,2019-05-14,145.0,Moderate,66.85,105.95,29.99,1.01,6.68,35.41
Chennai,2019-05-15,132.0,Moderate,55.19,105.95,24.05,0.85,7.1,34.3
Chennai,2019-05-16,107.0,Moderate,44.66,105.95,13.84,1.04,5.75,32.88
Chennai,2019-05-17,102.0,Moderate,41.39,105.95,13.98,1.24,4.42,39.97
Chennai,2019-05-18,88.0,Satisfactory,39.71,105.95,13.64,0.76,4.99,35.56
Chennai,2019-05-19,83.0,Satisfactory,36.38,105.95,13.84,0.83,4.23,32.61
Chennai,2019-05-20,76.0,Satisfactory,22.72,105.95,13.92,0.9,5.18,28.16
Chennai,2019-05-21,71.0,Satisfactory,23.34,105.95,14.83,1.0,5.34,28.86
Chennai,2019-05-22,80.0,Satisfactory,27.06,105.95,14.39,1.22,4.63,27.46
Chennai,2019-05-23,79.0,Satisfactory,45.92,105.95,13.27,1.08,5.04,34.69
Chennai,2019-05-24,113.0,Moderate,47.34,105.95,11.77,1.07,7.08,38.11
Chennai,2019-05-25,124.0,Moderate,47.85,105.95,12.34,0.96,6.2,45.64
Chennai,2019-05-26,131.0,Moderate,48.62,105.95,12.94,1.05,7.3,51.3
Chennai,2019-05-27,113.0,Moderate,45.57,105.95,13.06,1.17,6.69,47.23
Chennai,2019-05-28,132.0,Moderate,74.16,105.95,13.81,1.23,7.55,42.45
Chennai,2019-05-29,137.0,Moderate,54.73,105.95,13.96,1.31,7.3,38.78
Chennai,2019-05-30,141.0,Moderate,65.19,105.95,14.2,1.03,7.43,51.03
Chennai,2019-05-31,156.0,Moderate,53.41,105.95,15.62,1.1,7.66,60.96
Chennai,2019-06-01,148.0,Moderate,45.73,105.95,10.86,0.89,7.58,67.66
Chennai,2019-06-02,143.0,Moderate,57.97,105.95,10.76,0.77,6.82,74.0
Chennai,2019-06-03,161.0,Moderate,58.15,105.95,11.26,1.22,8.53,79.9
Chennai,2019-06-04,143.0,Moderate,60.53,105.95,11.26,1.12,6.89,65.54
Chennai,2019-06-05,153.0,Moderate,52.59,105.95,11.21,0.92,8.24,70.18
Chennai,2019-06-06,132.0,Moderate,54.06,105.95,13.32,0.94,7.89,38.04
Chennai,2019-06-07,94.0,Satisfactory,42.32,105.95,17.56,1.07,7.13,47.78
Chennai,2019-06-08,126.0,Moderate,55.84,105.95,17.07,1.06,6.74,70.67
Chennai,2019-06-09,119.0,Moderate,47.85,105.95,14.7,1.11,6.49,57.18
Chennai,2019-06-10,100.0,Satisfactory,54.9,105.95,26.93,1.3,5.75,42.43
Chennai,2019-06-11,116.0,Moderate,51.79,105.95,27.66,1.31,4.02,57.29
Chennai,2019-06-12,119.0,Moderate,51.48,105.95,23.0,1.05,5.79,53.52
Chennai,2019-06-13,110.0,Moderate,37.78,105.95,24.04,1.05,3.78,47.65
Chennai,2019-06-14,91.0,Satisfactory,41.03,105.95,34.45,1.09,4.38,48.14
Chennai,2019-06-15,89.0,Satisfactory,53.31,105.95,23.57,1.06,4.57,39.39
Chennai,2019-06-16,87.0,Satisfactory,42.09,105.95,21.94,0.98,7.97,40.82
Chennai,2019-06-17,80.0,Satisfactory,56.12,105.95,24.69,1.0,9.62,25.3
Chennai,2019-06-18,108.0,Moderate,56.8,105.95,25.31,1.18,7.35,43.82
Chennai,2019-06-19,91.0,Satisfactory,41.22,48.55,19.57,0.99,10.2,43.0
Chennai,2019-06-20,88.0,Satisfactory,36.82,55.76,21.33,1.04,10.03,35.7
Chennai,2019-06-21,92.0,Satisfactory,36.7,52.11,22.3,1.1,6.91,37.37
Chennai,2019-06-22,96.0,Satisfactory,39.32,38.33,17.93,0.93,5.9,31.92
Chennai,2019-06-23,109.0,Moderate,33.86,44.81,18.25,1.16,3.82,42.43
Chennai,2019-06-24,101.0,Moderate,29.8,24.1,19.87,1.08,4.42,47.02
Chennai,2019-06-25,129.0,Moderate,103.16,29.59,25.81,1.08,4.58,43.43
Chennai,2019-06-26,179.0,Moderate,45.52,105.95,18.68,0.94,4.24,29.75
Chennai,2019-06-27,69.0,Satisfactory,35.11,105.95,29.01,0.86,3.91,15.31
Chennai,2019-06-28,78.0,Satisfactory,45.16,105.95,15.36,0.66,3.92,23.12
Chennai,2019-06-29,106.0,Moderate,59.22,105.95,21.16,0.79,4.82,18.98
Chennai,2019-06-30,123.0,Moderate,47.81,105.95,22.21,0.84,5.0,19.25
Chennai,2019-07-01,125.0,Moderate,33.28,105.95,20.68,0.95,4.13,38.58
Chennai,2019-07-02,73.0,Satisfactory,52.55,105.95,19.08,0.79,4.18,31.2
Chennai,2019-07-03,174.0,Moderate,92.83,105.95,19.12,0.82,7.28,13.47
Chennai,2019-07-04,84.0,Satisfactory,49.99,105.95,17.96,0.85,3.36,11.91
Chennai,2019-07-05,134.0,Moderate,97.96,105.95,18.91,0.93,3.2,6.92
Chennai,2019-07-06,85.0,Satisfactory,37.94,105.95,23.03,0.85,3.89,14.93
Chennai,2019-07-07,77.0,Satisfactory,48.12,105.95,16.99,0.75,4.1,23.7
Chennai,2019-07-08,88.0,Satisfactory,51.95,105.95,17.93,0.82,4.21,23.93
Chennai,2019-07-09,92.0,Satisfactory,45.61,105.95,16.8,0.8,3.77,25.99
Chennai,2019-07-10,92.0,Satisfactory,30.64,105.95,18.33,0.99,4.34,27.07
Chennai,2019-07-11,76.0,Satisfactory,36.62,105.95,23.57,0.92,4.83,24.91
Chennai,2019-07-12,81.0,Satisfactory,50.02,105.95,18.51,0.99,5.76,29.0
Chennai,2019-07-13,94.0,Satisfactory,34.54,105.95,15.18,0.98,5.32,26.49
Chennai,2019-07-14,80.0,Satisfactory,47.45,105.95,13.12,0.77,4.89,30.21
Chennai,2019-07-15,99.0,Satisfactory,40.19,105.95,16.5,0.9,4.61,36.35
Chennai,2019-07-16,80.0,Satisfactory,30.16,105.95,21.57,0.98,4.48,27.46
Chennai,2019-07-17,77.0,Satisfactory,43.75,105.95,22.9,0.98,4.94,16.08
Chennai,2019-07-18,85.0,Satisfactory,48.57,105.95,22.73,0.83,4.39,29.49
Chennai,2019-07-19,74.0,Satisfactory,30.57,33.87,18.13,0.74,6.77,26.57
Chennai,2019-07-20,84.0,Satisfactory,35.63,26.86,18.26,0.94,6.38,39.38
Chennai,2019-07-21,87.0,Satisfactory,28.74,31.54,16.17,0.84,4.55,32.68
Chennai,2019-07-22,70.0,Satisfactory,27.56,25.38,19.09,0.97,7.59,25.69
Chennai,2019-07-23,73.0,Satisfactory,31.04,29.47,18.11,0.85,9.25,25.26
Chennai,2019-07-24,73.0,Satisfactory,29.77,23.36,18.57,0.82,10.6,32.18
Chennai,2019-07-25,94.0,Satisfactory,45.13,40.85,17.75,0.88,8.65,28.09
Chennai,2019-07-26,85.0,Satisfactory,23.22,26.66,18.94,0.86,6.76,22.33
Chennai,2019-07-27,66.0,Satisfactory,25.94,36.78,20.83,0.84,6.32,29.16
Chennai,2019-07-28,83.0,Satisfactory,32.29,48.3,16.86,0.88,5.85,55.18
Chennai,2019-07-29,77.0,Satisfactory,28.07,28.12,15.56,0.8,6.45,44.99
Chennai,2019-07-30,74.0,Satisfactory,36.63,53.67,23.47,0.9,5.63,38.45
Chennai,2019-07-31,114.0,Moderate,33.19,33.25,20.61,0.83,5.57,66.13
Chennai,2019-08-01,105.0,Moderate,34.12,39.61,16.49,0.83,5.89,62.67
Chennai,2019-08-02,129.0,Moderate,51.08,32.87,22.26,0.91,5.95,58.91
Chennai,2019-08-03,130.0,Moderate,51.84,27.2,30.79,0.88,6.2,62.68
Chennai,2019-08-04,126.0,Moderate,42.23,33.32,33.02,0.78,6.2,67.28
Chennai,2019-08-05,105.0,Moderate,52.82,14.82,25.52,0.71,5.45,42.93
Chennai,2019-08-06,110.0,Moderate,26.19,24.39,23.39,0.7,6.21,52.98
Chennai,2019-08-07,65.0,Satisfactory,21.07,32.96,16.89,0.62,8.41,40.1
Chennai,2019-08-08,84.0,Satisfactory,24.99,25.65,17.69,1.05,6.47,44.3
Chennai,2019-08-09,70.0,Satisfactory,22.61,29.99,17.47,0.65,5.14,37.47
Chennai,2019-08-10,74.0,Satisfactory,22.66,42.4,16.78,0.64,8.7,48.65
Chennai,2019-08-11,76.0,Satisfactory,16.68,30.27,13.39,0.57,5.95,56.49
Chennai,2019-08-12,112.0,Moderate,18.65,42.25,13.7,0.61,6.14,56.7
Chennai,2019-08-13,80.0,Satisfactory,21.83,67.63,14.07,0.9,7.6,53.95
Chennai,2019-08-14,106.0,Moderate,25.51,47.55,14.06,0.88,8.55,60.52
Chennai,2019-08-15,105.0,Moderate,19.01,33.79,16.94,0.86,11.34,41.27
Chennai,2019-08-16,110.0,Moderate,26.43,49.99,17.24,0.89,10.24,37.5
Chennai,2019-08-17,82.0,Satisfactory,13.03,27.27,15.33,0.57,8.6,31.21
Chennai,2019-08-18,69.0,Satisfactory,13.2,25.96,12.65,0.55,5.96,37.43
Chennai,2019-08-19,58.0,Satisfactory,22.64,39.46,18.01,0.94,7.14,31.17
Chennai,2019-08-20,68.0,Satisfactory,27.06,105.95,19.07,1.04,9.73,22.56
Chennai,2019-08-21,77.0,Satisfactory,29.21,38.5,18.82,1.0,14.46,24.79
Chennai,2019-08-22,82.0,Satisfactory,31.43,25.58,16.93,0.71,7.08,26.59
Chennai,2019-08-23,52.0,Satisfactory,25.89,80.57,14.8,0.64,4.37,18.42
Chennai,2019-08-24,48.0,Good,17.58,23.46,13.98,0.58,6.04,31.27
Chennai,2019-08-25,47.0,Good,22.35,39.35,13.79,0.61,5.02,21.93
Chennai,2019-08-26,57.0,Satisfactory,17.46,33.33,17.31,0.62,6.22,35.29
Chennai,2019-08-27,48.0,Good,18.64,25.63,19.81,0.59,5.48,38.69
Chennai,2019-08-28,104.0,Moderate,20.57,37.57,15.76,0.62,5.43,51.83
Chennai,2019-08-29,51.0,Satisfactory,25.15,29.91,15.8,0.67,5.5,34.57
Chennai,2019-08-30,101.0,Moderate,22.87,39.16,14.85,0.73,6.61,59.16
Chennai,2019-08-31,121.0,Moderate,27.11,55.11,14.73,0.75,6.39,39.33
Chennai,2019-09-01,122.0,Moderate,26.91,45.12,14.12,0.78,5.87,40.6
Chennai,2019-09-02,108.0,Moderate,30.64,46.36,15.41,1.05,5.99,55.87
Chennai,2019-09-03,100.0,Satisfactory,29.69,26.98,17.05,1.0,6.07,49.45
Chennai,2019-09-04,146.0,Moderate,35.06,35.58,18.79,0.93,6.84,50.73
Chennai,2019-09-05,70.0,Satisfactory,22.29,22.95,18.59,0.82,7.16,42.75
Chennai,2019-09-06,75.0,Satisfactory,25.84,39.75,22.76,0.81,6.69,41.25
Chennai,2019-09-07,105.0,Moderate,26.37,61.74,13.94,0.78,6.17,44.92
Chennai,2019-09-08,76.0,Satisfactory,22.62,105.95,11.39,1.05,4.73,20.04
Chennai,2019-09-09,76.0,Satisfactory,37.51,72.52,13.31,0.85,6.02,36.98
Chennai,2019-09-10,111.0,Moderate,37.85,55.29,12.45,0.75,6.38,68.76
Chennai,2019-09-11,150.0,Moderate,39.26,51.62,12.23,0.86,6.34,61.37
Chennai,2019-09-12,103.0,Moderate,23.59,73.02,11.72,0.83,6.39,55.72
Chennai,2019-09-13,78.0,Satisfactory,27.36,46.3,11.32,0.71,6.64,59.95
Chennai,2019-09-14,81.0,Satisfactory,23.45,43.81,11.69,0.46,6.07,56.94
Chennai,2019-09-15,89.0,Satisfactory,20.82,38.66,10.29,0.64,6.12,58.37
Chennai,2019-09-16,100.0,Satisfactory,28.74,40.41,10.53,0.88,6.69,53.64
Chennai,2019-09-17,96.0,Satisfactory,22.59,32.44,11.14,0.92,6.3,54.32
Chennai,2019-09-18,105.0,Moderate,26.98,45.52,12.0,0.99,6.94,57.81
Chennai,2019-09-19,95.0,Satisfactory,23.18,26.53,12.44,1.15,7.09,49.51
Chennai,2019-09-20,120.0,Moderate,38.04,56.21,11.43,1.15,6.7,57.05
Chennai,2019-09-21,106.0,Moderate,33.44,71.07,13.74,0.83,5.97,53.35
Chennai,2019-09-22,126.0,Moderate,43.67,101.54,16.38,1.12,6.58,59.37
Chennai,2019-09-23,135.0,Moderate,61.94,86.53,12.87,0.76,6.28,58.54
Chennai,2019-09-24,114.0,Moderate,35.03,61.6,11.77,0.9,6.61,45.56
Chennai,2019-09-25,93.0,Satisfactory,16.9,37.12,10.73,0.86,6.19,28.38
Chennai,2019-09-26,99.0,Satisfactory,14.27,30.32,10.79,0.93,6.36,48.1
Chennai,2019-09-27,103.0,Moderate,17.76,45.69,10.05,0.89,7.13,44.14
Chennai,2019-09-28,105.0,Moderate,20.99,53.49,10.69,0.68,6.76,37.83
Chennai,2019-09-29,116.0,Moderate,25.87,39.41,9.1,0.88,6.47,39.05
Chennai,2019-09-30,106.0,Moderate,23.02,39.11,11.32,0.78,6.03,41.73
Chennai,2019-10-01,109.0,Moderate,41.82,87.5,13.2,0.84,5.99,64.23
Chennai,2019-10-02,122.0,Moderate,32.4,46.68,14.87,0.8,6.54,67.72
Chennai,2019-10-03,110.0,Moderate,31.1,25.97,13.87,0.83,6.78,57.6
Chennai,2019-10-04,72.0,Satisfactory,23.49,52.0,12.89,0.81,5.46,57.91
Chennai,2019-10-05,78.0,Satisfactory,47.4,40.58,15.4,0.63,5.71,58.15
Chennai,2019-10-06,145.0,Moderate,19.32,91.05,13.42,0.77,5.38,55.94
Chennai,2019-10-07,108.0,Moderate,58.64,66.67,24.13,0.75,5.58,63.42
Chennai,2019-10-08,141.0,Moderate,36.56,94.02,19.29,0.81,6.55,63.92
Chennai,2019-10-09,114.0,Moderate,24.5,79.42,21.5,0.87,5.6,52.84
Chennai,2019-10-10,92.0,Satisfactory,21.13,67.66,20.03,0.8,5.86,46.63
Chennai,2019-10-11,87.0,Satisfactory,21.2,55.08,12.98,0.76,5.86,47.37
Chennai,2019-10-12,92.0,Satisfactory,16.34,72.77,13.05,0.56,6.25,48.3
Chennai,2019-10-13,89.0,Satisfactory,14.93,34.46,12.82,0.67,6.08,52.17
Chennai,2019-10-14,86.0,Satisfactory,21.14,60.99,10.65,0.61,5.94,48.79
Chennai,2019-10-15,75.0,Satisfactory,20.33,42.85,14.28,0.68,5.98,42.02
Chennai,2019-10-16,64.0,Satisfactory,17.58,27.06,13.95,0.68,6.39,31.95
Chennai,2019-10-17,61.0,Satisfactory,30.95,31.76,14.72,0.81,6.92,29.34
Chennai,2019-10-18,80.0,Satisfactory,32.0,36.8,13.39,0.77,5.46,30.63
Chennai,2019-10-19,75.0,Satisfactory,31.76,36.51,16.52,0.6,5.72,29.19
Chennai,2019-10-20,73.0,Satisfactory,35.03,50.72,15.91,0.87,5.7,32.64
Chennai,2019-10-21,71.0,Satisfactory,26.55,26.19,14.07,0.85,6.7,27.49
Chennai,2019-10-22,69.0,Satisfactory,28.47,28.65,15.97,0.85,5.56,28.67
Chennai,2019-10-23,81.0,Satisfactory,40.0,47.83,13.91,0.9,5.86,36.29
Chennai,2019-10-24,67.0,Satisfactory,35.34,61.61,22.06,0.92,8.83,33.34
Chennai,2019-10-25,86.0,Satisfactory,46.48,75.12,29.32,0.95,8.14,32.03
Chennai,2019-10-26,121.0,Moderate,95.49,111.38,17.79,0.73,9.38,30.06
Chennai,2019-10-27,306.0,Very Poor,153.73,196.29,18.36,1.34,13.94,32.75
Chennai,2019-10-28,208.0,Poor,54.13,72.84,26.17,1.42,12.81,27.69
Chennai,2019-10-29,83.0,Satisfactory,31.22,46.07,33.68,0.8,8.58,33.76
Chennai,2019-10-30,84.0,Satisfactory,34.65,32.13,28.92,0.78,7.21,28.51
Chennai,2019-10-31,141.0,Moderate,87.99,56.38,27.43,0.99,6.61,30.92
Chennai,2019-11-01,133.0,Moderate,40.78,56.24,22.47,1.04,7.58,29.3
Chennai,2019-11-02,76.0,Satisfactory,34.45,70.97,15.48,0.71,6.82,30.83
Chennai,2019-11-03,91.0,Satisfactory,70.95,105.95,16.78,0.87,6.92,36.51
Chennai,2019-11-04,222.0,Poor,115.35,241.6,19.41,0.98,8.77,44.21
Chennai,2019-11-05,261.0,Poor,98.83,181.03,19.12,1.08,8.17,46.2
Chennai,2019-11-06,229.0,Poor,105.94,183.42,18.98,1.09,7.9,45.94
Chennai,2019-11-07,273.0,Poor,121.43,201.76,18.15,1.04,7.08,47.64
Chennai,2019-11-08,294.0,Poor,142.9,196.37,17.94,0.96,7.75,55.69
Chennai,2019-11-09,253.0,Poor,96.8,172.27,13.83,0.86,5.4,53.69
Chennai,2019-11-10,230.0,Poor,93.13,198.2,13.01,0.98,5.46,53.81
Chennai,2019-11-11,192.0,Moderate,61.45,104.29,14.86,0.82,8.85,43.01
Chennai,2019-11-12,77.0,Satisfactory,31.32,71.74,15.61,0.54,8.42,31.9
Chennai,2019-11-13,76.0,Satisfactory,37.23,109.85,13.89,0.52,7.38,41.66
Chennai,2019-11-14,92.0,Satisfactory,19.18,66.95,11.17,0.47,6.06,43.38
Chennai,2019-11-15,84.0,Satisfactory,21.99,52.7,15.3,0.52,7.39,38.96
Chennai,2019-11-16,57.0,Satisfactory,44.91,80.85,14.58,0.54,5.87,38.12
Chennai,2019-11-17,122.0,Moderate,56.9,154.66,14.19,0.53,6.7,51.76
Chennai,2019-11-18,90.0,Satisfactory,26.91,125.72,11.86,0.46,4.97,29.15
Chennai,2019-11-19,63.0,Satisfactory,28.52,37.66,11.17,0.55,4.67,28.85
Chennai,2019-11-20,47.0,Good,20.95,34.1,10.0,0.46,5.58,22.78
Chennai,2019-11-21,56.0,Satisfactory,33.55,70.14,10.78,0.47,8.18,27.28
Chennai,2019-11-22,60.0,Satisfactory,31.16,50.45,10.19,0.46,7.89,27.26
Chennai,2019-11-23,64.0,Satisfactory,46.05,59.79,15.6,0.47,8.55,23.1
Chennai,2019-11-24,110.0,Moderate,59.64,65.54,12.43,0.49,7.4,33.32
Chennai,2019-11-25,86.0,Satisfactory,44.81,63.09,12.6,0.47,5.42,31.05
Chennai,2019-11-26,77.0,Satisfactory,53.33,84.65,21.97,0.52,8.19,33.72
Chennai,2019-11-27,80.0,Satisfactory,37.8,80.2,12.54,0.53,10.19,39.18
Chennai,2019-11-28,63.0,Satisfactory,30.56,62.56,20.28,0.52,7.09,32.91
Chennai,2019-11-29,53.0,Satisfactory,21.08,54.48,10.09,0.45,9.47,27.3
Chennai,2019-11-30,48.0,Good,18.45,62.97,12.09,0.38,6.84,31.58
Chennai,2019-12-01,60.0,Satisfactory,17.79,52.26,12.66,0.47,6.93,33.27
Chennai,2019-12-02,49.0,Good,21.17,41.24,11.51,0.44,8.1,23.57
Chennai,2019-12-03,56.0,Satisfactory,36.17,82.52,12.03,0.54,5.45,26.08
Chennai,2019-12-04,71.0,Satisfactory,37.56,87.09,11.2,0.52,7.67,34.43
Chennai,2019-12-05,93.0,Satisfactory,62.41,78.57,11.1,0.44,7.47,33.57
Chennai,2019-12-06,107.0,Moderate,53.68,89.09,13.29,0.55,7.21,33.97
Chennai,2019-12-07,76.0,Satisfactory,34.82,35.98,15.86,0.91,6.22,20.01
Chennai,2019-12-08,69.0,Satisfactory,35.41,44.05,21.19,0.93,5.71,20.11
Chennai,2019-12-09,61.0,Satisfactory,27.57,42.96,26.96,0.71,7.03,19.98
Chennai,2019-12-10,56.0,Satisfactory,37.72,105.95,19.62,0.6,7.23,20.15
Chennai,2019-12-11,72.0,Satisfactory,36.55,27.38,23.21,0.73,6.47,24.04
Chennai,2019-12-12,62.0,Satisfactory,27.78,38.29,16.54,0.54,6.08,24.0
Chennai,2019-12-13,52.0,Satisfactory,34.16,42.32,18.49,0.56,10.79,22.78
Chennai,2019-12-14,68.0,Satisfactory,40.78,52.46,21.13,0.72,13.79,22.61
Chennai,2019-12-15,70.0,Satisfactory,35.6,44.1,19.49,0.64,7.5,26.83
Chennai,2019-12-16,59.0,Satisfactory,31.23,31.47,18.27,0.7,8.23,26.19
Chennai,2019-12-17,62.0,Satisfactory,44.04,56.34,17.87,0.53,6.74,35.26
Chennai,2019-12-18,92.0,Satisfactory,48.07,49.98,17.69,0.52,8.7,29.67
Chennai,2019-12-19,83.0,Satisfactory,52.28,67.54,16.88,0.53,8.95,33.87
Chennai,2019-12-20,106.0,Moderate,65.45,84.77,16.87,0.66,8.04,36.82
Chennai,2019-12-21,126.0,Moderate,72.57,79.66,18.47,0.69,13.49,33.86
Chennai,2019-12-22,134.0,Moderate,57.74,59.56,16.14,0.6,17.17,38.89
Chennai,2019-12-23,92.0,Satisfactory,52.75,60.37,19.05,0.69,7.07,32.21
Chennai,2019-12-24,99.0,Satisfactory,53.51,84.11,19.46,0.6,7.88,28.38
Chennai,2019-12-25,99.0,Satisfactory,54.37,73.9,19.74,0.75,9.79,33.18
Chennai,2019-12-26,110.0,Moderate,58.43,74.13,20.28,0.72,18.7,27.5
Chennai,2019-12-27,77.0,Satisfactory,31.88,59.15,17.66,0.54,13.18,24.11
Chennai,2019-12-28,65.0,Satisfactory,36.94,63.7,20.27,0.65,11.45,28.28
Chennai,2019-12-29,92.0,Satisfactory,52.48,69.8,14.61,0.62,8.48,33.22
Chennai,2019-12-30,83.0,Satisfactory,38.74,46.37,14.2,0.57,10.6,35.08
Chennai,2019-12-31,84.0,Satisfactory,45.49,66.8,15.44,0.61,13.03,36.95
Chennai,2020-01-01,70.0,Satisfactory,28.25,40.44,12.66,0.65,12.44,24.79
Chennai,2020-01-02,57.0,Satisfactory,27.59,23.01,11.47,0.76,7.0,21.31
Chennai,2020-01-03,74.0,Satisfactory,32.16,36.63,10.95,0.97,10.2,25.52
Chennai,2020-01-04,64.0,Satisfactory,30.49,44.9,11.49,0.87,8.4,28.4
Chennai,2020-01-05,62.0,Satisfactory,23.37,30.76,8.69,0.77,7.45,30.88
Chennai,2020-01-06,61.0,Satisfactory,19.45,25.87,10.41,0.83,8.12,25.0
Chennai,2020-01-07,55.0,Satisfactory,33.54,40.38,12.16,0.55,19.3,28.97
Chennai,2020-01-08,73.0,Satisfactory,42.22,61.8,17.3,0.55,21.18,29.73
Chennai,2020-01-09,79.0,Satisfactory,42.16,75.24,17.47,0.78,17.91,27.67
Chennai,2020-01-10,74.0,Satisfactory,40.76,69.94,17.3,0.77,9.65,28.3
Chennai,2020-01-11,72.0,Satisfactory,39.81,71.75,18.69,0.79,10.03,27.22
Chennai,2020-01-12,83.0,Satisfactory,58.38,73.51,14.35,0.85,8.13,32.45
Chennai,2020-01-13,140.0,Moderate,74.12,122.43,16.68,0.88,17.51,33.52
Chennai,2020-01-14,230.0,Poor,122.88,168.34,20.24,1.1,23.68,35.37
Chennai,2020-01-15,168.0,Moderate,48.06,66.92,13.76,0.65,17.7,33.57
Chennai,2020-01-16,74.0,Satisfactory,34.09,44.39,12.32,0.65,19.88,33.34
Chennai,2020-01-17,62.0,Satisfactory,35.33,53.18,11.1,0.7,22.76,26.76
Chennai,2020-01-18,65.0,Satisfactory,28.67,28.47,10.68,0.84,27.29,29.02
Chennai,2020-01-19,67.0,Satisfactory,31.17,33.25,17.08,0.78,23.09,26.29
Chennai,2020-01-20,69.0,Satisfactory,37.66,53.48,23.7,0.88,17.54,26.38
Chennai,2020-01-21,85.0,Satisfactory,44.91,60.17,22.62,0.8,18.22,31.09
Chennai,2020-01-22,93.0,Satisfactory,47.95,64.49,20.03,0.89,12.25,34.26
Chennai,2020-01-23,104.0,Moderate,59.95,85.4,16.9,0.87,17.79,34.64
Chennai,2020-01-24,123.0,Moderate,62.34,112.61,24.68,0.97,19.6,32.88
Chennai,2020-01-25,110.0,Moderate,50.48,95.63,20.2,0.9,14.06,34.13
Chennai,2020-01-26,87.0,Satisfactory,41.74,86.84,16.43,0.9,10.3,33.78
Chennai,2020-01-27,78.0,Satisfactory,47.26,79.24,18.37,1.08,8.09,31.54
Chennai,2020-01-28,85.0,Satisfactory,53.66,69.03,17.4,1.11,8.18,33.41
Chennai,2020-01-29,84.0,Satisfactory,52.29,65.93,14.74,1.02,8.01,26.05
Chennai,2020-01-30,87.0,Satisfactory,43.82,59.48,14.87,0.94,7.71,21.78
Chennai,2020-01-31,78.0,Satisfactory,36.56,53.23,14.02,1.09,9.02,32.79
Chennai,2020-02-01,63.0,Satisfactory,32.4,50.04,13.12,0.86,9.86,28.75
Chennai,2020-02-02,55.0,Satisfactory,30.58,38.29,12.12,0.77,15.74,23.73
Chennai,2020-02-03,63.0,Satisfactory,37.52,57.78,13.74,0.88,16.44,20.76
Chennai,2020-02-04,74.0,Satisfactory,39.6,65.6,10.92,0.88,16.41,26.69
Chennai,2020-02-05,94.0,Satisfactory,39.93,59.04,13.26,0.84,12.91,30.7
Chennai,2020-02-06,89.0,Satisfactory,40.05,56.19,19.32,0.91,8.57,33.97
Chennai,2020-02-07,75.0,Satisfactory,36.32,55.83,14.12,0.78,8.19,27.6
Chennai,2020-02-08,64.0,Satisfactory,28.45,49.06,10.61,0.77,8.97,29.24
Chennai,2020-02-09,61.0,Satisfactory,28.1,43.78,8.77,0.8,13.16,31.94
Chennai,2020-02-10,58.0,Satisfactory,35.41,61.47,10.09,0.73,9.11,34.11
Chennai,2020-02-11,69.0,Satisfactory,29.12,67.85,19.96,0.84,10.31,28.62
Chennai,2020-02-12,81.0,Satisfactory,32.17,78.26,22.0,0.86,10.75,30.14
Chennai,2020-02-13,93.0,Satisfactory,49.48,98.17,18.01,0.93,17.74,23.31
Chennai,2020-02-14,118.0,Moderate,56.85,102.04,17.3,1.02,18.01,37.77
Chennai,2020-02-15,121.0,Moderate,54.82,84.0,17.74,0.9,13.03,31.92
Chennai,2020-02-16,82.0,Satisfactory,35.13,53.43,12.71,0.78,13.14,21.95
Chennai,2020-02-17,72.0,Satisfactory,34.25,64.36,13.64,0.77,13.37,18.31
Chennai,2020-02-18,85.0,Satisfactory,41.49,79.79,18.11,0.96,9.15,24.7
Chennai,2020-02-19,84.0,Satisfactory,42.95,94.21,14.71,0.77,15.05,24.71
Chennai,2020-02-20,77.0,Satisfactory,35.52,69.95,14.09,0.67,19.39,27.14
Chennai,2020-02-21,75.0,Satisfactory,38.88,125.87,19.91,0.83,8.47,16.21
Chennai,2020-02-22,76.0,Satisfactory,29.2,51.45,8.63,0.86,8.51,20.66
Chennai,2020-02-23,65.0,Satisfactory,28.75,53.6,8.88,0.72,18.19,26.85
Chennai,2020-02-24,77.0,Satisfactory,31.07,73.54,10.95,0.97,11.57,23.61
Chennai,2020-02-25,81.0,Satisfactory,33.9,56.99,12.69,0.9,11.02,28.52
Chennai,2020-02-26,84.0,Satisfactory,39.25,63.4,8.88,0.58,7.63,39.14
Chennai,2020-02-27,83.0,Satisfactory,42.97,72.05,8.7,0.67,8.79,31.47
Chennai,2020-02-28,75.0,Satisfactory,33.08,49.17,11.08,0.77,16.07,36.16
Chennai,2020-02-29,72.0,Satisfactory,36.15,84.54,14.62,0.69,19.12,38.15
Chennai,2020-03-01,80.0,Satisfactory,35.99,43.7,9.2,0.55,11.18,50.11
Chennai,2020-03-02,76.0,Satisfactory,43.6,64.94,13.01,0.66,18.07,26.4
Chennai,2020-03-03,96.0,Satisfactory,42.16,94.26,16.26,0.64,17.71,43.88
Chennai,2020-03-04,84.0,Satisfactory,33.29,66.83,15.71,0.7,6.97,34.39
Chennai,2020-03-05,77.0,Satisfactory,26.69,29.86,14.04,0.74,6.12,20.27
Chennai,2020-03-06,61.0,Satisfactory,24.95,25.63,9.72,0.75,6.52,21.65
Chennai,2020-03-07,69.0,Satisfactory,30.94,27.06,10.66,0.65,4.53,24.05
Chennai,2020-03-08,57.0,Satisfactory,21.85,25.97,6.21,0.62,6.52,21.36
Chennai,2020-03-09,65.0,Satisfactory,25.93,34.85,8.54,0.71,5.87,20.12
Chennai,2020-03-10,61.0,Satisfactory,27.37,41.72,10.56,0.55,5.51,27.37
Chennai,2020-03-11,76.0,Satisfactory,16.69,38.14,7.98,0.63,8.56,34.46
Chennai,2020-03-12,65.0,Satisfactory,24.94,41.38,8.75,0.74,5.64,29.98
Chennai,2020-03-13,72.0,Satisfactory,35.65,33.31,16.97,0.96,5.6,21.73
Chennai,2020-03-14,74.0,Satisfactory,39.29,46.44,15.67,0.7,13.21,21.6
Chennai,2020-03-15,79.0,Satisfactory,38.48,51.07,10.34,0.55,14.94,30.14
Chennai,2020-03-16,66.0,Satisfactory,33.26,5.29,10.44,0.86,19.01,21.02
Chennai,2020-03-17,76.0,Satisfactory,41.56,123.82,9.17,0.86,7.6,30.61
Chennai,2020-03-18,92.0,Satisfactory,39.41,4.94,8.1,0.87,5.75,49.4
Chennai,2020-03-19,88.0,Satisfactory,44.73,6.39,10.09,0.87,5.81,40.15
Chennai,2020-03-20,95.0,Satisfactory,32.68,4.82,8.56,0.91,5.55,31.17
Chennai,2020-03-21,80.0,Satisfactory,29.1,1.8,8.49,0.97,5.84,45.38
Chennai,2020-03-22,71.0,Satisfactory,39.42,105.95,5.39,0.85,4.84,46.53
Chennai,2020-03-23,73.0,Satisfactory,31.91,0.21,7.85,0.94,5.93,31.28
Chennai,2020-03-24,57.0,Satisfactory,24.22,6.07,6.91,0.61,5.83,35.18
Chennai,2020-03-25,58.0,Satisfactory,22.43,1.63,4.38,0.65,5.04,37.16
Chennai,2020-03-26,54.0,Satisfactory,31.57,4.06,7.22,0.55,6.3,36.81
Chennai,2020-03-27,59.0,Satisfactory,27.6,0.62,4.85,0.51,5.09,33.97
Chennai,2020-03-28,55.0,Satisfactory,34.81,1.55,4.91,0.56,4.41,16.33
Chennai,2020-03-29,53.0,Satisfactory,26.79,111.83,7.21,0.52,6.88,34.65
Chennai,2020-03-30,50.0,Good,29.31,162.67,9.78,0.52,5.79,33.94
Chennai,2020-03-31,60.0,Satisfactory,31.56,185.25,8.57,0.51,6.26,35.24
Chennai,2020-04-01,75.0,Satisfactory,32.94,3.73,10.39,0.62,5.54,36.35
Chennai,2020-04-02,74.0,Satisfactory,31.17,170.09,8.54,0.61,4.94,37.84
Chennai,2020-04-03,72.0,Satisfactory,24.81,183.34,7.25,0.59,5.22,38.03
Chennai,2020-04-04,67.0,Satisfactory,20.77,291.75,7.11,0.58,4.61,38.31
Chennai,2020-04-05,66.0,Satisfactory,21.59,177.96,7.27,0.55,4.96,37.64
Chennai,2020-04-06,57.0,Satisfactory,14.27,119.96,9.43,0.61,4.12,32.83
Chennai,2020-04-07,55.0,Satisfactory,11.9,151.3,9.57,0.59,4.57,30.45
Chennai,2020-04-08,55.0,Satisfactory,14.77,288.68,7.9,0.57,4.13,34.11
Chennai,2020-04-09,55.0,Satisfactory,14.71,180.01,12.74,0.57,4.78,32.83
Chennai,2020-04-10,80.0,Satisfactory,41.02,105.95,12.87,0.56,7.49,37.08
Chennai,2020-04-11,60.0,Satisfactory,15.66,105.95,11.18,0.57,11.31,30.16
Chennai,2020-04-12,59.0,Satisfactory,14.86,105.95,10.38,0.65,7.11,33.51
Chennai,2020-04-13,64.0,Satisfactory,17.95,105.95,12.1,0.66,7.13,36.84
Chennai,2020-04-14,65.0,Satisfactory,17.87,105.95,9.58,0.59,5.96,41.74
Chennai,2020-04-15,62.0,Satisfactory,14.64,105.95,8.34,0.59,6.13,36.82
Chennai,2020-04-16,65.0,Satisfactory,20.3,105.95,8.1,0.61,5.2,35.94
Chennai,2020-04-17,65.0,Satisfactory,8.43,105.95,5.33,0.58,5.42,33.55
Chennai,2020-04-18,56.0,Satisfactory,8.94,105.95,7.29,0.6,5.2,33.46
Chennai,2020-04-19,59.0,Satisfactory,8.1,105.95,5.34,0.58,4.49,37.03
Chennai,2020-04-20,59.0,Satisfactory,9.71,105.95,4.08,0.55,5.2,35.57
Chennai,2020-04-21,61.0,Satisfactory,10.67,105.95,4.48,0.64,4.84,38.09
Chennai,2020-04-22,60.0,Satisfactory,12.65,105.95,8.04,0.58,4.83,36.05
Chennai,2020-04-23,56.0,Satisfactory,8.06,105.95,11.64,0.59,4.69,34.28
Chennai,2020-04-24,58.0,Satisfactory,8.08,105.95,10.61,0.66,4.44,37.53
Chennai,2020-04-25,67.0,Satisfactory,10.46,105.95,11.07,0.68,4.79,41.7
Chennai,2020-04-26,66.0,Satisfactory,10.76,105.95,12.01,0.78,6.89,34.53
Chennai,2020-04-27,60.0,Satisfactory,10.46,105.95,6.92,0.75,4.29,37.34
Chennai,2020-04-28,68.0,Satisfactory,6.55,105.95,5.65,0.7,4.57,38.1
Chennai,2020-04-29,69.0,Satisfactory,11.11,105.95,6.85,0.68,4.4,45.0
Chennai,2020-04-30,70.0,Satisfactory,10.39,105.95,11.18,0.67,4.74,42.2
Chennai,2020-05-01,71.0,Satisfactory,14.13,105.95,5.39,0.73,4.43,50.88
Chennai,2020-05-02,70.0,Satisfactory,13.08,105.95,4.25,0.7,3.96,46.97
Chennai,2020-05-03,71.0,Satisfactory,11.67,105.95,3.73,0.75,4.47,45.9
Chennai,2020-05-04,66.0,Satisfactory,7.03,105.95,4.1,0.7,4.61,41.28
Chennai,2020-05-05,81.0,Satisfactory,19.68,105.95,4.13,0.75,3.61,42.79
Chennai,2020-05-06,78.0,Satisfactory,10.11,105.95,5.59,0.69,6.99,47.7
Chennai,2020-05-07,73.0,Satisfactory,11.23,105.95,5.48,0.76,3.98,43.98
Chennai,2020-05-08,76.0,Satisfactory,11.72,105.95,5.17,0.72,4.85,48.61
Chennai,2020-05-09,65.0,Satisfactory,9.99,105.95,4.57,0.69,3.53,42.92
Chennai,2020-05-10,69.0,Satisfactory,9.64,105.95,5.09,0.72,3.92,46.44
Chennai,2020-05-11,66.0,Satisfactory,8.36,105.95,5.29,0.71,4.54,40.83
Chennai,2020-05-12,68.0,Satisfactory,8.82,105.95,5.42,0.72,4.63,45.26
Chennai,2020-05-13,69.0,Satisfactory,15.57,105.95,5.26,0.66,4.34,43.23
Chennai,2020-05-14,77.0,Satisfactory,8.72,105.95,7.32,0.7,4.55,48.56
Chennai,2020-05-15,70.0,Satisfactory,20.25,105.95,10.11,0.83,4.12,43.18
Chennai,2020-05-16,82.0,Satisfactory,28.71,105.95,5.45,0.84,4.68,38.92
Chennai,2020-05-17,68.0,Satisfactory,10.99,105.95,8.16,0.7,4.13,39.6
Chennai,2020-05-18,76.0,Satisfactory,18.49,105.95,8.74,1.06,4.49,43.39
Chennai,2020-05-19,82.0,Satisfactory,28.06,105.95,15.18,0.93,5.0,48.74
Chennai,2020-05-20,90.0,Satisfactory,30.39,105.95,14.36,1.01,3.87,46.54
Chennai,2020-05-21,92.0,Satisfactory,27.01,105.95,12.19,1.01,5.66,57.0
Chennai,2020-05-22,102.0,Moderate,23.02,105.95,11.32,0.95,6.39,60.89
Chennai,2020-05-23,77.0,Satisfactory,21.24,105.95,10.08,0.84,7.14,46.91
Chennai,2020-05-24,81.0,Satisfactory,22.78,105.95,9.37,1.12,6.79,49.94
Chennai,2020-05-25,79.0,Satisfactory,25.2,33.86,9.59,1.01,6.77,49.76
Chennai,2020-05-26,79.0,Satisfactory,27.82,311.98,8.96,1.0,6.44,41.21
Chennai,2020-05-27,77.0,Satisfactory,20.0,234.46,9.65,1.07,7.23,39.81
Chennai,2020-05-28,79.0,Satisfactory,31.03,105.95,10.58,1.12,6.1,38.64
Chennai,2020-05-29,112.0,Moderate,38.3,105.95,13.54,1.11,6.54,57.6
Chennai,2020-05-30,105.0,Moderate,33.99,105.95,9.69,0.94,5.44,62.0
Chennai,2020-05-31,88.0,Satisfactory,18.85,127.81,7.97,1.02,4.8,47.36
Chennai,2020-06-01,101.0,Moderate,36.15,346.73,10.07,1.16,7.27,49.45
Chennai,2020-06-02,95.0,Satisfactory,18.83,25.52,9.24,1.07,6.57,53.61
Chennai,2020-06-03,76.0,Satisfactory,20.61,13.84,9.41,1.01,4.04,59.22
Chennai,2020-06-04,99.0,Satisfactory,18.5,76.53,8.64,1.05,4.05,60.66
Chennai,2020-06-05,81.0,Satisfactory,18.53,27.33,9.51,1.09,5.31,55.1
Chennai,2020-06-06,92.0,Satisfactory,40.73,42.38,10.97,1.17,5.12,52.89
Chennai,2020-06-07,128.0,Moderate,20.52,142.52,12.19,1.17,5.35,56.57
Chennai,2020-06-08,85.0,Satisfactory,23.04,72.71,12.62,1.16,6.34,46.75
Chennai,2020-06-09,87.0,Satisfactory,22.43,32.25,16.08,0.96,5.45,55.54
Chennai,2020-06-10,80.0,Satisfactory,30.42,105.95,13.97,0.83,6.85,41.46
Chennai,2020-06-11,106.0,Moderate,26.37,40.69,11.45,1.21,5.45,46.53
Chennai,2020-06-12,169.0,Moderate,104.45,25.05,13.24,1.2,6.83,52.79
Chennai,2020-06-13,112.0,Moderate,20.76,35.25,11.16,1.01,5.77,51.41
Chennai,2020-06-14,80.0,Satisfactory,20.17,56.04,14.53,1.03,4.18,52.51
Chennai,2020-06-15,79.0,Satisfactory,19.34,43.22,11.06,1.17,6.57,51.3
Chennai,2020-06-16,86.0,Satisfactory,24.1,42.54,12.26,1.18,4.44,56.23
Chennai,2020-06-17,96.0,Satisfactory,32.37,43.27,15.03,1.08,7.76,53.18
Chennai,2020-06-18,112.0,Moderate,23.89,41.27,17.22,1.21,9.99,73.43
Chennai,2020-06-19,109.0,Moderate,29.8,48.4,15.56,1.05,6.45,52.41
Chennai,2020-06-20,152.0,Moderate,89.92,50.56,14.48,1.12,5.5,61.97
Chennai,2020-06-21,140.0,Moderate,26.53,55.74,13.11,1.08,5.53,59.9
Chennai,2020-06-22,106.0,Moderate,23.55,35.3,8.94,1.12,6.66,71.42
Chennai,2020-06-23,109.0,Moderate,18.95,24.27,11.11,1.13,8.1,69.77
Chennai,2020-06-24,102.0,Moderate,28.83,31.28,9.57,1.07,6.32,70.18
Chennai,2020-06-25,108.0,Moderate,23.13,35.95,10.74,1.1,7.92,69.8
Chennai,2020-06-26,95.0,Satisfactory,23.75,38.41,7.94,1.14,5.55,66.85
Chennai,2020-06-27,95.0,Satisfactory,26.42,39.3,12.96,1.1,7.29,68.51
Chennai,2020-06-28,98.0,Satisfactory,25.93,45.54,10.0,0.76,6.48,77.45
Chennai,2020-06-29,104.0,Moderate,21.3,22.21,9.69,0.96,6.62,62.57
Chennai,2020-06-30,110.0,Moderate,24.14,30.66,12.38,1.05,7.5,68.75
Chennai,2020-07-01,92.0,Satisfactory,15.95,4.85,10.72,1.02,9.23,48.37
Delhi,2015-01-01,472.0,Severe,313.22,607.98,36.39,15.2,9.25,41.68
Delhi,2015-01-02,454.0,Severe,186.18,269.55,32.87,9.54,6.65,29.97
Delhi,2015-01-03,143.0,Moderate,87.18,131.9,30.31,10.61,2.65,19.71
Delhi,2015-01-04,319.0,Very Poor,151.84,241.84,36.91,11.54,4.63,25.36
Delhi,2015-01-05,325.0,Very Poor,146.6,219.13,34.92,9.2,3.33,23.2
Delhi,2015-01-06,318.0,Very Poor,149.58,252.1,37.84,9.44,3.66,26.83
Delhi,2015-01-07,353.0,Very Poor,217.87,376.51,40.15,9.78,5.82,28.96
Delhi,2015-01-08,383.0,Very Poor,229.9,360.95,43.16,11.01,3.31,30.51
Delhi,2015-01-09,375.0,Very Poor,201.66,397.43,38.56,11.09,3.48,32.94
Delhi,2015-01-10,376.0,Very Poor,221.02,361.74,46.39,9.7,5.91,34.12
Delhi,2015-01-11,379.0,Very Poor,205.41,393.2,47.29,10.98,5.54,50.37
Delhi,2015-01-12,375.0,Very Poor,212.41,345.63,44.71,9.3,5.17,40.08
Delhi,2015-01-13,366.0,Very Poor,197.61,301.04,45.88,11.52,5.95,39.54
Delhi,2015-01-14,353.0,Very Poor,164.39,227.38,41.17,10.32,4.85,42.05
Delhi,2015-01-15,340.0,Very Poor,166.19,283.93,56.7,10.81,6.94,43.25
Delhi,2015-01-16,356.0,Very Poor,174.98,309.99,49.41,11.46,4.69,34.7
Delhi,2015-01-17,360.0,Very Poor,196.46,356.2,53.04,8.87,5.13,25.77
Delhi,2015-01-18,370.0,Very Poor,201.51,359.75,53.77,8.99,5.43,23.22
Delhi,2015-01-19,362.0,Very Poor,183.35,305.13,39.88,9.02,4.21,25.34
Delhi,2015-01-20,340.0,Very Poor,165.63,257.04,34.23,8.03,4.11,22.69
Delhi,2015-01-21,338.0,Very Poor,159.54,235.27,22.56,9.01,7.05,18.56
Delhi,2015-01-22,332.0,Very Poor,143.68,183.89,21.82,10.58,8.64,6.94
Delhi,2015-01-23,254.0,Poor,128.73,136.07,17.35,8.74,6.77,10.91
Delhi,2015-01-24,324.0,Very Poor,164.98,200.02,15.77,9.39,8.89,9.35
Delhi,2015-01-25,333.0,Very Poor,148.59,203.81,20.83,11.44,5.96,16.65
Delhi,2015-01-26,292.0,Poor,129.34,137.86,25.66,10.19,6.78,18.18
Delhi,2015-01-27,318.0,Very Poor,154.2,217.2,30.39,10.36,6.42,17.11
Delhi,2015-01-28,295.0,Poor,134.6,156.9,28.6,10.21,5.21,15.23
Delhi,2015-01-29,327.0,Very Poor,173.13,277.0,38.34,11.74,5.53,16.29
Delhi,2015-01-30,345.0,Very Poor,178.04,272.61,38.43,11.58,6.43,14.91
Delhi,2015-01-31,334.0,Very Poor,158.59,207.06,41.36,8.7,5.03,17.51
Delhi,2015-02-01,358.0,Very Poor,211.59,371.05,58.17,13.08,9.9,23.28
Delhi,2015-02-02,349.0,Very Poor,163.64,219.84,37.25,10.59,5.31,28.38
Delhi,2015-02-03,334.0,Very Poor,157.71,194.09,31.05,8.21,5.64,28.56
Delhi,2015-02-04,313.0,Very Poor,137.26,147.08,29.69,9.11,5.06,15.07
Delhi,2015-02-05,262.0,Poor,131.76,127.42,36.51,8.18,4.85,21.7
Delhi,2015-02-06,303.0,Very Poor,151.6,330.99,67.0,5.51,9.13,33.92
Delhi,2015-02-07,329.0,Very Poor,160.75,210.52,57.69,10.28,6.91,43.44
Delhi,2015-02-08,323.0,Very Poor,145.34,215.69,50.39,5.39,8.66,30.43
Delhi,2015-02-09,266.0,Poor,134.67,109.86,39.18,5.11,9.7,20.62
Delhi,2015-02-10,319.0,Very Poor,153.07,218.23,42.2,10.88,5.81,19.02
Delhi,2015-02-11,334.0,Very Poor,116.91,316.14,53.63,12.64,7.54,27.17
Delhi,2015-02-12,342.0,Very Poor,177.98,394.97,42.73,13.75,9.2,25.58
Delhi,2015-02-13,341.0,Very Poor,167.01,328.43,44.61,11.26,7.77,27.62
Delhi,2015-02-14,377.0,Very Poor,193.96,412.46,53.81,11.73,9.36,34.22
Delhi,2015-02-15,391.0,Very Poor,184.06,497.37,58.15,13.78,9.13,40.91
Delhi,2015-02-16,358.0,Very Poor,152.62,310.74,44.22,11.55,6.79,34.36
Delhi,2015-02-17,327.0,Very Poor,161.27,195.78,25.4,10.3,5.6,41.62
Delhi,2015-02-18,365.0,Very Poor,188.2,253.53,60.29,16.23,8.65,36.54
Delhi,2015-02-19,352.0,Very Poor,159.97,193.78,40.51,13.11,5.08,31.88
Delhi,2015-02-20,317.0,Very Poor,144.12,162.2,34.71,11.45,5.93,31.61
Delhi,2015-02-21,320.0,Very Poor,155.38,191.03,45.11,14.21,12.24,30.11
Delhi,2015-02-22,279.0,Poor,124.1,107.61,31.83,9.73,5.68,27.19
Delhi,2015-02-23,281.0,Poor,141.39,157.01,38.23,9.29,9.43,36.86
Delhi,2015-02-24,354.0,Very Poor,170.16,238.33,48.4,14.17,9.28,37.39
Delhi,2015-02-25,340.0,Very Poor,148.19,169.57,29.28,14.13,5.94,31.57
Delhi,2015-02-26,323.0,Very Poor,140.78,171.64,20.95,13.61,6.98,28.72
Delhi,2015-02-27,315.0,Very Poor,130.42,163.67,24.75,12.78,12.12,34.08
Delhi,2015-02-28,310.0,Very Poor,105.86,169.28,20.65,11.8,12.48,41.38
Delhi,2015-03-01,324.0,Very Poor,71.83,98.89,21.42,11.62,10.99,22.51
Delhi,2015-03-02,226.0,Poor,53.71,60.15,13.43,10.19,3.21,22.08
Delhi,2015-03-03,266.0,Poor,83.49,112.1,23.75,11.72,5.07,20.83
Delhi,2015-03-04,200.0,Moderate,91.07,139.15,24.28,10.64,4.68,25.83
Delhi,2015-03-05,275.0,Poor,106.57,196.19,31.12,9.36,5.97,32.88
Delhi,2015-03-06,322.0,Very Poor,101.75,163.14,26.59,10.55,5.96,33.67
Delhi,2015-03-07,216.0,Poor,77.57,90.54,19.15,9.48,5.18,23.09
Delhi,2015-03-08,108.0,Moderate,63.24,80.2,20.35,8.19,3.98,20.71
Delhi,2015-03-09,197.0,Moderate,76.62,117.38,18.21,9.02,4.2,22.85
Delhi,2015-03-10,238.0,Poor,86.7,150.92,18.82,7.98,3.84,25.87
Delhi,2015-03-11,274.0,Poor,104.29,176.2,25.63,10.76,6.3,29.62
Delhi,2015-03-12,315.0,Very Poor,115.93,203.75,32.29,11.3,7.03,35.05
Delhi,2015-03-13,307.0,Very Poor,108.66,173.89,30.75,10.23,10.65,34.05
Delhi,2015-03-14,208.0,Poor,67.94,105.29,29.78,9.18,10.14,23.39
Delhi,2015-03-15,165.0,Moderate,38.89,46.68,17.76,8.23,4.25,22.0
Delhi,2015-03-16,188.0,Moderate,45.39,74.14,17.14,7.87,8.8,25.55
Delhi,2015-03-17,217.0,Poor,55.55,104.33,20.96,10.45,7.19,23.11
Delhi,2015-03-18,191.0,Moderate,50.59,95.56,16.6,7.83,3.6,27.5
Delhi,2015-03-19,240.0,Poor,69.51,136.67,23.77,7.89,4.97,27.07
Delhi,2015-03-20,229.0,Poor,96.62,168.0,29.04,9.59,6.66,29.01
Delhi,2015-03-21,248.0,Poor,96.28,172.91,29.21,8.82,7.31,25.97
Delhi,2015-03-22,204.0,Poor,72.2,122.12,20.27,8.5,4.4,25.48
Delhi,2015-03-23,271.0,Poor,78.47,131.42,23.04,8.6,4.07,27.1
Delhi,2015-03-24,290.0,Poor,91.87,179.36,30.01,10.1,7.35,34.78
Delhi,2015-03-25,340.0,Very Poor,107.26,201.08,33.82,11.69,11.82,45.78
Delhi,2015-03-26,358.0,Very Poor,109.78,217.9,33.02,12.67,9.3,40.0
Delhi,2015-03-27,287.0,Poor,62.27,117.81,24.76,9.29,10.91,31.08
Delhi,2015-03-28,323.0,Very Poor,102.22,212.96,29.41,10.47,17.16,40.23
Delhi,2015-03-29,360.0,Very Poor,104.36,202.01,33.86,14.42,16.92,32.84
Delhi,2015-03-30,268.0,Poor,44.19,57.0,17.6,9.58,7.75,26.81
Delhi,2015-03-31,283.0,Poor,55.66,78.64,20.13,9.56,9.34,34.15
Delhi,2015-04-01,309.0,Very Poor,112.86,167.6,32.71,10.15,19.48,38.45
Delhi,2015-04-02,249.0,Poor,78.51,112.78,20.54,6.72,14.37,35.54
Delhi,2015-04-03,245.0,Poor,66.52,76.05,18.47,8.24,10.62,24.85
Delhi,2015-04-04,229.0,Poor,62.56,86.11,24.96,5.52,12.94,27.98
Delhi,2015-04-05,234.0,Poor,78.61,145.1,27.75,7.97,16.72,40.79
Delhi,2015-04-06,343.0,Very Poor,119.7,195.47,32.83,11.01,16.63,30.32
Delhi,2015-04-07,262.0,Poor,66.09,95.81,24.47,7.29,8.34,43.23
Delhi,2015-04-08,308.0,Very Poor,95.34,120.2,34.72,9.28,17.99,61.68
Delhi,2015-04-09,293.0,Poor,63.57,148.17,35.15,6.57,10.48,35.18
Delhi,2015-04-10,290.0,Poor,96.56,203.67,52.77,4.63,15.8,59.88
Delhi,2015-04-11,375.0,Very Poor,131.39,234.65,59.52,5.84,21.5,73.72
Delhi,2015-04-12,293.0,Poor,75.35,91.73,45.3,7.73,13.08,49.21
Delhi,2015-04-13,247.0,Poor,86.49,116.62,50.3,3.67,14.99,62.52
Delhi,2015-04-14,232.0,Poor,77.07,132.68,42.65,6.85,14.04,55.44
Delhi,2015-04-15,316.0,Very Poor,98.79,161.43,47.41,11.65,13.75,31.14
Delhi,2015-04-16,295.0,Poor,81.81,164.56,44.06,5.94,21.44,59.29
Delhi,2015-04-17,246.0,Poor,65.78,180.67,40.09,7.38,14.34,54.47
Delhi,2015-04-18,378.0,Very Poor,119.82,268.65,51.11,8.21,17.21,65.72
Delhi,2015-04-19,406.0,Severe,125.53,308.82,64.73,8.84,18.02,65.08
Delhi,2015-04-20,392.0,Very Poor,121.51,336.63,60.41,6.75,20.98,87.04
Delhi,2015-04-21,391.0,Very Poor,114.5,327.81,50.7,6.84,19.38,74.49
Delhi,2015-04-22,368.0,Very Poor,101.83,279.41,55.27,7.36,19.29,69.41
Delhi,2015-04-23,365.0,Very Poor,118.57,273.68,76.46,6.58,21.81,76.14
Delhi,2015-04-24,383.0,Very Poor,143.22,313.53,88.61,6.42,26.89,89.42
Delhi,2015-04-25,367.0,Very Poor,106.76,318.88,58.87,6.75,17.56,93.54
Delhi,2015-04-26,334.0,Very Poor,65.36,160.3,31.23,8.44,12.67,77.43
Delhi,2015-04-27,258.0,Poor,67.08,174.5,35.54,4.76,11.92,70.74
Delhi,2015-04-28,234.0,Poor,81.37,141.25,34.88,4.67,13.97,70.42
Delhi,2015-04-29,257.0,Poor,63.76,131.56,42.98,7.16,13.98,61.86
Delhi,2015-04-30,259.0,Poor,60.56,171.42,43.9,7.33,12.85,60.18
Delhi,2015-05-01,279.0,Poor,76.1,192.81,42.99,7.63,13.1,53.16
Delhi,2015-05-02,312.0,Very Poor,72.66,206.1,62.09,9.46,16.16,43.06
Delhi,2015-05-03,372.0,Very Poor,121.94,334.02,83.3,11.95,19.43,41.71
Delhi,2015-05-04,387.0,Very Poor,108.98,326.71,85.5,8.08,17.53,37.7
Delhi,2015-05-05,408.0,Severe,145.99,366.85,107.85,6.65,26.0,50.27
Delhi,2015-05-06,398.0,Very Poor,171.33,346.98,87.88,7.1,25.26,92.66
Delhi,2015-05-07,403.0,Severe,117.76,343.12,63.18,9.64,24.63,75.6
Delhi,2015-05-08,361.0,Very Poor,90.66,305.38,56.54,6.65,20.79,74.84
Delhi,2015-05-09,378.0,Very Poor,106.4,285.38,63.57,9.35,18.15,76.38
Delhi,2015-05-10,381.0,Very Poor,101.21,283.47,57.51,10.6,16.92,67.97
Delhi,2015-05-11,388.0,Very Poor,97.57,336.82,42.7,8.79,15.11,87.93
Delhi,2015-05-12,346.0,Very Poor,96.34,293.26,43.04,6.27,10.84,83.43
Delhi,2015-05-13,328.0,Very Poor,83.42,174.52,48.61,8.14,9.08,55.62
Delhi,2015-05-14,291.0,Poor,78.06,196.08,42.22,7.24,10.42,57.1
Delhi,2015-05-15,396.0,Very Poor,97.87,240.34,63.55,10.81,15.02,77.87
Delhi,2015-05-16,297.0,Poor,77.52,186.28,75.5,6.17,15.03,73.24
Delhi,2015-05-17,345.0,Very Poor,97.16,188.39,57.63,8.4,20.15,70.29
Delhi,2015-05-18,296.0,Poor,66.85,172.35,47.64,7.46,15.04,79.02
Delhi,2015-05-19,319.0,Very Poor,89.85,240.31,75.47,8.04,14.58,79.55
Delhi,2015-05-20,282.0,Poor,67.41,176.25,52.69,6.11,20.3,57.17
Delhi,2015-05-21,352.0,Very Poor,75.54,335.13,53.03,8.25,14.85,42.61
Delhi,2015-05-22,338.0,Very Poor,67.91,235.99,56.84,8.32,14.77,64.34
Delhi,2015-05-23,321.0,Very Poor,69.02,313.73,52.79,7.06,10.73,66.63
Delhi,2015-05-24,295.0,Poor,79.1,251.52,56.29,8.56,18.96,60.08
Delhi,2015-05-25,344.0,Very Poor,117.27,340.66,60.65,7.66,11.78,95.72
Delhi,2015-05-26,337.0,Very Poor,96.09,311.08,51.77,5.25,9.9,79.4
Delhi,2015-05-27,355.0,Very Poor,84.71,231.35,70.43,8.54,17.48,80.71
Delhi,2015-05-28,371.0,Very Poor,182.76,436.17,72.67,6.89,14.33,83.33
Delhi,2015-05-29,414.0,Severe,106.61,275.6,64.94,8.48,12.9,76.1
Delhi,2015-05-30,366.0,Very Poor,92.68,239.12,65.26,7.59,17.68,69.95
Delhi,2015-05-31,346.0,Very Poor,73.62,236.8,41.86,7.12,13.08,87.47
Delhi,2015-06-01,289.0,Poor,49.42,175.39,48.55,5.03,9.96,72.89
Delhi,2015-06-02,297.0,Poor,52.51,117.86,54.29,6.67,6.73,56.2
Delhi,2015-06-03,268.0,Poor,65.28,137.7,65.25,4.98,6.31,41.92
Delhi,2015-06-04,259.0,Poor,85.45,170.55,62.38,3.83,5.53,63.0
Delhi,2015-06-05,327.0,Very Poor,83.02,241.67,62.63,11.36,4.12,52.03
Delhi,2015-06-06,384.0,Very Poor,44.54,119.29,46.37,11.94,7.37,37.09
Delhi,2015-06-07,299.0,Poor,85.03,186.2,77.07,3.51,9.53,88.63
Delhi,2015-06-08,282.0,Poor,137.7,269.3,109.34,1.56,10.44,86.2
Delhi,2015-06-09,442.0,Severe,136.05,393.7,76.88,1.38,8.84,58.0
Delhi,2015-06-10,309.0,Very Poor,63.77,166.31,31.27,2.58,5.91,56.84
Delhi,2015-06-11,270.0,Poor,115.57,259.73,32.99,1.24,6.02,138.5
Delhi,2015-06-12,239.0,Poor,83.29,180.06,36.36,1.19,5.52,68.6
Delhi,2015-06-13,214.0,Poor,73.7,158.24,52.9,1.36,5.34,53.02
Delhi,2015-06-14,166.0,Moderate,74.56,121.44,68.76,1.35,5.33,60.88
Delhi,2015-06-15,234.0,Poor,106.11,206.42,72.79,1.62,6.3,86.86
Delhi,2015-06-16,331.0,Very Poor,132.21,282.05,81.57,1.73,6.16,82.42
Delhi,2015-06-17,327.0,Very Poor,123.56,271.79,70.96,1.57,6.95,74.01
Delhi,2015-06-18,313.0,Very Poor,132.21,268.84,94.25,1.82,9.31,87.24
Delhi,2015-06-19,284.0,Poor,110.65,216.46,65.21,1.38,7.8,76.58
Delhi,2015-06-20,239.0,Poor,80.31,160.22,52.7,1.29,10.22,69.37
Delhi,2015-06-21,149.0,Moderate,59.73,82.7,50.78,1.59,6.11,52.78
Delhi,2015-06-22,172.0,Moderate,85.4,139.2,58.88,1.34,6.18,59.49
Delhi,2015-06-23,226.0,Poor,101.99,152.18,61.18,1.41,7.9,77.04
Delhi,2015-06-24,261.0,Poor,126.07,214.45,60.31,1.37,8.09,83.13
Delhi,2015-06-25,188.0,Moderate,37.59,62.38,44.72,1.25,7.67,46.7
Delhi,2015-06-26,192.0,Moderate,76.0,182.48,46.88,1.04,6.84,60.99
Delhi,2015-06-27,207.0,Poor,69.46,195.2,38.55,1.01,7.28,53.19
Delhi,2015-06-28,219.0,Poor,79.84,214.78,47.19,1.13,7.53,58.34
Delhi,2015-06-29,193.0,Moderate,48.5,96.78,38.37,1.07,7.74,52.21
Delhi,2015-06-30,170.0,Moderate,53.79,109.92,46.06,1.05,9.15,58.33
Delhi,2015-07-01,185.0,Moderate,57.99,135.43,49.64,1.06,8.88,61.42
Delhi,2015-07-02,220.0,Poor,67.12,175.9,52.45,1.12,6.86,61.7
Delhi,2015-07-03,225.0,Poor,65.25,219.31,37.09,0.99,8.91,59.66
Delhi,2015-07-04,250.0,Poor,88.75,212.16,35.54,0.98,7.24,56.61
Delhi,2015-07-05,282.0,Poor,135.92,435.2,36.89,1.17,6.42,58.36
Delhi,2015-07-06,298.0,Poor,60.27,143.86,44.07,1.1,7.91,58.07
Delhi,2015-07-07,175.0,Moderate,52.2,78.64,51.7,1.34,7.82,53.72
Delhi,2015-07-08,217.0,Poor,67.92,127.38,52.69,1.17,7.94,53.94
Delhi,2015-07-09,234.0,Poor,65.95,128.93,53.39,1.4,7.86,42.58
Delhi,2015-07-10,188.0,Moderate,47.68,95.1,46.71,1.26,8.97,35.79
Delhi,2015-07-11,253.0,Poor,29.08,41.31,51.39,7.23,8.61,54.03
Delhi,2015-07-12,198.0,Moderate,32.29,34.16,32.77,1.27,7.15,40.41
Delhi,2015-07-13,148.0,Moderate,36.68,54.36,37.71,1.3,8.11,37.7
Delhi,2015-07-14,141.0,Moderate,44.48,112.83,43.46,1.3,8.04,46.71
Delhi,2015-07-15,218.0,Poor,63.79,243.97,38.05,1.07,9.62,52.2
Delhi,2015-07-16,268.0,Poor,77.2,244.69,36.72,1.02,10.29,72.44
Delhi,2015-07-17,232.0,Poor,77.99,148.95,42.07,1.88,12.46,61.43
Delhi,2015-07-18,204.0,Poor,71.11,148.87,48.79,1.84,10.77,56.32
Delhi,2015-07-19,220.0,Poor,67.39,144.11,52.87,1.28,10.4,59.05
Delhi,2015-07-20,223.0,Poor,49.58,83.22,62.37,1.24,10.17,61.55
Delhi,2015-07-21,218.0,Poor,40.97,78.76,46.3,1.14,12.19,46.98
Delhi,2015-07-22,165.0,Moderate,38.97,85.89,41.41,2.73,20.43,44.49
Delhi,2015-07-23,155.0,Moderate,34.02,81.25,39.98,2.42,16.71,49.72
Delhi,2015-07-24,154.0,Moderate,46.13,94.49,43.99,0.98,16.01,47.11
Delhi,2015-07-25,184.0,Moderate,46.01,97.0,42.86,1.0,15.58,45.9
Delhi,2015-07-26,150.0,Moderate,29.81,86.01,30.66,0.81,15.09,40.73
Delhi,2015-07-27,125.0,Moderate,22.82,53.28,33.21,0.83,12.69,36.65
Delhi,2015-07-28,160.0,Moderate,24.69,51.98,40.25,0.74,7.61,38.49
Delhi,2015-07-29,142.0,Moderate,29.04,56.7,35.69,0.66,9.68,35.89
Delhi,2015-07-30,181.0,Moderate,25.76,47.91,32.96,1.2,9.49,26.26
Delhi,2015-07-31,196.0,Moderate,37.85,122.18,35.9,1.6,9.7,36.57
Delhi,2015-08-01,181.0,Moderate,41.32,126.33,35.14,1.08,10.8,41.27
Delhi,2015-08-02,213.0,Poor,47.81,123.24,37.96,0.82,10.27,46.38
Delhi,2015-08-03,175.0,Moderate,56.02,154.28,40.17,0.78,8.75,45.97
Delhi,2015-08-04,184.0,Moderate,54.46,136.88,46.74,1.21,9.72,56.88
Delhi,2015-08-05,228.0,Poor,59.13,117.08,52.78,1.67,10.41,54.66
Delhi,2015-08-06,214.0,Poor,65.47,126.56,52.51,1.17,10.73,60.57
Delhi,2015-08-07,254.0,Poor,64.58,154.92,48.24,1.75,10.22,68.17
Delhi,2015-08-08,258.0,Poor,70.05,149.92,50.51,2.26,7.68,62.76
Delhi,2015-08-09,244.0,Poor,55.51,105.17,39.47,1.24,5.83,45.4
Delhi,2015-08-10,209.0,Poor,82.27,140.54,45.46,1.43,6.9,61.52
Delhi,2015-08-11,283.0,Poor,77.04,137.74,49.43,2.11,6.23,62.67
Delhi,2015-08-12,223.0,Poor,52.45,87.66,45.71,1.3,6.69,55.37
Delhi,2015-08-13,205.0,Poor,61.66,116.55,52.76,1.16,9.82,80.63
Delhi,2015-08-14,252.0,Poor,65.67,159.75,50.96,1.52,10.82,69.27
Delhi,2015-08-15,198.0,Moderate,51.4,91.81,44.4,0.94,10.53,44.93
Delhi,2015-08-16,197.0,Moderate,55.71,93.33,48.39,1.06,10.46,44.79
Delhi,2015-08-17,184.0,Moderate,61.84,134.2,44.41,1.09,11.22,45.05
Delhi,2015-08-18,197.0,Moderate,60.65,126.2,56.15,1.02,12.39,48.86
Delhi,2015-08-19,140.0,Moderate,34.42,124.17,36.47,0.87,9.63,38.86
Delhi,2015-08-20,232.0,Poor,40.83,210.86,32.0,0.78,11.59,42.13
Delhi,2015-08-21,271.0,Poor,50.97,214.05,35.87,1.12,12.09,57.47
Delhi,2015-08-22,207.0,Poor,46.74,149.06,40.28,0.9,9.56,52.48
Delhi,2015-08-23,127.0,Moderate,44.67,138.12,33.76,0.78,9.53,33.94
Delhi,2015-08-24,123.0,Moderate,37.39,108.4,44.61,0.97,10.67,38.73
Delhi,2015-08-25,175.0,Moderate,52.06,222.39,39.88,0.93,9.12,44.9
Delhi,2015-08-26,245.0,Poor,57.52,236.94,37.85,1.08,9.36,40.43
Delhi,2015-08-27,248.0,Poor,61.47,237.68,40.41,1.35,10.59,56.61
Delhi,2015-08-28,247.0,Poor,77.76,206.22,50.74,1.64,11.92,64.07
Delhi,2015-08-29,292.0,Poor,68.53,260.48,49.3,1.09,11.11,65.56
Delhi,2015-08-30,266.0,Poor,57.85,230.76,39.84,1.11,10.39,62.61
Delhi,2015-08-31,288.0,Poor,51.67,220.14,32.53,0.96,12.77,60.73
Delhi,2015-09-01,210.0,Poor,73.78,230.34,27.42,1.28,10.45,61.33
Delhi,2015-09-02,298.0,Poor,97.63,318.24,29.16,1.14,10.79,72.47
Delhi,2015-09-03,315.0,Very Poor,99.5,278.36,35.31,1.17,9.82,72.94
Delhi,2015-09-04,368.0,Very Poor,97.31,284.54,41.7,1.36,14.94,71.5
Delhi,2015-09-05,266.0,Poor,76.43,201.89,29.5,1.38,16.93,56.59
Delhi,2015-09-06,174.0,Moderate,61.69,168.63,27.81,1.19,16.71,49.32
Delhi,2015-09-07,199.0,Moderate,55.19,179.42,35.49,1.04,12.97,52.24
Delhi,2015-09-08,217.0,Poor,63.79,219.51,38.36,1.07,10.92,61.95
Delhi,2015-09-09,238.0,Poor,58.48,195.05,36.2,1.02,11.57,68.21
Delhi,2015-09-10,230.0,Poor,60.29,184.78,42.1,1.06,11.53,68.49
Delhi,2015-09-11,218.0,Poor,67.35,181.99,46.81,1.13,10.98,68.81
Delhi,2015-09-12,226.0,Poor,87.55,178.57,54.45,1.22,10.51,69.36
Delhi,2015-09-13,202.0,Poor,84.57,171.76,45.36,1.21,9.91,64.05
Delhi,2015-09-14,274.0,Poor,111.58,236.34,60.71,1.51,10.43,79.29
Delhi,2015-09-15,289.0,Poor,108.78,217.16,56.31,1.37,10.4,75.63
Delhi,2015-09-16,235.0,Poor,91.18,190.99,46.44,1.15,9.27,69.61
Delhi,2015-09-17,285.0,Poor,104.85,250.21,60.96,1.4,11.68,85.86
Delhi,2015-09-18,209.0,Poor,56.19,129.11,43.3,1.22,10.85,48.8
Delhi,2015-09-19,132.0,Moderate,67.62,125.24,49.83,1.14,9.75,51.78
Delhi,2015-09-20,179.0,Moderate,64.38,141.89,62.73,1.1,9.27,58.49
Delhi,2015-09-21,136.0,Moderate,45.65,109.7,62.69,1.16,13.55,48.02
Delhi,2015-09-22,104.0,Moderate,35.75,70.38,38.78,0.95,11.57,39.83
Delhi,2015-09-23,95.0,Satisfactory,34.89,101.42,31.17,0.98,12.34,37.26
Delhi,2015-09-24,175.0,Moderate,63.06,187.9,39.16,1.21,13.26,48.78
Delhi,2015-09-25,290.0,Poor,82.39,222.71,45.09,1.5,11.8,53.1
Delhi,2015-09-26,282.0,Poor,88.08,254.8,45.96,1.63,11.17,54.87
Delhi,2015-09-27,298.0,Poor,89.75,252.06,44.13,1.49,9.76,68.69
Delhi,2015-09-28,240.0,Poor,69.57,190.18,43.41,1.25,10.38,53.82
Delhi,2015-09-29,188.0,Moderate,68.34,172.35,48.19,1.16,10.68,54.68
Delhi,2015-09-30,187.0,Moderate,61.08,155.26,42.91,1.1,9.59,52.91
Delhi,2015-10-01,230.0,Poor,85.7,205.18,54.68,1.49,11.42,60.57
Delhi,2015-10-02,286.0,Poor,97.62,220.56,52.53,1.58,9.77,64.01
Delhi,2015-10-03,266.0,Poor,103.58,293.23,54.93,1.72,11.41,47.52
Delhi,2015-10-04,369.0,Very Poor,145.97,335.82,62.84,2.26,15.08,44.92
Delhi,2015-10-05,375.0,Very Poor,180.52,347.95,75.42,3.15,17.32,45.8
Delhi,2015-10-06,411.0,Severe,151.57,355.56,65.07,2.19,11.35,42.22
Delhi,2015-10-07,383.0,Very Poor,144.04,305.35,57.05,1.73,11.15,49.32
Delhi,2015-10-08,388.0,Very Poor,148.44,291.66,58.32,1.96,12.13,66.62
Delhi,2015-10-09,351.0,Very Poor,130.22,284.27,65.15,2.5,15.27,63.16
Delhi,2015-10-10,320.0,Very Poor,147.71,287.93,61.29,2.48,13.94,58.24
Delhi,2015-10-11,296.0,Poor,111.34,246.3,51.83,2.02,12.01,62.02
Delhi,2015-10-12,312.0,Very Poor,100.7,232.58,52.92,1.98,14.75,65.55
Delhi,2015-10-13,260.0,Poor,97.67,189.31,48.92,1.89,11.84,73.28
Delhi,2015-10-14,204.0,Poor,75.81,155.25,43.47,1.61,10.89,67.89
Delhi,2015-10-15,218.0,Poor,95.24,199.77,60.8,2.13,10.84,77.91
Delhi,2015-10-16,356.0,Very Poor,148.29,301.61,68.24,2.07,11.98,84.74
Delhi,2015-10-17,388.0,Very Poor,90.66,137.89,20.29,1.62,7.56,44.21
Delhi,2015-10-18,298.0,Poor,156.71,263.15,41.09,1.63,10.14,71.1
Delhi,2015-10-19,392.0,Very Poor,170.28,312.88,61.67,2.08,16.24,92.96
Delhi,2015-10-20,428.0,Severe,198.1,336.47,74.62,2.17,16.73,101.74
Delhi,2015-10-21,384.0,Very Poor,158.04,265.39,46.9,2.98,15.64,79.5
Delhi,2015-10-22,292.0,Poor,116.98,213.49,32.96,2.6,13.27,48.74
Delhi,2015-10-23,343.0,Very Poor,143.73,289.01,67.38,2.05,21.35,69.55
Delhi,2015-10-24,383.0,Very Poor,169.22,341.7,71.38,3.07,18.2,47.92
Delhi,2015-10-25,374.0,Very Poor,147.65,281.8,56.46,1.78,13.81,65.83
Delhi,2015-10-26,263.0,Poor,101.61,214.37,47.8,1.58,20.57,85.73
Delhi,2015-10-27,334.0,Very Poor,113.2,260.46,49.25,1.74,21.2,63.88
Delhi,2015-10-28,333.0,Very Poor,112.89,254.24,43.78,2.07,18.61,71.98
Delhi,2015-10-29,262.0,Poor,95.72,183.08,57.74,1.89,24.29,73.26
Delhi,2015-10-30,236.0,Poor,108.4,156.58,42.63,2.29,18.92,60.56
Delhi,2015-10-31,340.0,Very Poor,245.97,274.06,35.11,1.74,17.66,42.32
Delhi,2015-11-01,415.0,Severe,277.53,379.38,60.17,2.41,28.58,84.99
Delhi,2015-11-02,420.0,Severe,232.4,361.0,68.4,2.05,31.66,136.67
Delhi,2015-11-03,407.0,Severe,244.78,385.66,82.74,2.09,29.19,99.91
Delhi,2015-11-04,454.0,Severe,293.49,401.49,87.47,2.54,31.58,114.43
Delhi,2015-11-05,388.0,Very Poor,161.78,234.94,63.78,1.76,21.21,75.71
Delhi,2015-11-06,276.0,Poor,153.33,260.04,58.13,2.56,20.9,69.95
Delhi,2015-11-07,483.0,Severe,353.86,496.61,86.59,2.76,19.96,107.69
Delhi,2015-11-08,451.0,Severe,217.55,356.92,75.98,2.84,31.77,103.4
Delhi,2015-11-09,378.0,Very Poor,201.44,364.2,79.2,2.01,40.75,108.12
Delhi,2015-11-10,439.0,Severe,249.95,452.96,84.89,2.64,33.72,115.45
Delhi,2015-11-11,431.0,Severe,219.68,408.52,55.72,1.5,25.96,89.58
Delhi,2015-11-12,421.0,Severe,258.48,398.16,54.69,1.84,28.58,75.26
Delhi,2015-11-13,454.0,Severe,291.66,469.38,61.66,1.75,21.15,101.14
Delhi,2015-11-14,450.0,Severe,221.68,377.4,60.05,1.72,21.27,90.08
Delhi,2015-11-15,367.0,Very Poor,214.24,342.13,83.62,2.1,22.68,101.15
Delhi,2015-11-16,383.0,Very Poor,184.02,323.56,85.03,2.26,21.27,94.79
Delhi,2015-11-17,347.0,Very Poor,136.22,280.47,57.11,2.1,17.53,71.44
Delhi,2015-11-18,369.0,Very Poor,188.09,367.46,74.39,2.3,21.78,86.88
Delhi,2015-11-19,392.0,Very Poor,238.69,397.16,96.62,2.87,25.59,101.68
Delhi,2015-11-20,455.0,Severe,271.42,470.08,101.44,3.28,26.81,124.74
Delhi,2015-11-21,450.0,Severe,293.73,467.32,97.76,2.96,23.06,114.3
Delhi,2015-11-22,478.0,Severe,247.27,450.96,92.32,2.73,20.77,116.29
Delhi,2015-11-23,431.0,Severe,266.95,419.98,105.29,3.49,24.92,132.26
Delhi,2015-11-24,440.0,Severe,241.61,424.09,88.74,2.6,19.65,113.35
Delhi,2015-11-25,376.0,Very Poor,149.14,312.85,54.63,1.98,15.97,81.11
Delhi,2015-11-26,347.0,Very Poor,182.5,317.46,69.29,1.84,21.35,93.71
Delhi,2015-11-27,343.0,Very Poor,193.58,343.26,71.35,1.71,19.49,90.46
Delhi,2015-11-28,362.0,Very Poor,172.89,294.29,47.21,1.43,17.09,70.51
Delhi,2015-11-29,319.0,Very Poor,190.46,342.59,51.84,1.88,20.73,67.97
Delhi,2015-11-30,425.0,Severe,282.76,419.33,78.48,2.51,24.51,131.34
Delhi,2015-12-01,400.0,Very Poor,183.28,371.83,83.03,1.77,16.48,93.52
Delhi,2015-12-02,386.0,Very Poor,170.74,399.64,95.99,1.87,19.04,88.0
Delhi,2015-12-03,385.0,Very Poor,190.14,412.29,92.91,1.74,19.24,86.19
Delhi,2015-12-04,392.0,Very Poor,186.64,352.14,79.52,2.28,20.76,88.93
Delhi,2015-12-05,428.0,Severe,282.01,433.03,121.11,3.4,31.36,129.79
Delhi,2015-12-06,394.0,Very Poor,218.22,439.01,113.45,3.24,34.05,122.22
Delhi,2015-12-07,440.0,Severe,249.8,421.49,103.77,3.07,22.34,103.29
Delhi,2015-12-08,437.0,Severe,283.59,478.19,140.09,3.33,23.41,139.79
Delhi,2015-12-09,431.0,Severe,250.69,411.48,93.99,2.74,21.72,131.99
Delhi,2015-12-10,383.0,Very Poor,211.95,386.66,78.05,2.46,22.11,123.11
Delhi,2015-12-11,377.0,Very Poor,198.38,410.6,64.21,2.1,18.41,119.41
Delhi,2015-12-12,379.0,Very Poor,184.12,385.05,55.01,1.91,16.09,122.43
Delhi,2015-12-13,333.0,Very Poor,135.42,338.3,63.9,2.01,18.89,101.58
Delhi,2015-12-14,314.0,Very Poor,118.6,380.24,59.09,2.7,13.66,79.22
Delhi,2015-12-15,174.0,Moderate,88.3,105.95,40.52,1.86,14.88,25.23
Delhi,2015-12-16,244.0,Poor,111.45,105.95,34.44,1.75,14.56,38.16
Delhi,2015-12-17,308.0,Very Poor,152.24,105.95,23.07,1.89,19.41,29.89
Delhi,2015-12-18,320.0,Very Poor,136.75,105.95,25.24,1.52,19.87,20.82
Delhi,2015-12-19,270.0,Poor,114.35,105.95,26.84,1.94,13.17,33.06
Delhi,2015-12-20,320.0,Very Poor,181.67,105.95,111.18,21.22,18.97,20.58
Delhi,2015-12-21,313.0,Very Poor,135.78,105.95,78.99,29.46,15.59,20.57
Delhi,2015-12-22,326.0,Very Poor,204.72,391.9,136.15,11.45,23.64,57.16
Delhi,2015-12-23,459.0,Severe,321.52,589.93,102.69,2.94,22.66,111.69
Delhi,2015-12-24,314.0,Very Poor,129.08,486.66,55.01,30.44,13.43,32.42
Delhi,2015-12-25,304.0,Very Poor,132.56,294.13,71.91,9.61,17.57,75.29
Delhi,2015-12-26,310.0,Very Poor,158.69,331.93,88.96,10.3,21.02,88.64
Delhi,2015-12-27,370.0,Very Poor,187.01,375.13,90.57,11.3,21.41,98.88
Delhi,2015-12-28,328.0,Very Poor,148.77,332.68,75.69,9.27,20.34,85.96
Delhi,2015-12-29,331.0,Very Poor,159.67,325.05,73.11,2.32,21.23,82.69
Delhi,2015-12-30,412.0,Severe,233.97,391.19,87.4,1.94,22.31,94.75
Delhi,2015-12-31,433.0,Severe,240.97,389.18,72.93,2.38,24.08,87.26
Delhi,2016-01-01,463.0,Severe,295.71,476.09,94.04,2.42,23.57,108.14
Delhi,2016-01-02,465.0,Severe,239.21,395.29,81.22,2.15,23.33,90.45
Delhi,2016-01-03,426.0,Severe,270.1,484.82,76.67,2.39,19.94,97.03
Delhi,2016-01-04,496.0,Severe,339.8,586.2,133.95,2.97,27.9,91.2
Delhi,2016-01-05,528.0,Severe,318.1,535.3,118.81,2.85,30.24,131.4
Delhi,2016-01-06,538.0,Severe,305.51,524.01,103.78,3.37,25.78,135.04
Delhi,2016-01-07,535.0,Severe,391.54,587.23,96.36,3.39,26.47,186.07
Delhi,2016-01-08,603.0,Severe,339.87,540.86,67.85,2.34,14.19,150.8
Delhi,2016-01-09,408.0,Severe,158.43,324.64,60.63,2.38,17.94,100.54
Delhi,2016-01-10,368.0,Very Poor,183.24,345.68,68.86,2.14,24.96,130.02
Delhi,2016-01-11,404.0,Severe,227.13,411.6,76.4,2.88,23.98,140.72
Delhi,2016-01-12,444.0,Severe,195.21,381.19,78.61,2.06,24.06,131.63
Delhi,2016-01-13,356.0,Very Poor,248.59,399.59,73.18,1.62,16.73,95.93
Delhi,2016-01-14,397.0,Very Poor,196.87,339.06,55.91,1.35,11.82,97.98
Delhi,2016-01-15,371.0,Very Poor,178.8,259.53,45.85,1.39,10.86,81.66
Delhi,2016-01-16,311.0,Very Poor,138.86,220.21,41.92,1.55,11.25,67.4
Delhi,2016-01-17,321.0,Very Poor,179.48,268.5,58.56,1.45,15.89,78.01
Delhi,2016-01-18,424.0,Severe,269.05,451.43,78.22,2.4,15.42,107.94
Delhi,2016-01-19,435.0,Severe,278.2,430.74,61.04,3.82,12.59,104.61
Delhi,2016-01-20,455.0,Severe,272.1,415.38,56.67,1.84,14.75,100.12
Delhi,2016-01-21,398.0,Very Poor,196.83,318.08,52.83,1.68,11.99,91.52
Delhi,2016-01-22,399.0,Very Poor,290.66,418.92,73.9,1.94,17.13,136.52
Delhi,2016-01-23,469.0,Severe,294.3,480.0,78.21,2.13,16.81,147.56
Delhi,2016-01-24,488.0,Severe,303.5,446.28,64.55,2.6,14.74,132.54
Delhi,2016-01-25,401.0,Severe,217.05,362.08,66.89,1.32,16.09,103.53
Delhi,2016-01-26,446.0,Severe,308.75,462.91,80.14,1.7,17.97,139.27
Delhi,2016-01-27,456.0,Severe,255.94,424.11,87.93,2.03,17.09,142.54
Delhi,2016-01-28,451.0,Severe,283.03,463.03,90.45,2.09,23.63,151.6
Delhi,2016-01-29,501.0,Severe,311.08,498.38,117.07,2.54,29.99,175.04
Delhi,2016-01-30,505.0,Severe,285.83,450.72,111.19,2.54,27.94,157.74
Delhi,2016-01-31,437.0,Severe,242.05,291.16,46.17,1.77,12.4,75.74
Delhi,2016-02-01,305.0,Very Poor,121.4,193.5,60.12,1.08,16.33,90.99
Delhi,2016-02-02,292.0,Poor,135.31,242.87,63.6,1.14,19.08,94.8
Delhi,2016-02-03,306.0,Very Poor,136.87,273.78,61.81,1.11,24.23,95.15
Delhi,2016-02-04,300.0,Poor,130.76,269.21,67.45,1.47,23.7,85.13
Delhi,2016-02-05,371.0,Very Poor,206.72,383.25,86.15,1.82,30.2,121.22
Delhi,2016-02-06,408.0,Severe,224.94,348.14,85.86,2.6,26.22,149.67
Delhi,2016-02-07,343.0,Very Poor,170.45,249.91,72.61,1.28,20.74,95.23
Delhi,2016-02-08,301.0,Very Poor,119.57,186.86,57.0,1.26,19.21,74.61
Delhi,2016-02-09,322.0,Very Poor,181.76,261.7,65.45,1.46,19.53,106.92
Delhi,2016-02-10,368.0,Very Poor,216.55,341.38,81.98,2.02,21.61,129.76
Delhi,2016-02-11,349.0,Very Poor,150.0,270.49,70.99,1.88,21.25,93.1
Delhi,2016-02-12,334.0,Very Poor,146.03,296.27,79.43,1.56,26.86,117.2
Delhi,2016-02-13,333.0,Very Poor,110.89,228.81,56.05,2.14,20.94,101.47
Delhi,2016-02-14,257.0,Poor,103.57,177.49,61.73,1.11,29.71,89.22
Delhi,2016-02-15,265.0,Poor,115.7,219.52,66.8,1.88,27.44,93.47
Delhi,2016-02-16,297.0,Poor,123.22,216.09,65.75,1.25,29.19,95.46
Delhi,2016-02-17,289.0,Poor,135.38,236.15,80.76,1.36,37.35,89.38
Delhi,2016-02-18,310.0,Very Poor,148.75,217.16,76.11,1.41,26.28,90.48
Delhi,2016-02-19,366.0,Very Poor,207.1,307.38,66.45,1.76,32.25,108.89
Delhi,2016-02-20,345.0,Very Poor,150.89,225.66,47.72,1.48,20.15,84.64
Delhi,2016-02-21,228.0,Poor,76.12,137.44,30.51,1.0,10.43,73.2
Delhi,2016-02-22,213.0,Poor,88.73,137.44,41.47,1.02,20.79,75.96
Delhi,2016-02-23,208.0,Poor,86.17,194.61,56.77,1.41,21.27,95.32
Delhi,2016-02-24,319.0,Very Poor,177.64,309.47,117.04,2.07,50.44,200.41
Delhi,2016-02-25,315.0,Very Poor,131.69,232.45,81.93,1.6,21.19,97.56
Delhi,2016-02-26,293.0,Poor,129.66,236.27,76.82,1.63,21.44,115.84
Delhi,2016-02-27,342.0,Very Poor,144.98,245.96,86.59,1.78,24.43,117.3
Delhi,2016-02-28,338.0,Very Poor,163.92,263.73,76.43,1.98,21.63,130.99
Delhi,2016-02-29,344.0,Very Poor,170.12,255.34,76.4,1.99,17.63,137.57
Delhi,2016-03-01,370.0,Very Poor,213.62,299.88,102.02,2.43,25.49,138.3
Delhi,2016-03-02,365.0,Very Poor,175.63,244.58,102.23,1.94,25.53,157.07
Delhi,2016-03-03,348.0,Very Poor,165.22,264.31,100.71,2.61,33.45,113.89
Delhi,2016-03-04,312.0,Very Poor,115.55,201.71,60.47,1.36,16.6,103.88
Delhi,2016-03-05,214.0,Poor,53.0,129.37,48.15,0.73,19.05,84.88
Delhi,2016-03-06,165.0,Moderate,47.43,60.61,55.78,0.86,15.1,81.26
Delhi,2016-03-07,218.0,Poor,98.61,167.78,54.69,1.28,20.44,82.97
Delhi,2016-03-08,230.0,Poor,84.42,134.81,43.9,1.07,26.24,61.83
Delhi,2016-03-09,248.0,Poor,109.16,164.84,49.75,1.16,31.56,66.4
Delhi,2016-03-10,276.0,Poor,129.9,240.67,60.19,1.57,26.69,92.04
Delhi,2016-03-11,213.0,Poor,85.76,204.96,30.44,1.69,9.58,36.99
Delhi,2016-03-12,127.0,Moderate,60.17,105.95,15.89,2.0,8.04,31.91
Delhi,2016-03-13,112.0,Moderate,58.95,105.95,10.63,1.43,7.25,66.25
Delhi,2016-03-14,111.0,Moderate,51.82,79.14,38.11,1.22,18.53,55.08
Delhi,2016-03-15,193.0,Moderate,81.32,162.38,34.54,1.74,20.36,77.88
Delhi,2016-03-16,123.0,Moderate,67.63,152.46,36.61,1.14,17.04,48.58
Delhi,2016-03-17,194.0,Moderate,70.86,137.98,65.89,1.12,21.48,73.05
Delhi,2016-03-18,186.0,Moderate,72.47,133.3,64.64,1.24,27.7,70.45
Delhi,2016-03-19,242.0,Poor,103.73,194.95,77.89,2.2,30.74,56.49
Delhi,2016-03-20,267.0,Poor,95.52,167.64,57.84,1.56,20.52,97.74
Delhi,2016-03-21,207.0,Poor,58.4,129.21,36.37,1.14,15.98,65.16
Delhi,2016-03-22,176.0,Moderate,47.43,139.62,31.12,0.96,13.54,70.69
Delhi,2016-03-23,189.0,Moderate,80.01,148.1,50.45,1.29,22.15,84.89
Delhi,2016-03-24,341.0,Very Poor,156.01,228.19,88.44,2.18,24.44,169.36
Delhi,2016-03-25,325.0,Very Poor,137.99,217.03,85.91,2.1,32.84,142.38
Delhi,2016-03-26,259.0,Poor,72.44,122.24,42.51,1.1,23.86,66.2
Delhi,2016-03-27,178.0,Moderate,61.75,54.0,37.18,0.74,18.09,66.87
Delhi,2016-03-28,219.0,Poor,81.46,110.31,53.01,1.04,25.75,77.27
Delhi,2016-03-29,206.0,Poor,89.75,156.89,48.72,1.28,42.34,67.87
Delhi,2016-03-30,221.0,Poor,88.68,163.7,46.74,1.35,36.91,47.01
Delhi,2016-03-31,298.0,Poor,127.86,218.3,61.21,2.2,19.64,62.15
Delhi,2016-04-01,316.0,Very Poor,130.7,105.95,15.89,1.39,12.78,29.69
Delhi,2016-04-02,294.0,Poor,118.44,105.95,18.29,1.88,16.35,29.38
Delhi,2016-04-03,314.0,Very Poor,148.22,217.84,44.98,1.68,27.44,69.66
Delhi,2016-04-04,334.0,Very Poor,132.86,377.61,31.55,1.51,20.54,63.44
Delhi,2016-04-05,261.0,Poor,97.83,174.11,20.15,1.38,18.86,28.8
Delhi,2016-04-06,208.0,Poor,91.82,202.91,52.54,1.4,31.06,37.04
Delhi,2016-04-07,289.0,Poor,129.61,329.68,58.6,1.22,35.57,32.33
Delhi,2016-04-08,216.0,Poor,89.78,193.14,53.55,1.52,48.86,34.75
Delhi,2016-04-09,314.0,Very Poor,166.76,272.67,63.03,1.51,46.97,47.93
Delhi,2016-04-10,262.0,Poor,107.81,154.18,47.95,1.77,35.24,31.6
Delhi,2016-04-11,257.0,Poor,81.12,246.86,36.5,0.72,22.66,61.02
Delhi,2016-04-12,235.0,Poor,74.03,201.81,35.44,0.71,17.85,58.47
Delhi,2016-04-13,239.0,Poor,74.9,247.61,46.29,1.11,25.16,58.74
Delhi,2016-04-14,239.0,Poor,94.81,220.48,58.81,1.32,26.21,75.75
Delhi,2016-04-15,302.0,Very Poor,137.48,285.18,76.2,1.98,37.57,85.91
Delhi,2016-04-16,296.0,Poor,124.13,105.95,37.49,1.88,14.84,35.97
Delhi,2016-04-17,247.0,Poor,102.86,283.02,42.35,1.04,13.34,66.77
Delhi,2016-04-18,265.0,Poor,102.9,219.17,49.32,0.98,22.15,81.29
Delhi,2016-04-19,301.0,Very Poor,129.06,311.93,63.21,1.52,35.73,98.35
Delhi,2016-04-20,322.0,Very Poor,124.8,283.05,48.65,1.09,29.16,97.22
Delhi,2016-04-21,291.0,Poor,92.74,265.56,42.87,0.88,19.87,103.07
Delhi,2016-04-22,292.0,Poor,113.75,208.42,44.8,0.93,25.63,110.09
Delhi,2016-04-23,258.0,Poor,89.52,171.92,50.78,1.51,25.65,87.26
Delhi,2016-04-24,282.0,Poor,123.59,219.3,69.92,1.7,40.96,87.66
Delhi,2016-04-25,271.0,Poor,104.5,213.36,70.04,1.47,39.91,87.38
Delhi,2016-04-26,314.0,Very Poor,139.37,306.08,97.93,2.08,38.53,86.82
Delhi,2016-04-27,377.0,Very Poor,162.54,379.7,108.53,2.7,33.53,87.74
Delhi,2016-04-28,390.0,Very Poor,161.23,354.17,80.4,2.08,35.7,117.59
Delhi,2016-04-29,392.0,Very Poor,181.49,383.05,88.26,2.14,38.0,56.3
Delhi,2016-04-30,342.0,Very Poor,142.64,105.95,51.53,1.82,13.83,59.71
Delhi,2016-05-01,297.0,Poor,124.21,105.95,52.3,1.9,10.98,74.25
Delhi,2016-05-02,275.0,Poor,119.47,105.95,41.26,1.49,10.0,70.42
Delhi,2016-05-03,281.0,Poor,125.36,284.55,59.73,1.49,21.42,101.53
Delhi,2016-05-04,309.0,Very Poor,103.08,297.94,61.77,1.44,26.13,91.18
Delhi,2016-05-05,262.0,Poor,65.02,173.86,46.27,1.14,18.35,79.9
Delhi,2016-05-06,194.0,Moderate,54.34,136.92,55.07,1.12,20.23,65.26
Delhi,2016-05-07,229.0,Poor,77.89,193.14,66.68,0.98,20.15,75.61
Delhi,2016-05-08,246.0,Poor,90.19,208.75,64.2,1.1,25.25,81.61
Delhi,2016-05-09,225.0,Poor,77.34,168.66,48.67,1.04,18.97,79.06
Delhi,2016-05-10,221.0,Poor,73.55,174.94,57.52,1.05,22.26,68.57
Delhi,2016-05-11,185.0,Moderate,66.49,112.6,52.3,0.98,16.32,61.02
Delhi,2016-05-12,218.0,Poor,100.09,207.98,64.25,1.34,17.95,76.43
Delhi,2016-05-13,310.0,Very Poor,99.88,250.51,60.29,1.1,16.54,95.52
Delhi,2016-05-14,307.0,Very Poor,105.51,292.64,67.71,1.44,20.49,86.22
Delhi,2016-05-15,325.0,Very Poor,128.85,379.8,57.06,1.83,18.7,56.63
Delhi,2016-05-16,316.0,Very Poor,94.89,247.95,58.46,1.12,21.19,62.4
Delhi,2016-05-17,302.0,Very Poor,92.95,249.27,62.4,1.19,27.34,89.66
Delhi,2016-05-18,318.0,Very Poor,117.64,266.72,80.57,1.76,31.96,105.42
Delhi,2016-05-19,300.0,Poor,94.22,219.01,67.73,1.86,27.98,85.76
Delhi,2016-05-20,246.0,Poor,70.86,186.97,52.02,1.07,12.82,77.8
Delhi,2016-05-21,255.0,Poor,78.02,233.72,48.23,0.96,13.08,107.9
Delhi,2016-05-22,218.0,Poor,66.3,149.31,53.42,0.99,15.3,101.65
Delhi,2016-05-23,252.0,Poor,87.31,163.9,45.86,0.79,16.69,93.48
Delhi,2016-05-24,190.0,Moderate,57.35,103.26,43.57,0.89,13.46,75.38
Delhi,2016-05-25,256.0,Poor,105.02,240.52,50.77,1.48,13.98,126.55
Delhi,2016-05-26,311.0,Very Poor,111.22,293.73,48.12,1.06,11.79,160.06
Delhi,2016-05-27,381.0,Very Poor,180.71,379.29,50.38,1.29,13.73,169.35
Delhi,2016-05-28,409.0,Severe,109.82,314.0,34.37,0.96,15.48,120.76
Delhi,2016-05-29,269.0,Poor,42.67,169.36,35.71,0.87,10.6,101.26
Delhi,2016-05-30,187.0,Moderate,56.87,101.24,50.18,1.39,11.3,73.43
Delhi,2016-05-31,225.0,Poor,101.54,214.14,49.41,1.29,9.15,83.4
Delhi,2016-06-01,283.0,Poor,76.56,251.87,44.55,1.04,13.11,86.34
Delhi,2016-06-02,316.0,Very Poor,81.4,298.5,49.88,1.3,13.87,94.77
Delhi,2016-06-03,361.0,Very Poor,138.97,296.64,74.99,1.7,21.41,129.18
Delhi,2016-06-04,330.0,Very Poor,137.81,274.63,75.26,1.48,15.4,115.31
Delhi,2016-06-05,256.0,Poor,77.72,166.28,36.69,0.99,11.7,78.8
Delhi,2016-06-06,237.0,Poor,84.61,208.17,45.47,1.48,14.68,100.24
Delhi,2016-06-07,246.0,Poor,66.72,152.18,45.5,1.77,15.9,82.33
Delhi,2016-06-08,202.0,Poor,64.08,143.88,57.31,1.45,19.95,79.75
Delhi,2016-06-09,209.0,Poor,64.95,187.69,49.67,1.75,15.09,84.94
Delhi,2016-06-10,262.0,Poor,75.75,239.74,51.75,3.84,18.14,92.8
Delhi,2016-06-11,280.0,Poor,69.25,225.52,38.84,3.61,9.83,68.93
Delhi,2016-06-12,279.0,Poor,70.71,272.34,40.04,2.59,9.78,70.91
Delhi,2016-06-13,357.0,Very Poor,96.72,332.91,34.52,3.24,10.14,98.09
Delhi,2016-06-14,266.0,Poor,59.02,197.51,38.55,3.44,8.29,57.42
Delhi,2016-06-15,330.0,Very Poor,102.42,330.36,37.74,1.59,11.23,65.24
Delhi,2016-06-16,248.0,Poor,62.37,109.42,30.44,2.49,9.89,56.97
Delhi,2016-06-17,172.0,Moderate,67.76,120.06,41.27,1.87,10.43,59.25
Delhi,2016-06-18,234.0,Poor,79.17,142.57,33.98,1.94,8.64,68.32
Delhi,2016-06-19,201.0,Poor,101.31,101.54,32.55,2.64,9.51,56.24
Delhi,2016-06-20,206.0,Poor,83.1,84.18,40.24,2.11,11.24,52.76
Delhi,2016-06-21,159.0,Moderate,72.33,54.85,32.04,2.49,10.54,43.4
Delhi,2016-06-22,187.0,Moderate,75.14,99.89,31.89,3.73,7.88,51.74
Delhi,2016-06-23,228.0,Poor,91.63,98.88,37.7,2.11,8.34,55.92
Delhi,2016-06-24,284.0,Poor,100.02,331.1,45.29,2.02,9.03,101.3
Delhi,2016-06-25,310.0,Very Poor,67.12,175.26,50.91,1.09,10.87,79.26
Delhi,2016-06-26,158.0,Moderate,48.0,86.63,40.57,0.85,8.71,58.37
Delhi,2016-06-27,154.0,Moderate,76.76,112.46,37.28,1.71,7.63,51.76
Delhi,2016-06-28,187.0,Moderate,80.89,96.05,40.07,3.0,9.77,55.61
Delhi,2016-06-29,180.0,Moderate,60.67,68.43,37.01,2.08,10.22,44.44
Delhi,2016-06-30,190.0,Moderate,69.65,103.25,34.17,2.39,9.43,51.31
Delhi,2016-07-01,164.0,Moderate,58.21,113.1,29.28,2.23,7.97,37.35
Delhi,2016-07-02,148.0,Moderate,57.24,96.62,33.9,2.93,7.81,40.49
Delhi,2016-07-03,154.0,Moderate,67.6,95.26,36.79,2.78,8.77,48.9
Delhi,2016-07-04,160.0,Moderate,57.1,75.83,37.93,1.72,8.88,52.3
Delhi,2016-07-05,165.0,Moderate,68.71,162.2,47.24,2.22,8.51,55.57
Delhi,2016-07-06,210.0,Poor,77.71,143.29,34.78,2.64,7.6,57.81
Delhi,2016-07-07,158.0,Moderate,54.5,80.82,27.69,2.18,8.73,42.67
Delhi,2016-07-08,172.0,Moderate,54.96,98.86,42.07,1.58,8.38,45.55
Delhi,2016-07-09,151.0,Moderate,52.95,87.81,30.77,1.96,7.73,45.1
Delhi,2016-07-10,143.0,Moderate,59.13,86.18,35.91,1.72,7.94,43.24
Delhi,2016-07-11,156.0,Moderate,60.92,74.51,33.57,1.08,7.74,42.22
Delhi,2016-07-12,108.0,Moderate,39.32,57.16,32.55,2.36,9.06,43.95
Delhi,2016-07-13,163.0,Moderate,71.53,79.1,31.96,1.82,8.23,50.01
Delhi,2016-07-14,247.0,Poor,73.51,56.29,29.7,5.0,7.39,47.3
Delhi,2016-07-15,123.0,Moderate,52.88,88.23,29.17,4.65,6.58,36.35
Delhi,2016-07-16,106.0,Moderate,50.99,44.48,22.38,1.21,7.18,33.31
Delhi,2016-07-17,202.0,Poor,75.93,38.59,15.75,2.48,7.0,28.11
Delhi,2016-07-18,120.0,Moderate,44.08,77.07,32.85,1.47,7.31,36.73
Delhi,2016-07-19,135.0,Moderate,42.14,166.27,31.4,1.31,6.78,44.7
Delhi,2016-07-20,245.0,Poor,56.86,203.09,34.96,1.16,9.36,61.07
Delhi,2016-07-21,280.0,Poor,45.64,240.86,37.8,0.87,7.27,56.3
Delhi,2016-07-22,269.0,Poor,48.36,157.41,37.42,1.14,8.63,64.4
Delhi,2016-07-23,163.0,Moderate,42.09,80.14,23.88,0.84,7.23,51.32
Delhi,2016-07-24,123.0,,59.4,124.47,56.56,1.45,8.91,65.42
Delhi,2016-07-25,195.0,Moderate,76.29,163.57,58.4,1.32,7.93,62.62
Delhi,2016-07-26,163.0,Moderate,54.5,95.08,40.48,1.08,8.2,52.3
Delhi,2016-07-27,108.0,Moderate,40.55,58.09,40.86,1.36,10.82,56.73
Delhi,2016-07-28,134.0,Moderate,46.44,68.69,42.81,1.34,9.95,72.25
Delhi,2016-07-29,155.0,Moderate,56.16,76.89,44.18,1.76,9.87,70.34
Delhi,2016-07-30,116.0,Moderate,42.7,50.0,36.78,1.55,8.69,49.28
Delhi,2016-07-31,136.0,Moderate,48.03,70.62,32.5,1.29,8.01,85.11
Delhi,2016-08-01,150.0,Moderate,43.47,53.42,29.86,1.29,10.33,68.03
Delhi,2016-08-02,121.0,Moderate,43.55,55.33,34.87,2.69,8.23,91.54
Delhi,2016-08-03,149.0,Moderate,50.86,67.92,36.14,1.35,6.96,92.81
Delhi,2016-08-04,178.0,Moderate,49.04,87.48,35.93,0.92,9.03,86.42
Delhi,2016-08-05,120.0,Moderate,39.3,78.77,33.68,1.2,9.36,63.17
Delhi,2016-08-06,140.0,Moderate,43.86,76.69,38.29,2.13,9.81,68.19
Delhi,2016-08-07,142.0,Moderate,42.84,75.19,31.42,2.48,10.02,67.17
Delhi,2016-08-08,141.0,Moderate,44.04,82.26,34.27,1.37,8.48,73.28
Delhi,2016-08-09,125.0,Moderate,41.29,64.76,29.05,2.93,8.02,59.76
Delhi,2016-08-10,127.0,Moderate,39.28,54.92,30.76,1.6,9.75,53.53
Delhi,2016-08-11,119.0,Moderate,30.66,32.79,29.78,2.22,8.37,54.64
Delhi,2016-08-12,111.0,Moderate,42.15,84.46,34.9,1.39,8.73,70.12
Delhi,2016-08-13,132.0,Moderate,56.45,92.71,43.49,1.53,7.77,68.22
Delhi,2016-08-14,149.0,Moderate,40.81,80.14,42.53,1.28,12.53,81.39
Delhi,2016-08-15,166.0,Moderate,39.51,185.99,32.96,2.15,8.87,91.79
Delhi,2016-08-16,274.0,Poor,49.04,245.72,28.74,3.78,7.97,83.64
Delhi,2016-08-17,295.0,Poor,62.19,247.59,36.46,0.95,11.16,85.32
Delhi,2016-08-18,219.0,Poor,55.55,132.65,51.48,1.23,9.22,72.82
Delhi,2016-08-19,169.0,Moderate,59.03,153.16,43.97,1.15,8.84,69.54
Delhi,2016-08-20,174.0,Moderate,48.57,90.68,35.84,1.59,8.56,59.67
Delhi,2016-08-21,111.0,Moderate,28.01,65.58,27.58,3.11,9.02,42.88
Delhi,2016-08-22,93.0,Satisfactory,28.6,78.83,31.31,2.59,7.97,43.07
Delhi,2016-08-23,107.0,Moderate,38.99,85.48,39.47,1.25,8.06,50.23
Delhi,2016-08-24,127.0,Moderate,43.35,73.22,32.04,1.17,10.86,48.2
Delhi,2016-08-25,93.0,Satisfactory,45.88,118.92,35.41,0.99,8.23,32.24
Delhi,2016-08-26,142.0,Moderate,54.13,125.44,35.61,1.0,9.57,41.9
Delhi,2016-08-27,93.0,Satisfactory,56.56,105.95,20.84,0.36,7.91,26.55
Delhi,2016-08-28,224.0,Poor,57.09,170.2,28.7,1.67,7.04,27.7
Delhi,2016-08-29,169.0,Moderate,54.73,189.12,37.48,1.1,8.92,40.47
Delhi,2016-08-30,110.0,Moderate,48.93,89.57,42.73,1.12,9.22,41.9
Delhi,2016-08-31,100.0,Satisfactory,37.1,60.16,41.82,2.07,8.72,41.57
Delhi,2016-09-01,109.0,Moderate,28.06,47.47,51.78,1.22,9.47,54.7
Delhi,2016-09-02,154.0,Moderate,44.31,111.18,41.71,0.98,9.37,64.8
Delhi,2016-09-03,216.0,Poor,46.77,208.01,40.85,0.91,10.09,68.7
Delhi,2016-09-04,262.0,Poor,57.64,269.42,31.96,0.91,9.05,56.8
Delhi,2016-09-05,260.0,Poor,45.37,246.81,33.42,1.17,9.87,57.01
Delhi,2016-09-06,329.0,Very Poor,50.42,282.23,34.74,2.99,10.61,61.24
Delhi,2016-09-07,291.0,Poor,50.73,233.83,39.21,2.16,14.63,75.45
Delhi,2016-09-08,300.0,Poor,71.72,260.6,39.69,1.41,12.02,63.76
Delhi,2016-09-09,335.0,Very Poor,87.99,277.61,43.67,2.39,10.34,49.75
Delhi,2016-09-10,240.0,Poor,45.7,190.45,38.14,0.75,10.81,55.82
Delhi,2016-09-11,177.0,Moderate,45.89,164.1,40.58,2.36,10.92,52.36
Delhi,2016-09-12,178.0,Moderate,49.7,178.47,39.41,2.12,9.59,54.62
Delhi,2016-09-13,193.0,Moderate,57.08,184.5,43.84,1.62,10.93,63.46
Delhi,2016-09-14,150.0,Moderate,47.36,109.64,45.6,1.25,11.21,64.32
Delhi,2016-09-15,215.0,Poor,79.99,198.81,54.73,1.26,11.6,77.97
Delhi,2016-09-16,233.0,Poor,67.11,185.86,57.22,0.95,12.39,70.09
Delhi,2016-09-17,220.0,Poor,81.9,207.91,56.8,0.99,12.78,75.84
Delhi,2016-09-18,266.0,Poor,86.16,185.57,56.82,1.28,10.89,74.51
Delhi,2016-09-19,192.0,Moderate,75.02,143.48,67.37,1.08,14.63,88.62
Delhi,2016-09-20,264.0,Poor,94.23,141.3,86.2,1.3,16.12,134.72
Delhi,2016-09-21,284.0,Poor,89.62,131.06,70.0,0.89,17.12,144.45
Delhi,2016-09-22,150.0,Moderate,32.73,67.29,44.35,0.8,13.44,72.31
Delhi,2016-09-23,134.0,Moderate,55.64,125.31,57.24,1.18,13.77,78.31
Delhi,2016-09-24,197.0,Moderate,56.46,112.36,53.66,1.03,14.63,67.97
Delhi,2016-09-25,175.0,Moderate,56.64,137.48,55.69,1.24,15.5,73.87
Delhi,2016-09-26,236.0,Poor,89.09,194.71,68.3,1.35,15.11,89.95
Delhi,2016-09-27,185.0,Moderate,52.49,109.5,41.03,0.71,13.68,62.19
Delhi,2016-09-28,103.0,Moderate,105.43,260.01,100.66,0.49,11.94,113.81
Delhi,2016-09-29,289.0,Poor,101.84,189.62,63.0,0.97,15.28,96.64
Delhi,2016-09-30,224.0,Poor,84.33,179.81,65.05,1.01,15.0,87.95
Delhi,2016-10-01,312.0,Very Poor,117.28,232.03,73.71,1.4,24.55,109.06
Delhi,2016-10-02,234.0,Poor,81.87,199.61,59.82,1.13,16.28,75.58
Delhi,2016-10-03,282.0,Poor,103.12,210.04,66.31,1.09,12.96,97.36
Delhi,2016-10-04,351.0,Very Poor,159.8,272.34,78.18,1.3,13.68,123.99
Delhi,2016-10-05,232.0,Poor,81.71,150.37,77.96,1.26,14.4,85.94
Delhi,2016-10-06,280.0,Poor,117.86,229.25,87.85,1.3,15.09,109.08
Delhi,2016-10-07,311.0,Very Poor,114.06,274.97,74.99,1.28,14.63,97.13
Delhi,2016-10-08,408.0,Severe,132.11,317.62,76.99,1.54,14.9,98.7
Delhi,2016-10-09,416.0,Severe,144.47,317.13,92.64,1.42,17.2,128.17
Delhi,2016-10-10,387.0,Very Poor,125.8,290.85,88.86,1.24,17.3,112.52
Delhi,2016-10-11,408.0,Severe,134.84,327.75,83.87,1.6,16.52,104.67
Delhi,2016-10-12,405.0,Severe,114.3,309.88,83.3,1.05,20.1,93.47
Delhi,2016-10-13,371.0,Very Poor,86.93,295.1,81.11,0.84,19.17,78.81
Delhi,2016-10-14,375.0,Very Poor,94.83,303.27,87.15,1.31,20.72,87.84
Delhi,2016-10-15,400.0,Very Poor,144.98,368.81,108.83,1.26,22.1,120.33
Delhi,2016-10-16,430.0,Severe,132.01,316.53,89.01,1.32,24.72,99.74
Delhi,2016-10-17,425.0,Severe,149.35,346.31,94.29,2.19,27.27,112.83
Delhi,2016-10-18,438.0,Severe,161.49,352.64,95.27,1.6,22.25,101.0
Delhi,2016-10-19,428.0,Severe,140.57,339.79,91.52,1.48,24.66,73.0
Delhi,2016-10-20,425.0,Severe,135.9,361.08,90.28,1.83,24.72,107.03
Delhi,2016-10-21,496.0,Severe,161.11,477.65,88.27,2.14,26.66,32.06
Delhi,2016-10-22,472.0,Severe,140.92,442.68,84.96,1.44,20.7,53.5
Delhi,2016-10-23,470.0,Severe,182.14,372.09,90.22,1.11,19.38,122.74
Delhi,2016-10-24,454.0,Severe,164.51,367.17,88.17,1.42,21.68,109.22
Delhi,2016-10-25,396.0,Very Poor,115.76,290.42,82.7,1.63,23.46,83.78
Delhi,2016-10-26,413.0,Severe,209.27,413.49,111.23,1.88,25.0,85.57
Delhi,2016-10-27,558.0,Severe,296.27,535.53,120.07,1.94,23.95,82.06
Delhi,2016-10-28,570.0,Severe,318.57,503.0,119.42,1.91,27.89,107.12
Delhi,2016-10-29,554.0,Severe,350.39,516.59,162.5,2.65,54.38,139.22
Delhi,2016-10-30,522.0,Severe,355.77,528.41,112.59,2.28,40.23,257.73
Delhi,2016-10-31,520.0,Severe,434.92,521.21,113.21,2.36,71.56,153.52
Delhi,2016-11-01,550.0,Severe,394.59,537.51,120.66,2.09,33.34,193.31
Delhi,2016-11-02,593.0,Severe,537.96,693.21,149.12,2.8,26.66,160.01
Delhi,2016-11-03,625.0,Severe,482.4,483.99,148.92,2.78,29.4,108.33
Delhi,2016-11-04,480.0,Severe,342.45,475.1,131.92,2.23,25.93,177.07
Delhi,2016-11-05,603.0,Severe,588.39,763.58,113.31,2.2,22.21,39.05
Delhi,2016-11-06,676.0,Severe,685.36,708.8,128.15,3.23,22.61,39.21
Delhi,2016-11-07,716.0,Severe,488.57,527.64,123.36,2.21,23.88,33.33
Delhi,2016-11-08,542.0,Severe,338.38,471.47,92.18,1.32,21.36,35.0
Delhi,2016-11-09,455.0,Severe,307.08,415.79,103.26,1.38,21.52,33.89
Delhi,2016-11-10,471.0,Severe,291.71,464.27,133.98,1.61,29.45,42.27
Delhi,2016-11-11,514.0,Severe,295.88,491.38,147.03,1.62,35.04,50.03
Delhi,2016-11-12,491.0,Severe,277.67,437.21,127.18,1.49,34.7,43.22
Delhi,2016-11-13,469.0,Severe,228.16,388.97,113.74,1.24,51.78,66.96
Delhi,2016-11-14,404.0,Severe,194.2,266.97,119.58,0.91,22.7,63.1
Delhi,2016-11-15,379.0,Very Poor,236.09,399.5,116.66,1.49,21.98,37.37
Delhi,2016-11-16,428.0,Severe,291.98,391.88,109.65,1.34,23.97,35.58
Delhi,2016-11-17,504.0,Severe,351.47,412.95,96.23,0.73,21.65,37.74
Delhi,2016-11-18,512.0,Severe,237.21,409.98,102.95,0.87,23.11,37.26
Delhi,2016-11-19,494.0,Severe,285.71,412.35,114.11,1.16,30.47,48.81
Delhi,2016-11-20,438.0,Severe,323.74,350.18,117.17,1.52,27.23,53.69
Delhi,2016-11-21,474.0,Severe,340.61,439.26,128.85,1.6,26.25,50.47
Delhi,2016-11-22,471.0,Severe,281.76,399.82,111.52,1.55,25.26,32.17
Delhi,2016-11-23,432.0,Severe,174.56,443.12,98.73,1.24,30.13,38.25
Delhi,2016-11-24,397.0,Very Poor,216.1,478.72,109.5,1.21,22.29,35.12
Delhi,2016-11-25,375.0,Very Poor,136.21,399.13,68.9,0.41,20.99,40.07
Delhi,2016-11-26,330.0,Very Poor,113.3,325.47,70.01,0.46,23.22,39.94
Delhi,2016-11-27,347.0,Very Poor,128.7,336.16,71.29,0.65,22.68,38.99
Delhi,2016-11-28,274.0,Poor,127.5,312.58,82.99,0.91,29.33,36.12
Delhi,2016-11-29,360.0,Very Poor,236.58,489.62,133.28,1.75,27.59,40.89
Delhi,2016-11-30,441.0,Severe,246.25,437.91,95.64,1.16,20.23,44.16
Delhi,2016-12-01,418.0,Severe,263.61,473.72,83.15,1.25,19.08,49.44
Delhi,2016-12-02,474.0,Severe,263.25,422.11,101.67,1.05,20.38,34.89
Delhi,2016-12-03,419.0,Severe,196.6,432.38,97.75,1.41,23.49,34.86
Delhi,2016-12-04,379.0,Very Poor,223.3,426.63,109.4,1.93,22.96,33.98
Delhi,2016-12-05,389.0,Very Poor,204.6,417.29,78.79,1.55,23.92,31.6
Delhi,2016-12-06,402.0,Severe,293.91,497.31,96.68,1.86,23.11,38.89
Delhi,2016-12-07,472.0,Severe,283.61,414.27,81.86,1.34,23.69,53.91
Delhi,2016-12-08,422.0,Severe,238.21,374.88,72.44,1.53,22.2,36.02
Delhi,2016-12-09,443.0,Severe,295.62,502.98,71.44,1.66,23.47,38.31
Delhi,2016-12-10,413.0,Severe,189.09,249.35,58.86,0.84,20.83,41.6
Delhi,2016-12-11,351.0,Very Poor,199.12,294.81,50.79,1.25,22.65,37.83
Delhi,2016-12-12,418.0,Severe,210.28,365.65,76.9,2.39,23.52,30.87
Delhi,2016-12-13,413.0,Severe,209.91,438.88,76.81,1.32,21.71,32.12
Delhi,2016-12-14,379.0,Very Poor,154.55,336.29,66.38,0.92,18.5,33.54
Delhi,2016-12-15,359.0,Very Poor,167.64,345.07,61.53,1.06,20.65,34.65
Delhi,2016-12-16,390.0,Very Poor,200.78,443.63,85.26,1.45,23.5,33.68
Delhi,2016-12-17,437.0,Severe,229.35,450.31,88.54,1.16,21.22,33.35
Delhi,2016-12-18,411.0,Severe,232.33,433.94,86.92,1.17,21.99,34.3
Delhi,2016-12-19,443.0,Severe,236.24,445.54,88.02,0.92,21.32,31.86
Delhi,2016-12-20,377.0,Very Poor,161.92,324.2,68.35,0.61,22.9,34.48
Delhi,2016-12-21,317.0,Very Poor,131.95,291.75,66.67,0.81,22.63,33.78
Delhi,2016-12-22,349.0,Very Poor,187.3,399.43,82.03,1.14,24.9,37.52
Delhi,2016-12-23,470.0,Severe,364.15,616.99,122.88,1.92,22.09,45.0
Delhi,2016-12-24,576.0,Severe,411.8,605.65,114.03,1.65,19.54,41.56
Delhi,2016-12-25,412.0,Severe,232.41,346.57,59.88,0.7,19.37,38.99
Delhi,2016-12-26,338.0,Very Poor,154.26,307.64,65.49,0.66,22.82,36.31
Delhi,2016-12-27,319.0,Very Poor,213.2,395.37,93.45,0.94,24.51,36.9
Delhi,2016-12-28,455.0,Severe,273.82,515.41,129.41,1.61,26.1,40.19
Delhi,2016-12-29,524.0,Severe,339.96,535.68,108.76,1.3,21.6,55.09
Delhi,2016-12-30,381.0,Very Poor,231.1,368.9,62.46,0.96,23.47,43.97
Delhi,2016-12-31,338.0,Very Poor,211.16,353.61,56.66,1.14,23.82,42.84
Delhi,2017-01-01,332.0,Very Poor,191.5,402.31,66.19,1.31,25.13,50.03
Delhi,2017-01-02,384.0,Very Poor,247.79,440.18,95.55,1.47,22.29,47.86
Delhi,2017-01-03,373.0,Very Poor,255.33,390.67,90.79,1.28,25.33,42.9
Delhi,2017-01-04,439.0,Severe,248.01,341.15,91.07,1.55,23.11,41.13
Delhi,2017-01-05,318.0,Very Poor,215.42,352.83,87.15,1.24,25.15,41.95
Delhi,2017-01-06,390.0,Very Poor,194.12,278.62,65.86,0.9,20.52,44.04
Delhi,2017-01-07,332.0,Very Poor,154.52,170.19,38.85,0.77,22.19,47.75
Delhi,2017-01-08,283.0,Poor,136.98,218.67,52.31,0.63,32.22,45.09
Delhi,2017-01-09,300.0,Poor,141.88,266.86,64.33,0.77,24.76,42.66
Delhi,2017-01-10,305.0,Very Poor,108.26,239.51,59.2,0.71,19.1,36.04
Delhi,2017-01-11,337.0,Very Poor,146.04,314.69,67.72,0.79,21.36,29.92
Delhi,2017-01-12,417.0,Severe,216.73,423.24,79.35,0.95,20.33,32.17
Delhi,2017-01-13,426.0,Severe,232.37,426.02,85.07,1.03,24.71,33.09
Delhi,2017-01-14,439.0,Severe,309.28,318.52,84.75,0.37,11.7,29.53
Delhi,2017-01-15,382.0,Very Poor,222.66,281.83,63.97,0.45,17.67,24.93
Delhi,2017-01-16,397.0,Very Poor,188.08,284.88,60.94,0.93,20.6,33.86
Delhi,2017-01-17,330.0,Very Poor,177.67,206.63,51.44,0.63,18.44,36.21
Delhi,2017-01-18,358.0,Very Poor,218.63,268.67,66.94,0.7,20.52,34.21
Delhi,2017-01-19,376.0,Very Poor,227.68,225.03,55.95,0.6,20.86,34.42
Delhi,2017-01-20,334.0,Very Poor,217.55,207.03,63.7,0.6,22.23,39.1
Delhi,2017-01-21,387.0,Very Poor,349.98,226.74,63.36,0.03,17.93,18.33
Delhi,2017-01-22,446.0,Severe,286.6,360.04,63.71,0.09,18.75,19.1
Delhi,2017-01-23,379.0,Very Poor,189.45,277.25,67.27,0.53,20.61,20.57
Delhi,2017-01-24,375.0,Very Poor,230.94,386.49,92.12,1.3,24.56,37.93
Delhi,2017-01-25,450.0,Severe,241.78,370.37,88.02,1.08,23.95,40.58
Delhi,2017-01-26,340.0,Very Poor,135.87,166.57,50.39,0.32,22.04,34.78
Delhi,2017-01-27,203.0,Poor,74.92,80.21,42.24,0.35,18.11,36.05
Delhi,2017-01-28,236.0,Poor,109.13,144.49,45.82,0.44,18.1,36.87
Delhi,2017-01-29,252.0,Poor,132.35,171.91,46.68,0.35,18.12,39.39
Delhi,2017-01-30,302.0,Very Poor,166.71,276.2,65.43,0.83,20.29,36.47
Delhi,2017-01-31,358.0,Very Poor,214.23,316.16,82.78,0.79,22.81,35.58
Delhi,2017-02-01,317.0,Very Poor,136.02,251.31,64.08,0.9,19.51,34.75
Delhi,2017-02-02,387.0,Very Poor,198.24,410.79,93.86,1.26,18.84,36.78
Delhi,2017-02-03,438.0,Severe,194.99,427.02,88.38,1.26,19.98,39.02
Delhi,2017-02-04,407.0,Severe,186.65,324.14,62.01,0.92,17.04,43.9
Delhi,2017-02-05,312.0,Very Poor,146.49,286.46,49.57,0.84,18.3,44.68
Delhi,2017-02-06,367.0,Very Poor,176.04,414.89,60.62,1.03,17.23,35.21
Delhi,2017-02-07,263.0,Poor,77.85,218.27,55.29,0.62,16.07,36.12
Delhi,2017-02-08,287.0,Poor,129.1,325.78,69.98,0.83,17.2,34.28
Delhi,2017-02-09,346.0,Very Poor,133.12,303.04,67.24,0.75,20.84,36.78
Delhi,2017-02-10,314.0,Very Poor,120.43,272.12,62.77,0.68,20.09,35.09
Delhi,2017-02-11,314.0,Very Poor,129.09,275.18,58.31,0.54,17.55,31.87
Delhi,2017-02-12,314.0,Very Poor,166.55,250.37,56.97,0.38,19.9,31.11
Delhi,2017-02-13,298.0,Poor,130.62,268.92,73.3,0.79,21.25,36.88
Delhi,2017-02-14,319.0,Very Poor,168.96,358.24,81.51,0.87,21.87,35.28
Delhi,2017-02-15,382.0,Very Poor,183.98,386.01,82.14,0.78,21.26,31.92
Delhi,2017-02-16,352.0,Very Poor,163.86,335.5,78.82,0.72,21.02,31.57
Delhi,2017-02-17,309.0,Very Poor,112.02,330.9,72.55,0.71,19.33,32.42
Delhi,2017-02-18,301.0,Very Poor,107.13,352.54,71.98,0.66,19.29,30.24
Delhi,2017-02-19,274.0,Poor,109.38,364.83,68.84,0.78,18.33,29.1
Delhi,2017-02-20,313.0,Very Poor,126.74,406.49,67.45,1.06,23.96,35.07
Delhi,2017-02-21,310.0,Very Poor,106.92,303.47,60.72,0.7,19.57,33.71
Delhi,2017-02-22,258.0,Poor,93.03,270.3,65.62,0.8,19.84,38.35
Delhi,2017-02-23,238.0,Poor,182.29,158.96,55.22,0.27,13.77,44.58
Delhi,2017-02-24,449.0,Severe,451.25,104.82,42.2,0.0,6.64,55.11
Delhi,2017-02-25,516.0,Severe,425.22,103.74,46.64,0.0,8.41,55.2
Delhi,2017-02-26,520.0,Severe,328.23,198.09,59.34,0.41,17.55,31.79
Delhi,2017-02-27,363.0,Very Poor,178.5,255.65,72.8,0.8,21.66,35.64
Delhi,2017-02-28,362.0,Very Poor,149.73,382.34,94.66,1.42,28.15,38.79
Delhi,2017-03-01,397.0,Very Poor,127.9,359.47,79.46,0.92,24.07,45.24
Delhi,2017-03-02,280.0,Poor,114.68,300.55,69.08,0.47,23.53,35.22
Delhi,2017-03-03,206.0,Poor,67.83,181.19,56.64,0.57,19.69,32.02
Delhi,2017-03-04,190.0,Moderate,82.32,196.84,60.55,0.57,22.03,27.77
Delhi,2017-03-05,210.0,Poor,90.6,229.62,61.48,0.69,25.34,31.88
Delhi,2017-03-06,201.0,Poor,91.6,242.14,64.99,0.76,26.91,30.68
Delhi,2017-03-07,243.0,Poor,112.41,307.78,65.16,0.89,30.7,34.43
Delhi,2017-03-08,267.0,Poor,134.4,224.36,49.88,0.43,24.14,35.35
Delhi,2017-03-09,245.0,Poor,106.45,142.78,39.68,0.23,20.15,45.45
Delhi,2017-03-10,165.0,Moderate,68.88,106.39,33.32,0.21,17.93,47.51
Delhi,2017-03-11,102.0,Moderate,37.49,110.65,32.0,0.25,19.4,47.14
Delhi,2017-03-12,159.0,Moderate,64.42,169.87,32.11,0.26,20.11,42.82
Delhi,2017-03-13,174.0,Moderate,74.58,182.79,27.78,0.24,19.33,34.2
Delhi,2017-03-14,270.0,Poor,102.46,284.27,34.28,0.4,22.37,34.99
Delhi,2017-03-15,397.0,Very Poor,112.71,319.97,42.06,0.45,23.96,32.01
Delhi,2017-03-16,371.0,Very Poor,125.8,348.95,42.18,0.52,23.59,31.9
Delhi,2017-03-17,328.0,Very Poor,114.07,288.64,38.7,0.65,21.42,32.6
Delhi,2017-03-18,254.0,Poor,96.39,267.96,46.65,0.6,22.29,33.42
Delhi,2017-03-19,342.0,Very Poor,120.43,350.42,51.65,0.81,22.89,31.83
Delhi,2017-03-20,367.0,Very Poor,121.21,332.73,49.53,0.77,22.25,30.92
Delhi,2017-03-21,400.0,Very Poor,128.51,365.67,51.94,0.83,24.38,28.61
Delhi,2017-03-22,390.0,Very Poor,120.88,405.64,69.31,0.58,28.88,20.88
Delhi,2017-03-23,417.0,Severe,151.17,342.53,70.55,0.55,27.21,31.7
Delhi,2017-03-24,359.0,Very Poor,149.42,282.88,79.52,0.68,22.09,19.74
Delhi,2017-03-25,309.0,Very Poor,168.23,254.71,83.82,0.31,15.18,22.26
Delhi,2017-03-26,292.0,Poor,118.34,247.77,78.84,0.31,14.85,23.14
Delhi,2017-03-27,278.0,Poor,156.38,218.98,79.24,0.33,17.55,23.49
Delhi,2017-03-28,320.0,Very Poor,152.66,289.95,85.54,0.42,18.24,18.81
Delhi,2017-03-29,350.0,Very Poor,113.62,311.56,75.87,0.45,17.26,15.36
Delhi,2017-03-30,234.0,Poor,69.44,204.22,76.28,0.37,23.72,14.88
Delhi,2017-03-31,233.0,Poor,91.19,285.69,84.22,0.41,20.48,22.61
Delhi,2017-04-01,341.0,Very Poor,105.71,291.02,81.75,0.52,20.05,22.94
Delhi,2017-04-02,259.0,Poor,83.36,210.86,77.96,0.42,19.33,34.73
Delhi,2017-04-03,204.0,Poor,70.62,192.27,83.8,0.37,24.03,32.92
Delhi,2017-04-04,220.0,Poor,84.4,234.82,73.67,0.39,24.14,31.95
Delhi,2017-04-05,255.0,Poor,47.67,207.72,64.65,0.32,19.75,29.86
Delhi,2017-04-06,211.0,Poor,62.44,252.48,67.13,0.3,17.21,30.66
Delhi,2017-04-07,428.0,Severe,150.76,543.0,74.99,0.35,27.69,35.44
Delhi,2017-04-08,497.0,Severe,151.25,410.15,77.6,0.48,33.4,36.52
Delhi,2017-04-09,289.0,Poor,68.88,190.42,68.1,0.27,22.78,52.48
Delhi,2017-04-10,285.0,Poor,129.15,237.88,72.06,0.29,21.85,54.89
Delhi,2017-04-11,368.0,Very Poor,146.59,253.07,71.58,0.33,24.49,45.45
Delhi,2017-04-12,304.0,Very Poor,107.69,309.37,61.17,0.64,32.76,33.49
Delhi,2017-04-13,377.0,Very Poor,163.97,375.82,87.79,1.06,43.82,27.66
Delhi,2017-04-14,418.0,Severe,184.69,371.87,110.15,1.1,50.31,43.31
Delhi,2017-04-15,355.0,Very Poor,176.54,343.62,102.4,1.0,42.8,28.5
Delhi,2017-04-16,416.0,Severe,175.23,409.95,102.55,1.12,62.6,40.1
Delhi,2017-04-17,403.0,Severe,145.22,389.03,102.55,0.75,42.39,35.43
Delhi,2017-04-18,415.0,Severe,152.84,400.78,88.05,0.4,44.15,28.65
Delhi,2017-04-19,412.0,Severe,136.35,356.47,80.08,0.67,41.33,32.02
Delhi,2017-04-20,394.0,Very Poor,152.99,324.19,93.15,0.9,37.38,49.2
Delhi,2017-04-21,357.0,Very Poor,130.13,409.7,103.25,0.54,30.82,56.86
Delhi,2017-04-22,291.0,Poor,110.54,263.66,93.8,0.0,7.71,34.07
Delhi,2017-04-23,244.0,Poor,103.42,260.82,75.05,0.28,29.4,55.86
Delhi,2017-04-24,287.0,Poor,99.09,266.24,61.32,1.09,31.95,42.6
Delhi,2017-04-25,254.0,Poor,96.07,287.92,69.59,0.63,39.9,50.43
Delhi,2017-04-26,242.0,Poor,72.31,189.5,72.94,0.63,29.27,38.6
Delhi,2017-04-27,223.0,Poor,93.14,271.06,73.49,0.72,46.69,41.04
Delhi,2017-04-28,243.0,Poor,109.36,271.94,68.76,0.86,39.58,33.66
Delhi,2017-04-29,237.0,Poor,126.74,303.75,85.21,1.1,54.52,40.95
Delhi,2017-04-30,275.0,Poor,80.81,234.05,65.55,0.71,46.62,57.8
Delhi,2017-05-01,183.0,Moderate,85.8,211.83,70.38,1.05,56.64,42.85
Delhi,2017-05-02,370.0,Very Poor,198.2,313.23,108.48,1.41,50.78,58.08
Delhi,2017-05-03,419.0,Severe,145.74,367.73,97.21,1.06,54.83,43.78
Delhi,2017-05-04,317.0,Very Poor,109.91,302.02,67.76,0.83,34.97,45.95
Delhi,2017-05-05,455.0,Severe,207.4,429.32,75.66,0.99,46.67,50.69
Delhi,2017-05-06,435.0,Severe,204.56,363.53,92.19,1.5,51.7,43.3
Delhi,2017-05-07,468.0,Severe,220.77,376.33,92.34,2.08,45.39,42.33
Delhi,2017-05-08,442.0,Severe,183.82,392.34,94.19,1.34,52.99,39.49
Delhi,2017-05-09,400.0,Very Poor,109.76,334.65,65.21,0.64,36.94,43.99
Delhi,2017-05-10,223.0,Poor,74.42,242.54,46.48,0.6,35.61,61.69
Delhi,2017-05-11,220.0,Poor,94.28,263.87,62.22,0.85,44.94,68.53
Delhi,2017-05-12,474.0,Severe,216.96,500.59,70.84,0.89,65.5,66.7
Delhi,2017-05-13,479.0,Severe,198.09,356.85,87.53,1.17,53.24,63.83
Delhi,2017-05-14,373.0,Very Poor,121.76,334.51,70.37,0.89,44.98,41.08
Delhi,2017-05-15,354.0,Very Poor,135.54,381.35,75.55,0.7,46.16,34.75
Delhi,2017-05-16,349.0,Very Poor,123.21,375.15,54.83,0.57,41.96,52.5
Delhi,2017-05-17,264.0,Poor,78.18,287.99,47.84,0.4,39.01,48.38
Delhi,2017-05-18,188.0,Moderate,126.04,279.92,50.3,0.41,55.11,52.39
Delhi,2017-05-19,294.0,Poor,139.1,329.12,58.93,0.71,41.31,45.33
Delhi,2017-05-20,334.0,Very Poor,233.82,352.76,59.74,0.9,36.26,46.67
Delhi,2017-05-21,505.0,Severe,178.44,505.07,52.38,0.88,40.4,49.89
Delhi,2017-05-22,349.0,Very Poor,110.1,386.67,63.7,0.99,35.36,40.92
Delhi,2017-05-23,421.0,Severe,118.43,326.02,84.21,0.89,37.55,39.59
Delhi,2017-05-24,238.0,Poor,107.37,252.35,80.72,0.47,42.21,39.1
Delhi,2017-05-25,204.0,Poor,113.9,222.88,65.71,0.56,41.43,30.8
Delhi,2017-05-26,289.0,Poor,103.75,301.57,79.07,0.65,41.4,53.9
Delhi,2017-05-27,236.0,Poor,69.88,317.07,50.12,0.53,38.55,53.22
Delhi,2017-05-28,148.0,Moderate,40.33,150.34,45.6,0.49,31.5,57.01
Delhi,2017-05-29,94.0,Satisfactory,48.95,150.23,55.2,0.54,26.99,49.0
Delhi,2017-05-30,130.0,Moderate,63.27,174.62,64.11,0.5,26.15,54.23
Delhi,2017-05-31,123.0,Moderate,56.38,137.62,69.98,0.83,21.94,50.95
Delhi,2017-06-01,192.0,Moderate,95.23,257.16,97.33,1.08,23.0,65.67
Delhi,2017-06-02,324.0,Very Poor,123.44,354.35,131.55,1.08,24.75,45.77
Delhi,2017-06-03,357.0,Very Poor,122.2,362.94,119.37,1.1,23.23,42.56
Delhi,2017-06-04,393.0,Very Poor,121.1,436.35,92.68,0.72,22.69,29.97
Delhi,2017-06-05,302.0,Very Poor,71.89,320.91,64.07,0.56,18.63,20.67
Delhi,2017-06-06,239.0,Poor,80.37,348.79,57.63,0.56,16.51,26.41
Delhi,2017-06-07,210.0,Poor,40.87,233.62,70.77,0.29,23.51,39.61
Delhi,2017-06-08,77.0,Satisfactory,41.83,105.95,79.9,0.0,7.71,34.07
Delhi,2017-06-09,89.0,Satisfactory,66.73,295.56,76.52,0.0,7.71,34.07
Delhi,2017-06-10,143.0,Moderate,64.63,105.95,80.04,0.0,7.71,34.07
Delhi,2017-06-11,80.0,Satisfactory,43.02,105.95,77.07,0.0,7.71,34.07
Delhi,2017-06-12,92.0,Satisfactory,57.4,166.25,106.23,0.0,7.71,34.07
Delhi,2017-06-13,112.0,Moderate,48.6,244.14,96.64,0.0,7.71,34.07
Delhi,2017-06-14,117.0,Moderate,62.0,310.73,86.9,0.0,7.71,34.07
Delhi,2017-06-15,101.0,Moderate,80.14,205.5,139.09,0.0,7.71,34.07
Delhi,2017-06-16,106.0,Moderate,51.6,124.35,80.43,0.0,7.71,34.07
Delhi,2017-06-17,88.0,Satisfactory,41.96,87.16,70.93,0.0,7.71,34.07
Delhi,2017-06-18,94.0,Satisfactory,65.19,218.93,56.65,0.0,7.71,34.07
Delhi,2017-06-19,150.0,Moderate,60.9,228.2,36.63,0.0,7.71,34.07
Delhi,2017-06-20,97.0,Satisfactory,35.1,88.82,99.75,0.0,7.71,34.07
Delhi,2017-06-21,109.0,Moderate,58.27,87.74,63.2,0.0,7.71,34.07
Delhi,2017-06-22,124.0,Moderate,61.93,124.6,36.35,0.0,7.71,34.07
Delhi,2017-06-23,123.0,,44.08,160.22,103.29,0.0,7.71,34.07
Delhi,2017-06-24,111.0,Moderate,63.62,245.23,83.84,0.0,7.71,34.07
Delhi,2017-06-25,148.0,Moderate,76.1,325.29,71.42,0.0,7.71,34.07
Delhi,2017-06-26,108.0,Moderate,51.52,359.19,53.97,0.0,7.71,34.07
Delhi,2017-06-27,73.0,Satisfactory,36.62,286.38,54.02,0.0,7.71,34.07
Delhi,2017-06-28,58.0,Satisfactory,29.83,128.18,58.02,0.0,7.71,34.07
Delhi,2017-06-29,58.0,Satisfactory,22.98,103.8,35.01,0.0,7.71,34.07
Delhi,2017-06-30,46.0,Good,25.83,90.41,32.97,0.0,7.71,34.07
Delhi,2017-07-01,84.0,Satisfactory,43.35,224.62,17.4,0.0,7.71,34.07
Delhi,2017-07-02,54.0,Satisfactory,20.52,223.56,11.37,0.0,7.71,34.07
Delhi,2017-07-03,49.0,Good,46.71,246.98,20.06,0.0,7.71,34.07
Delhi,2017-07-04,149.0,Moderate,116.12,105.95,19.37,0.0,7.71,34.07
Delhi,2017-07-05,212.0,Poor,50.81,105.95,14.86,0.0,7.71,34.07
Delhi,2017-07-06,85.0,Satisfactory,47.17,105.95,18.32,0.0,7.71,34.07
Delhi,2017-07-07,77.0,Satisfactory,41.42,105.95,18.21,0.0,7.71,34.07
Delhi,2017-07-08,65.0,Satisfactory,45.31,105.95,23.52,0.0,7.71,34.07
Delhi,2017-07-09,108.0,Moderate,58.46,105.95,21.16,0.0,7.71,34.07
Delhi,2017-07-10,78.0,Satisfactory,41.92,105.95,18.81,0.0,7.71,34.07
Delhi,2017-07-11,59.0,Satisfactory,33.04,105.95,21.44,0.0,7.71,34.07
Delhi,2017-07-12,47.0,Good,22.35,105.95,19.98,0.0,7.71,34.07
Delhi,2017-07-13,39.0,Good,22.44,105.95,21.59,0.0,7.71,34.07
Delhi,2017-07-14,40.0,Good,30.35,105.95,38.36,0.0,7.71,34.07
Delhi,2017-07-15,56.0,Satisfactory,32.02,105.95,77.47,0.0,7.71,34.07
Delhi,2017-07-16,65.0,Satisfactory,38.77,105.95,76.98,0.0,7.71,34.07
Delhi,2017-07-17,71.0,Satisfactory,33.56,105.95,86.61,0.0,7.71,34.07
Delhi,2017-07-18,97.0,Satisfactory,37.67,105.95,126.91,0.0,7.71,34.07
Delhi,2017-07-19,118.0,Moderate,55.96,105.95,137.15,0.0,7.71,34.07
Delhi,2017-07-20,116.0,Moderate,28.88,105.95,61.54,0.0,7.71,34.07
Delhi,2017-07-21,53.0,Satisfactory,23.12,105.95,23.67,0.0,7.71,34.07
Delhi,2017-07-22,30.0,Good,18.54,105.95,19.9,0.0,7.71,34.07
Delhi,2017-07-23,37.0,Good,22.65,105.95,18.22,0.0,7.71,34.07
Delhi,2017-07-24,35.0,Good,17.52,105.95,19.95,0.0,7.71,34.07
Delhi,2017-07-25,37.0,Good,22.17,105.95,18.1,0.0,7.71,34.07
Delhi,2017-07-26,32.0,Good,20.17,105.95,21.95,0.0,7.71,34.07
Delhi,2017-07-27,41.0,Good,24.42,105.95,25.33,0.0,7.71,34.07
Delhi,2017-07-28,42.0,Good,25.71,105.95,24.07,0.0,7.71,34.07
Delhi,2017-07-29,47.0,Good,27.25,105.95,22.87,0.0,7.71,34.07
Delhi,2017-07-30,30.0,Good,10.88,105.95,20.58,0.0,7.71,34.07
Delhi,2017-07-31,29.0,Good,17.1,105.95,26.19,0.0,7.71,34.07
Delhi,2017-08-01,44.0,Good,17.24,105.95,23.4,0.0,7.71,34.07
Delhi,2017-08-02,40.0,Good,27.56,105.95,26.54,0.0,7.71,34.07
Delhi,2017-08-03,49.0,Good,27.29,105.95,29.16,0.0,7.71,34.07
Delhi,2017-08-04,50.0,Good,42.65,105.95,33.74,0.0,7.71,34.07
Delhi,2017-08-05,88.0,Satisfactory,53.69,105.95,42.98,0.0,7.71,34.07
Delhi,2017-08-06,99.0,Satisfactory,61.44,105.95,41.75,0.0,7.71,34.07
Delhi,2017-08-07,110.0,Moderate,57.42,105.95,32.2,0.0,7.71,34.07
Delhi,2017-08-08,68.0,Satisfactory,36.58,105.95,29.91,0.0,7.71,34.07
Delhi,2017-08-09,73.0,Satisfactory,50.42,105.95,48.7,0.0,7.71,34.07
Delhi,2017-08-10,95.0,Satisfactory,48.6,105.95,64.0,0.0,7.71,34.07
Delhi,2017-08-11,58.0,Satisfactory,21.83,105.95,35.39,0.0,7.71,34.07
Delhi,2017-08-12,45.0,Good,51.67,105.95,26.41,0.0,7.71,34.07
Delhi,2017-08-13,123.0,,51.67,105.95,26.41,0.0,7.71,34.07
Delhi,2017-08-14,123.0,,26.54,105.95,88.07,0.0,7.71,34.07
Delhi,2017-08-15,59.0,Satisfactory,30.12,105.95,49.91,0.0,7.71,34.07
Delhi,2017-08-16,53.0,Satisfactory,35.23,105.95,64.66,0.0,7.71,34.07
Delhi,2017-08-17,66.0,Satisfactory,39.6,105.95,68.78,0.0,7.71,34.07
Delhi,2017-08-18,70.0,Satisfactory,46.25,105.95,60.15,0.0,7.71,34.07
Delhi,2017-08-19,70.0,Satisfactory,35.48,105.95,39.67,0.0,7.71,34.07
Delhi,2017-08-20,63.0,Satisfactory,22.15,105.95,30.28,0.0,7.71,34.07
Delhi,2017-08-21,42.0,Good,25.5,105.95,24.42,0.0,7.71,34.07
Delhi,2017-08-22,123.0,,46.0,105.95,38.7,0.0,7.71,34.07
Delhi,2017-08-23,123.0,,36.54,105.95,43.43,0.0,7.71,34.07
Delhi,2017-08-24,58.0,Satisfactory,47.79,105.95,45.26,0.0,7.71,34.07
Delhi,2017-08-25,104.0,Moderate,51.33,105.95,39.3,0.0,7.71,34.07
Delhi,2017-08-26,123.0,,62.33,105.95,37.65,0.0,7.71,34.07
Delhi,2017-08-27,123.0,,34.3,105.95,34.06,0.0,7.71,34.07
Delhi,2017-08-28,123.0,,23.82,105.95,27.89,0.0,2.34,13.61
Delhi,2017-08-29,123.0,,15.23,105.95,69.8,0.0,7.71,34.07
Delhi,2017-08-30,73.0,Satisfactory,20.5,105.95,101.89,0.0,7.71,34.07
Delhi,2017-08-31,94.0,Satisfactory,41.62,60.15,50.7,0.76,7.71,27.78
Delhi,2017-09-01,91.0,Satisfactory,25.58,41.64,26.64,0.54,7.71,24.03
Delhi,2017-09-02,88.0,Satisfactory,20.06,45.86,26.09,0.48,7.71,25.0
Delhi,2017-09-03,88.0,Satisfactory,38.19,79.78,27.32,0.4,7.71,25.07
Delhi,2017-09-04,89.0,Satisfactory,47.89,84.29,25.85,0.36,7.71,24.93
Delhi,2017-09-05,88.0,Satisfactory,35.61,75.82,30.29,0.37,7.71,25.08
Delhi,2017-09-06,88.0,Satisfactory,39.41,85.23,35.92,0.33,7.71,24.95
Delhi,2017-09-07,88.0,Satisfactory,40.34,67.06,23.75,0.36,7.71,24.93
Delhi,2017-09-08,106.0,Moderate,51.7,101.89,16.52,0.49,7.71,25.88
Delhi,2017-09-09,96.0,Satisfactory,54.83,111.65,17.54,0.45,7.71,25.77
Delhi,2017-09-10,118.0,Moderate,60.46,119.5,19.76,0.48,7.71,26.39
Delhi,2017-09-11,119.0,Moderate,63.97,120.06,20.25,0.45,7.71,27.92
Delhi,2017-09-12,106.0,Moderate,46.65,103.84,16.56,0.42,7.71,24.84
Delhi,2017-09-13,115.0,Moderate,54.77,143.16,10.76,0.13,7.71,24.38
Delhi,2017-09-14,142.0,Moderate,80.47,186.11,31.88,0.12,7.71,26.98
Delhi,2017-09-15,169.0,Moderate,64.37,127.68,34.75,0.36,7.71,27.32
Delhi,2017-09-16,110.0,Moderate,51.56,82.26,36.6,0.44,7.71,26.7
Delhi,2017-09-17,106.0,Moderate,53.05,85.65,37.33,0.33,7.71,26.7
Delhi,2017-09-18,99.0,Satisfactory,60.83,102.29,56.67,0.21,7.71,30.08
Delhi,2017-09-19,109.0,Moderate,55.55,112.21,34.72,0.43,7.71,28.73
Delhi,2017-09-20,137.0,Moderate,70.81,111.9,21.49,0.44,7.71,31.95
Delhi,2017-09-21,144.0,Moderate,55.93,76.81,22.74,0.46,7.71,23.1
Delhi,2017-09-22,92.0,Satisfactory,11.81,18.59,22.4,0.32,7.71,24.88
Delhi,2017-09-23,83.0,Satisfactory,17.76,43.57,18.63,0.35,7.71,22.19
Delhi,2017-09-24,84.0,Satisfactory,35.5,81.42,17.01,0.37,7.71,22.63
Delhi,2017-09-25,104.0,Moderate,50.09,100.02,27.25,0.37,7.71,24.48
Delhi,2017-09-26,131.0,Moderate,66.12,114.15,27.52,0.6,7.13,30.45
Delhi,2017-09-27,165.0,Moderate,80.94,125.39,21.39,0.61,6.62,29.26
Delhi,2017-09-28,176.0,Moderate,75.4,102.91,38.55,0.43,6.08,34.06
Delhi,2017-09-29,172.0,Moderate,89.38,140.94,29.45,0.45,7.17,40.26
Delhi,2017-09-30,137.0,Moderate,74.2,125.73,26.08,0.3,6.64,38.44
Delhi,2017-10-01,131.0,Moderate,68.47,120.56,28.66,0.46,3.46,32.9
Delhi,2017-10-02,132.0,Moderate,63.41,128.15,25.2,0.43,2.94,30.1
Delhi,2017-10-03,115.0,Moderate,69.45,127.48,26.09,0.2,5.81,34.34
Delhi,2017-10-04,151.0,Moderate,76.81,138.81,28.99,0.19,11.7,35.79
Delhi,2017-10-05,180.0,Moderate,75.73,125.31,24.45,0.27,11.96,36.81
Delhi,2017-10-06,183.0,Moderate,79.81,111.43,27.44,0.33,13.91,38.67
Delhi,2017-10-07,193.0,Moderate,70.98,151.15,25.61,0.32,22.29,34.44
Delhi,2017-10-08,224.0,Poor,102.2,155.03,24.51,0.24,24.0,35.32
Delhi,2017-10-09,268.0,Poor,107.63,173.87,27.06,0.24,23.51,31.11
Delhi,2017-10-10,253.0,Poor,105.88,158.68,31.67,0.26,7.6,30.89
Delhi,2017-10-11,208.0,Poor,104.45,122.3,30.92,0.25,6.57,29.67
Delhi,2017-10-12,211.0,Poor,106.85,186.91,31.1,0.33,7.65,35.14
Delhi,2017-10-13,246.0,Poor,137.42,207.87,29.16,0.33,9.36,37.98
Delhi,2017-10-14,319.0,Very Poor,147.07,208.87,30.14,0.37,14.64,42.39
Delhi,2017-10-15,317.0,Very Poor,147.83,195.47,30.0,0.33,14.31,37.15
Delhi,2017-10-16,310.0,Very Poor,152.61,213.98,58.53,1.02,23.09,30.49
Delhi,2017-10-17,313.0,Very Poor,121.7,212.35,57.08,1.36,17.44,30.46
Delhi,2017-10-18,310.0,Very Poor,152.16,204.03,63.15,1.05,27.42,35.86
Delhi,2017-10-19,336.0,Very Poor,176.17,259.0,53.51,1.18,22.15,36.35
Delhi,2017-10-20,497.0,Severe,426.52,387.13,54.76,1.06,36.85,41.14
Delhi,2017-10-21,404.0,Severe,213.12,317.52,50.13,1.46,20.55,34.52
Delhi,2017-10-22,338.0,Very Poor,146.01,201.91,55.88,0.93,24.42,34.88
Delhi,2017-10-23,327.0,Very Poor,163.35,242.73,64.25,1.45,27.79,52.91
Delhi,2017-10-24,366.0,Very Poor,188.24,331.64,81.33,1.51,23.19,86.13
Delhi,2017-10-25,357.0,Very Poor,203.03,326.46,80.62,1.01,23.77,106.16
Delhi,2017-10-26,328.0,Very Poor,178.91,290.41,90.56,1.15,24.12,99.71
Delhi,2017-10-27,345.0,Very Poor,167.54,293.68,65.44,0.98,21.24,82.93
Delhi,2017-10-28,379.0,Very Poor,198.37,329.05,84.45,0.9,27.88,110.71
Delhi,2017-10-29,362.0,Very Poor,187.82,300.92,60.61,1.16,25.08,83.99
Delhi,2017-10-30,340.0,Very Poor,196.37,308.22,69.51,1.47,23.68,88.38
Delhi,2017-10-31,366.0,Very Poor,211.64,323.45,53.08,1.84,19.36,65.34
Delhi,2017-11-01,344.0,Very Poor,179.17,265.9,46.83,1.13,16.01,56.79
Delhi,2017-11-02,305.0,Very Poor,160.69,227.41,47.7,1.4,17.19,61.91
Delhi,2017-11-03,310.0,Very Poor,168.16,239.73,46.49,1.31,15.29,62.16
Delhi,2017-11-04,345.0,Very Poor,190.33,292.7,47.28,1.83,18.87,73.16
Delhi,2017-11-05,370.0,Very Poor,209.61,334.64,60.56,2.33,19.55,86.74
Delhi,2017-11-06,377.0,Very Poor,216.53,330.27,57.27,1.94,18.74,72.82
Delhi,2017-11-07,532.0,Severe,517.93,654.68,65.17,2.37,15.29,56.06
Delhi,2017-11-08,675.0,Severe,639.19,796.88,77.51,2.74,20.46,55.51
Delhi,2017-11-09,677.0,Severe,495.9,652.21,81.67,2.37,15.68,86.62
Delhi,2017-11-10,597.0,Severe,370.73,496.48,80.73,2.45,17.84,104.94
Delhi,2017-11-11,471.0,Severe,363.77,511.44,78.61,2.32,17.8,95.54
Delhi,2017-11-12,613.0,Severe,465.08,622.4,70.1,2.44,13.94,88.03
Delhi,2017-11-13,561.0,Severe,354.56,498.63,65.77,2.33,15.58,94.42
Delhi,2017-11-14,444.0,Severe,254.36,365.91,56.46,1.74,13.67,69.5
Delhi,2017-11-15,378.0,Very Poor,192.04,279.26,57.85,1.64,19.24,60.28
Delhi,2017-11-16,357.0,Very Poor,191.57,278.95,53.86,1.55,22.89,62.01
Delhi,2017-11-17,330.0,Very Poor,150.79,220.08,47.38,1.51,16.32,47.92
Delhi,2017-11-18,309.0,Very Poor,143.51,202.59,43.91,1.16,13.3,37.68
Delhi,2017-11-19,297.0,Poor,128.65,190.51,45.6,1.2,15.12,47.8
Delhi,2017-11-20,329.0,Very Poor,171.34,249.28,52.73,1.3,13.7,54.08
Delhi,2017-11-21,341.0,Very Poor,178.08,253.38,54.75,1.52,15.02,57.13
Delhi,2017-11-22,348.0,Very Poor,177.41,258.11,54.64,1.51,18.13,57.6
Delhi,2017-11-23,340.0,Very Poor,175.56,251.23,55.04,1.55,18.32,54.34
Delhi,2017-11-24,348.0,Very Poor,187.97,256.92,64.15,1.65,19.2,54.02
Delhi,2017-11-25,347.0,Very Poor,185.31,268.09,76.48,1.74,17.95,48.1
Delhi,2017-11-26,368.0,Very Poor,224.37,338.82,67.6,1.97,21.01,44.82
Delhi,2017-11-27,382.0,Very Poor,198.34,328.09,68.93,1.64,18.95,41.09
Delhi,2017-11-28,360.0,Very Poor,167.74,290.47,62.53,1.76,19.39,34.78
Delhi,2017-11-29,359.0,Very Poor,215.17,327.64,75.37,2.31,20.1,40.91
Delhi,2017-11-30,388.0,Very Poor,219.84,344.17,57.73,2.11,16.83,44.4
Delhi,2017-12-01,377.0,Very Poor,190.45,309.07,56.83,1.83,17.59,31.62
Delhi,2017-12-02,356.0,Very Poor,208.87,324.46,65.66,2.1,20.17,36.62
Delhi,2017-12-03,384.0,Very Poor,240.87,359.22,65.83,2.28,19.92,37.61
Delhi,2017-12-04,415.0,Severe,261.82,390.1,65.49,2.49,20.17,32.64
Delhi,2017-12-05,404.0,Severe,230.56,358.86,64.61,2.41,18.29,50.69
Delhi,2017-12-06,330.0,Very Poor,120.91,210.21,51.02,1.65,20.88,43.68
Delhi,2017-12-07,215.0,Poor,88.95,170.12,45.83,1.49,18.17,41.43
Delhi,2017-12-08,220.0,Poor,115.08,204.38,53.85,1.56,21.69,50.26
Delhi,2017-12-09,312.0,Very Poor,165.76,268.35,70.14,1.77,24.22,68.58
Delhi,2017-12-10,389.0,Very Poor,230.34,341.87,83.94,2.18,25.97,90.07
Delhi,2017-12-11,406.0,Severe,218.87,338.45,71.25,2.28,24.39,66.07
Delhi,2017-12-12,280.0,Poor,109.18,152.76,45.94,1.51,11.71,38.75
Delhi,2017-12-13,263.0,Poor,134.99,203.48,40.27,1.34,10.81,46.28
Delhi,2017-12-14,276.0,Poor,126.67,189.9,36.59,1.31,11.18,42.19
Delhi,2017-12-15,292.0,Poor,127.57,194.15,34.73,1.28,9.69,38.04
Delhi,2017-12-16,228.0,Poor,100.72,152.72,29.84,1.06,4.98,23.98
Delhi,2017-12-17,195.0,Moderate,95.58,163.65,37.37,1.2,12.68,36.4
Delhi,2017-12-18,223.0,Poor,115.19,189.64,45.8,1.28,16.97,45.37
Delhi,2017-12-19,291.0,Poor,168.33,257.19,54.84,1.48,23.03,49.68
Delhi,2017-12-20,378.0,Very Poor,283.24,410.74,66.41,1.91,25.0,67.35
Delhi,2017-12-21,467.0,Severe,293.14,435.23,61.63,1.45,22.54,66.06
Delhi,2017-12-22,370.0,Very Poor,157.72,241.38,50.73,1.17,20.47,48.84
Delhi,2017-12-23,253.0,Poor,117.72,181.59,50.97,1.54,19.95,43.85
Delhi,2017-12-24,309.0,Very Poor,203.18,301.71,66.65,1.74,23.73,59.85
Delhi,2017-12-25,398.0,Very Poor,259.0,368.35,58.92,1.68,23.76,56.1
Delhi,2017-12-26,372.0,Very Poor,224.42,326.11,57.6,1.57,22.1,38.93
Delhi,2017-12-27,379.0,Very Poor,224.27,317.87,65.61,1.69,23.17,58.98
Delhi,2017-12-28,398.0,Very Poor,249.17,362.39,70.25,1.86,25.51,66.0
Delhi,2017-12-29,399.0,Very Poor,227.28,347.63,59.7,1.7,25.54,61.36
Delhi,2017-12-30,421.0,Severe,273.56,401.15,60.4,1.96,21.01,61.73
Delhi,2017-12-31,451.0,Severe,306.17,445.58,66.97,1.95,17.97,76.45
Delhi,2018-01-01,462.0,Severe,303.41,415.09,63.92,1.8,18.58,68.75
Delhi,2018-01-02,439.0,Severe,277.48,422.59,53.73,1.52,12.43,68.68
Delhi,2018-01-03,405.0,Severe,217.01,336.87,52.24,1.29,10.28,54.94
Delhi,2018-01-04,394.0,Very Poor,248.54,377.61,61.57,1.36,14.42,66.31
Delhi,2018-01-05,398.0,Very Poor,240.42,360.99,54.8,1.38,13.2,48.57
Delhi,2018-01-06,403.0,Severe,252.57,378.9,59.12,1.59,18.15,39.65
Delhi,2018-01-07,384.0,Very Poor,191.66,292.74,47.02,1.3,16.27,57.39
Delhi,2018-01-08,314.0,Very Poor,152.98,259.13,51.6,1.33,17.15,54.55
Delhi,2018-01-09,373.0,Very Poor,233.1,355.21,66.19,1.54,21.82,66.79
Delhi,2018-01-10,366.0,Very Poor,186.26,294.24,60.21,1.4,18.98,58.51
Delhi,2018-01-11,318.0,Very Poor,154.64,243.95,63.57,1.47,17.4,56.22
Delhi,2018-01-12,306.0,Very Poor,168.87,281.06,65.3,1.56,24.03,62.37
Delhi,2018-01-13,370.0,Very Poor,230.5,355.43,61.28,2.12,24.28,75.14
Delhi,2018-01-14,365.0,Very Poor,191.47,308.74,54.37,1.72,22.47,64.8
Delhi,2018-01-15,352.0,Very Poor,177.71,309.85,52.51,1.42,19.12,59.73
Delhi,2018-01-16,278.0,Poor,133.56,231.04,46.86,1.36,19.06,54.0
Delhi,2018-01-17,350.0,Very Poor,235.06,353.55,47.86,1.61,14.48,64.1
Delhi,2018-01-18,411.0,Severe,276.25,428.08,55.08,2.04,21.02,72.89
Delhi,2018-01-19,451.0,Severe,253.7,398.16,49.45,1.82,22.27,73.6
Delhi,2018-01-20,351.0,Very Poor,152.33,252.92,38.87,1.31,14.45,43.18
Delhi,2018-01-21,310.0,Very Poor,153.61,274.5,44.09,1.51,16.91,41.49
Delhi,2018-01-22,362.0,Very Poor,202.11,352.68,56.45,1.87,21.64,68.33
Delhi,2018-01-23,343.0,Very Poor,160.79,248.48,47.26,1.43,14.25,48.67
Delhi,2018-01-24,286.0,Poor,130.16,192.19,35.33,1.32,11.9,42.04
Delhi,2018-01-25,267.0,Poor,111.75,167.31,40.13,1.37,6.84,43.99
Delhi,2018-01-26,263.0,Poor,128.45,207.66,38.17,1.43,7.99,44.09
Delhi,2018-01-27,284.0,Poor,155.2,271.1,45.14,1.4,7.94,56.12
Delhi,2018-01-28,334.0,Very Poor,150.96,248.26,47.6,1.85,10.26,54.01
Delhi,2018-01-29,332.0,Very Poor,162.48,272.45,54.51,1.96,12.61,60.56
Delhi,2018-01-30,300.0,Poor,126.84,212.59,47.59,2.0,14.47,56.85
Delhi,2018-01-31,271.0,Poor,123.48,205.56,45.46,2.52,11.35,53.7
Delhi,2018-02-01,293.0,Poor,157.33,298.58,63.88,1.62,18.67,60.7
Delhi,2018-02-02,318.0,Very Poor,140.35,282.16,54.28,1.49,12.25,52.12
Delhi,2018-02-03,277.0,Poor,115.05,239.61,51.46,1.29,14.2,52.29
Delhi,2018-02-04,284.0,Poor,133.8,252.13,46.74,1.3,13.2,52.23
Delhi,2018-02-05,313.0,Very Poor,163.6,308.37,63.42,1.33,14.77,43.11
Delhi,2018-02-06,324.0,Very Poor,143.29,274.72,56.51,1.21,14.94,41.11
Delhi,2018-02-07,287.0,Poor,131.49,246.92,54.53,1.18,14.58,49.34
Delhi,2018-02-08,334.0,Very Poor,186.19,338.61,74.83,1.75,13.8,45.91
Delhi,2018-02-09,375.0,Very Poor,203.33,348.94,74.5,1.7,14.35,49.11
Delhi,2018-02-10,378.0,Very Poor,209.7,373.06,99.06,2.55,13.77,53.31
Delhi,2018-02-11,350.0,Very Poor,148.13,300.96,62.4,1.56,14.45,43.54
Delhi,2018-02-12,218.0,Poor,72.36,153.11,33.08,0.97,8.58,37.47
Delhi,2018-02-13,189.0,Moderate,103.93,170.12,46.48,1.21,10.25,38.83
Delhi,2018-02-14,217.0,Poor,76.92,149.43,34.92,0.96,9.03,38.43
Delhi,2018-02-15,189.0,Moderate,94.49,173.59,38.54,1.03,11.47,40.95
Delhi,2018-02-16,248.0,Poor,123.19,219.11,48.33,1.21,12.49,38.4
Delhi,2018-02-17,277.0,Poor,127.8,244.27,49.9,1.27,15.01,44.13
Delhi,2018-02-18,284.0,Poor,127.27,234.67,50.94,1.36,12.17,45.75
Delhi,2018-02-19,321.0,Very Poor,172.55,315.75,71.76,1.96,15.25,49.74
Delhi,2018-02-20,335.0,Very Poor,167.16,317.53,68.29,1.89,14.53,51.27
Delhi,2018-02-21,347.0,Very Poor,172.99,346.46,92.54,2.42,13.97,57.47
Delhi,2018-02-22,333.0,Very Poor,159.67,313.47,66.4,1.8,15.89,47.69
Delhi,2018-02-23,331.0,Very Poor,163.75,333.99,70.77,1.81,16.26,48.62
Delhi,2018-02-24,347.0,Very Poor,164.2,349.29,62.66,1.52,15.09,55.26
Delhi,2018-02-25,317.0,Very Poor,106.26,222.46,42.88,1.0,14.34,43.87
Delhi,2018-02-26,170.0,Moderate,67.27,156.72,33.59,0.88,9.64,43.19
Delhi,2018-02-27,167.0,Moderate,85.53,178.51,43.12,1.15,10.72,40.51
Delhi,2018-02-28,274.0,Poor,143.25,279.26,52.5,1.47,14.52,46.16
Delhi,2018-03-01,293.0,Poor,120.71,256.86,51.74,1.43,14.9,40.69
Delhi,2018-03-02,300.0,Poor,139.18,253.32,50.64,1.64,11.52,45.55
Delhi,2018-03-03,244.0,Poor,98.25,205.92,41.07,1.18,12.93,38.38
Delhi,2018-03-04,205.0,Poor,79.83,182.26,39.02,0.99,12.95,34.95
Delhi,2018-03-05,180.0,Moderate,76.96,164.74,39.58,0.99,12.7,40.45
Delhi,2018-03-06,170.0,Moderate,75.45,163.52,37.92,0.94,12.99,44.99
Delhi,2018-03-07,192.0,Moderate,87.62,178.53,45.6,1.11,13.23,45.24
Delhi,2018-03-08,262.0,Poor,139.88,283.57,79.5,1.84,16.98,57.76
Delhi,2018-03-09,316.0,Very Poor,134.76,274.89,65.86,1.64,18.68,52.43
Delhi,2018-03-10,207.0,Poor,75.67,171.69,39.85,0.95,14.8,41.74
Delhi,2018-03-11,179.0,Moderate,88.3,183.74,41.81,1.08,15.41,46.28
Delhi,2018-03-12,236.0,Poor,105.29,223.67,45.32,1.18,17.48,44.49
Delhi,2018-03-13,241.0,Poor,109.22,245.66,56.5,1.54,17.22,43.79
Delhi,2018-03-14,287.0,Poor,116.62,328.98,64.82,1.63,17.39,48.03
Delhi,2018-03-15,314.0,Very Poor,108.98,314.72,48.86,1.23,16.08,37.77
Delhi,2018-03-16,269.0,Poor,111.67,256.67,41.48,1.09,16.61,43.04
Delhi,2018-03-17,218.0,Poor,81.57,170.16,32.61,1.09,13.63,37.89
Delhi,2018-03-18,177.0,Moderate,82.15,173.07,31.72,1.2,17.22,45.83
Delhi,2018-03-19,177.0,Moderate,81.93,197.13,43.85,1.1,16.95,44.89
Delhi,2018-03-20,224.0,Poor,109.99,249.2,55.71,1.42,20.52,51.95
Delhi,2018-03-21,302.0,Very Poor,133.53,280.94,45.33,1.36,24.36,52.82
Delhi,2018-03-22,226.0,Poor,83.4,176.02,33.49,1.0,17.14,45.99
Delhi,2018-03-23,171.0,Moderate,64.2,151.45,34.53,0.89,12.75,46.6
Delhi,2018-03-24,183.0,Moderate,78.4,186.62,37.32,0.91,14.56,50.02
Delhi,2018-03-25,202.0,Poor,85.34,190.95,34.66,0.96,15.57,54.47
Delhi,2018-03-26,203.0,Poor,85.9,198.67,41.2,1.06,16.28,52.72
Delhi,2018-03-27,246.0,Poor,111.26,256.4,60.75,1.52,18.5,49.55
Delhi,2018-03-28,293.0,Poor,117.78,280.25,71.04,1.74,16.27,57.85
Delhi,2018-03-29,238.0,Poor,95.98,217.49,41.56,1.01,16.53,57.43
Delhi,2018-03-30,234.0,Poor,96.45,241.13,45.84,1.11,15.95,58.75
Delhi,2018-03-31,269.0,Poor,101.59,292.49,44.76,1.17,16.59,67.56
Delhi,2018-04-01,217.0,Poor,75.14,199.8,37.97,1.01,14.13,68.76
Delhi,2018-04-02,217.0,Poor,96.38,241.96,48.52,1.22,16.54,64.33
Delhi,2018-04-03,239.0,Poor,101.18,252.21,51.63,1.28,17.36,67.6
Delhi,2018-04-04,244.0,Poor,111.82,262.69,52.51,1.44,16.58,65.46
Delhi,2018-04-05,329.0,Very Poor,152.56,337.64,60.24,1.76,19.67,64.73
Delhi,2018-04-06,271.0,Poor,100.5,231.2,44.92,1.42,19.96,54.04
Delhi,2018-04-07,170.0,Moderate,48.46,132.97,36.94,1.12,10.48,54.42
Delhi,2018-04-08,142.0,Moderate,50.27,137.52,34.29,1.09,10.5,56.29
Delhi,2018-04-09,133.0,Moderate,49.56,123.41,39.45,1.35,10.77,42.76
Delhi,2018-04-10,205.0,Poor,93.89,251.98,45.16,1.57,12.65,60.94
Delhi,2018-04-11,179.0,Moderate,48.61,125.53,32.33,0.99,11.21,46.34
Delhi,2018-04-12,135.0,Moderate,46.21,109.03,40.94,1.3,10.07,48.2
Delhi,2018-04-13,201.0,Poor,83.96,196.02,54.68,1.78,13.37,47.74
Delhi,2018-04-14,233.0,Poor,97.16,235.01,59.41,2.12,15.77,47.69
Delhi,2018-04-15,240.0,Poor,107.36,258.52,67.79,2.26,17.56,53.47
Delhi,2018-04-16,296.0,Poor,119.75,334.05,76.17,2.51,21.02,55.85
Delhi,2018-04-17,266.0,Poor,81.97,260.67,57.84,1.56,13.57,49.19
Delhi,2018-04-18,216.0,Poor,73.44,256.18,40.44,1.04,13.29,51.01
Delhi,2018-04-19,242.0,Poor,89.49,282.24,51.78,1.19,16.76,53.3
Delhi,2018-04-20,271.0,Poor,100.01,385.04,40.56,0.91,15.55,48.98
Delhi,2018-04-21,444.0,Severe,119.24,480.07,30.99,0.89,12.08,61.05
Delhi,2018-04-22,302.0,Very Poor,62.06,208.53,31.63,0.85,16.92,60.81
Delhi,2018-04-23,197.0,Moderate,76.11,219.94,39.43,1.03,12.89,63.78
Delhi,2018-04-24,242.0,Poor,108.64,274.05,57.07,1.28,17.01,59.45
Delhi,2018-04-25,287.0,Poor,117.56,313.41,82.47,2.02,15.1,48.81
Delhi,2018-04-26,329.0,Very Poor,142.82,397.1,78.5,2.09,17.89,65.07
Delhi,2018-04-27,351.0,Very Poor,107.47,336.49,49.86,1.41,12.96,69.49
Delhi,2018-04-28,288.0,Poor,84.13,316.52,36.11,1.14,12.38,75.5
Delhi,2018-04-29,259.0,Poor,89.1,259.12,42.57,1.26,16.1,69.07
Delhi,2018-04-30,221.0,Poor,79.3,214.51,46.42,1.12,11.9,60.39
Delhi,2018-05-01,173.0,Moderate,54.88,165.91,33.37,0.81,8.8,65.54
Delhi,2018-05-02,161.0,Moderate,66.74,189.28,34.14,1.02,7.65,64.55
Delhi,2018-05-03,167.0,Moderate,47.25,153.75,31.77,1.23,9.52,50.16
Delhi,2018-05-04,146.0,Moderate,49.09,123.82,30.44,1.17,9.06,59.09
Delhi,2018-05-05,174.0,Moderate,74.82,196.76,46.75,1.74,11.85,59.48
Delhi,2018-05-06,280.0,Poor,110.48,290.63,53.69,2.05,14.61,57.57
Delhi,2018-05-07,243.0,Poor,111.95,302.1,54.75,2.2,16.31,57.48
Delhi,2018-05-08,252.0,Poor,61.0,177.71,27.66,1.31,6.97,61.42
Delhi,2018-05-09,168.0,Moderate,71.99,177.76,46.09,1.46,12.35,53.1
Delhi,2018-05-10,218.0,Poor,93.45,215.34,52.15,2.41,12.02,57.78
Delhi,2018-05-11,292.0,Poor,132.39,315.8,65.41,2.73,16.58,65.24
Delhi,2018-05-12,330.0,Very Poor,144.33,353.5,74.13,3.2,17.75,67.9
Delhi,2018-05-13,285.0,Poor,80.64,236.35,31.22,2.1,11.48,67.88
Delhi,2018-05-14,174.0,Moderate,49.22,137.39,40.3,2.05,11.3,56.2
Delhi,2018-05-15,173.0,Moderate,67.23,177.03,39.81,1.91,11.9,62.52
Delhi,2018-05-16,194.0,Moderate,78.74,221.21,41.79,1.11,9.25,54.41
Delhi,2018-05-17,240.0,Poor,105.99,288.92,44.14,0.85,13.61,70.39
Delhi,2018-05-18,254.0,Poor,96.96,241.99,53.88,1.07,13.97,58.67
Delhi,2018-05-19,270.0,Poor,103.98,284.44,65.52,1.46,12.48,57.66
Delhi,2018-05-20,231.0,Poor,83.66,228.61,45.88,1.08,12.65,55.77
Delhi,2018-05-21,208.0,Poor,71.25,209.67,42.68,0.91,12.73,60.27
Delhi,2018-05-22,207.0,Poor,91.16,243.14,59.07,1.17,15.56,59.41
Delhi,2018-05-23,306.0,Very Poor,129.23,324.0,77.28,1.66,17.57,59.46
Delhi,2018-05-24,303.0,Very Poor,114.13,298.07,57.51,1.34,17.78,53.43
Delhi,2018-05-25,260.0,Poor,83.88,249.82,59.34,1.31,12.73,48.95
Delhi,2018-05-26,244.0,Poor,103.02,263.49,64.88,1.47,14.9,49.85
Delhi,2018-05-27,268.0,Poor,97.37,314.96,58.31,1.1,11.59,56.75
Delhi,2018-05-28,276.0,Poor,117.56,290.96,54.01,1.33,15.54,59.11
Delhi,2018-05-29,303.0,Very Poor,112.6,312.18,60.34,1.4,11.93,59.1
Delhi,2018-05-30,272.0,Poor,65.76,295.94,33.21,0.95,8.58,59.9
Delhi,2018-05-31,223.0,Poor,71.99,235.22,40.76,1.0,9.71,50.6
Delhi,2018-06-01,196.0,Moderate,79.98,233.97,30.14,0.81,8.24,58.87
Delhi,2018-06-02,183.0,Moderate,52.6,154.66,29.28,0.98,9.08,60.12
Delhi,2018-06-03,154.0,Moderate,59.52,140.21,31.51,0.84,7.79,57.87
Delhi,2018-06-04,170.0,Moderate,64.42,179.31,30.68,0.81,8.14,57.03
Delhi,2018-06-05,160.0,Moderate,61.72,152.57,27.67,0.82,7.51,48.46
Delhi,2018-06-06,146.0,Moderate,57.68,159.45,31.11,0.88,9.34,48.47
Delhi,2018-06-07,166.0,Moderate,73.77,165.33,33.8,0.96,10.1,60.18
Delhi,2018-06-08,180.0,Moderate,76.78,196.34,31.27,0.95,7.75,54.22
Delhi,2018-06-09,153.0,Moderate,52.79,136.75,27.39,0.9,6.41,41.95
Delhi,2018-06-10,153.0,Moderate,67.02,141.09,34.23,0.93,7.35,45.16
Delhi,2018-06-11,186.0,Moderate,73.22,218.14,34.85,0.9,6.94,46.66
Delhi,2018-06-12,285.0,Poor,141.28,497.9,31.72,0.87,8.73,37.85
Delhi,2018-06-13,453.0,Severe,261.77,743.98,25.75,0.77,6.91,27.45
Delhi,2018-06-14,522.0,Severe,225.49,761.91,25.37,0.72,7.22,43.38
Delhi,2018-06-15,593.0,Severe,153.28,613.34,24.61,0.7,7.31,40.15
Delhi,2018-06-16,531.0,Severe,127.32,516.85,25.0,0.68,7.29,45.76
Delhi,2018-06-17,384.0,Very Poor,84.47,289.18,22.78,0.68,6.18,44.56
Delhi,2018-06-18,179.0,Moderate,61.06,166.71,26.68,0.77,7.71,46.41
Delhi,2018-06-19,146.0,Moderate,52.76,152.06,26.52,0.68,6.5,53.39
Delhi,2018-06-20,175.0,Moderate,67.55,201.22,33.71,0.77,10.05,60.2
Delhi,2018-06-21,221.0,Poor,76.98,273.16,34.82,0.75,9.73,66.75
Delhi,2018-06-22,249.0,Poor,83.98,247.55,45.06,0.99,12.38,64.38
Delhi,2018-06-23,228.0,Poor,81.33,242.29,44.23,0.96,11.68,66.18
Delhi,2018-06-24,194.0,Moderate,54.15,163.89,34.98,0.77,13.73,59.17
Delhi,2018-06-25,168.0,Moderate,46.9,155.61,34.92,0.74,12.17,39.06
Delhi,2018-06-26,128.0,Moderate,29.98,92.12,34.16,0.72,13.16,33.09
Delhi,2018-06-27,126.0,Moderate,52.48,111.4,31.0,0.84,10.43,44.04
Delhi,2018-06-28,99.0,Satisfactory,30.07,71.42,29.01,0.76,8.48,33.17
Delhi,2018-06-29,90.0,Satisfactory,37.11,84.12,30.43,0.87,9.36,31.43
Delhi,2018-06-30,113.0,Moderate,41.41,103.75,32.89,0.91,9.55,31.21
Delhi,2018-07-01,102.0,Moderate,34.18,97.81,28.46,0.78,8.53,28.09
Delhi,2018-07-02,111.0,Moderate,34.24,122.23,25.74,0.65,8.82,33.79
Delhi,2018-07-03,122.0,Moderate,44.55,109.65,37.27,0.86,10.11,39.78
Delhi,2018-07-04,128.0,Moderate,45.76,113.75,31.17,0.78,10.14,45.71
Delhi,2018-07-05,130.0,Moderate,50.41,133.6,38.05,0.95,11.14,41.14
Delhi,2018-07-06,147.0,Moderate,57.12,163.19,36.71,0.94,10.27,40.01
Delhi,2018-07-07,155.0,Moderate,61.93,158.13,34.43,0.9,10.4,53.82
Delhi,2018-07-08,176.0,Moderate,68.2,179.05,39.85,0.98,11.6,65.27
Delhi,2018-07-09,168.0,Moderate,70.48,169.96,35.14,0.93,11.0,54.8
Delhi,2018-07-10,140.0,Moderate,47.48,112.45,28.19,0.81,10.92,43.89
Delhi,2018-07-11,111.0,Moderate,39.78,102.39,31.82,0.84,11.26,34.6
Delhi,2018-07-12,130.0,Moderate,46.53,127.08,34.22,0.76,10.92,45.16
Delhi,2018-07-13,109.0,Moderate,28.44,61.6,31.94,0.88,10.69,26.96
Delhi,2018-07-14,96.0,Satisfactory,33.82,70.35,31.63,0.84,11.13,29.2
Delhi,2018-07-15,92.0,Satisfactory,37.76,78.42,28.9,0.78,10.64,28.01
Delhi,2018-07-16,95.0,Satisfactory,37.32,83.03,33.31,0.96,9.51,23.59
Delhi,2018-07-17,105.0,Moderate,34.26,84.78,30.73,0.87,10.2,31.96
Delhi,2018-07-18,114.0,Moderate,37.76,97.11,29.45,0.82,11.04,32.43
Delhi,2018-07-19,106.0,Moderate,35.04,83.54,27.41,0.8,11.14,31.96
Delhi,2018-07-20,90.0,Satisfactory,37.26,80.33,33.46,0.89,10.4,24.18
Delhi,2018-07-21,114.0,Moderate,50.21,95.93,36.48,0.97,11.2,32.23
Delhi,2018-07-22,87.0,Satisfactory,25.81,47.63,27.55,0.83,9.85,24.91
Delhi,2018-07-23,80.0,Satisfactory,32.39,69.73,28.74,0.81,10.43,26.11
Delhi,2018-07-24,101.0,Moderate,39.3,94.8,29.15,0.83,10.78,34.46
Delhi,2018-07-25,90.0,Satisfactory,34.7,80.13,27.58,0.81,9.99,21.39
Delhi,2018-07-26,90.0,Satisfactory,32.22,57.98,25.1,0.89,9.27,18.6
Delhi,2018-07-27,68.0,Satisfactory,21.75,35.79,23.41,0.91,9.13,19.82
Delhi,2018-07-28,71.0,Satisfactory,37.69,67.2,21.59,0.73,9.55,24.11
Delhi,2018-07-29,100.0,Satisfactory,44.03,116.89,25.02,0.74,9.37,26.19
Delhi,2018-07-30,122.0,Moderate,39.89,122.86,25.06,0.8,8.96,28.09
Delhi,2018-07-31,135.0,Moderate,50.59,165.4,28.84,0.91,9.12,27.81
Delhi,2018-08-01,155.0,Moderate,55.77,195.09,26.14,0.94,9.71,29.94
Delhi,2018-08-02,215.0,Poor,71.5,268.29,25.2,0.86,10.22,29.3
Delhi,2018-08-03,228.0,Poor,65.46,248.8,26.08,0.78,9.48,28.1
Delhi,2018-08-04,215.0,Poor,69.75,264.97,28.77,0.76,9.61,29.61
Delhi,2018-08-05,234.0,Poor,63.57,246.89,24.82,0.71,9.86,25.4
Delhi,2018-08-06,166.0,Moderate,50.64,131.76,26.59,0.9,9.4,27.42
Delhi,2018-08-07,123.0,Moderate,44.54,110.19,26.15,0.98,10.65,32.06
Delhi,2018-08-08,108.0,Moderate,36.7,76.04,25.24,1.02,9.47,31.12
Delhi,2018-08-09,102.0,Moderate,36.84,91.15,24.98,0.89,9.85,34.11
Delhi,2018-08-10,111.0,Moderate,46.24,115.63,34.82,1.11,9.66,31.83
Delhi,2018-08-11,106.0,Moderate,32.72,98.26,24.06,0.7,8.84,27.66
Delhi,2018-08-12,92.0,Satisfactory,25.7,83.58,23.5,0.66,9.09,23.92
Delhi,2018-08-13,102.0,Moderate,32.75,106.03,25.04,0.84,9.26,27.7
Delhi,2018-08-14,122.0,Moderate,46.85,126.7,29.49,1.09,9.86,32.47
Delhi,2018-08-15,128.0,Moderate,43.0,117.21,23.72,0.84,8.85,34.04
Delhi,2018-08-16,109.0,Moderate,36.49,88.06,29.32,1.21,10.43,31.87
Delhi,2018-08-17,109.0,Moderate,32.98,80.82,24.58,0.98,9.26,30.62
Delhi,2018-08-18,90.0,Satisfactory,32.11,77.4,26.17,0.88,10.05,30.9
Delhi,2018-08-19,100.0,Satisfactory,47.01,96.0,31.85,1.07,11.4,32.1
Delhi,2018-08-20,138.0,Moderate,61.1,125.39,32.54,1.18,10.88,39.36
Delhi,2018-08-21,105.0,Moderate,30.98,77.56,27.85,1.02,11.99,31.02
Delhi,2018-08-22,91.0,Satisfactory,29.75,74.91,28.18,0.9,11.43,25.33
Delhi,2018-08-23,86.0,Satisfactory,31.19,73.3,24.72,0.82,10.82,18.25
Delhi,2018-08-24,89.0,Satisfactory,23.71,88.0,24.6,0.8,10.4,19.29
Delhi,2018-08-25,100.0,Satisfactory,21.96,82.69,22.78,0.68,10.9,20.69
Delhi,2018-08-26,85.0,Satisfactory,23.96,77.21,19.92,0.6,10.31,24.77
Delhi,2018-08-27,82.0,Satisfactory,24.78,56.62,23.6,0.78,10.82,26.5
Delhi,2018-08-28,81.0,Satisfactory,29.26,58.76,25.52,0.85,10.84,21.91
Delhi,2018-08-29,88.0,Satisfactory,36.06,65.58,26.12,0.9,10.23,21.53
Delhi,2018-08-30,97.0,Satisfactory,41.26,95.47,28.28,0.95,9.97,27.06
Delhi,2018-08-31,127.0,Moderate,47.53,152.29,25.96,0.82,9.67,23.57
Delhi,2018-09-01,132.0,Moderate,45.19,110.35,28.51,1.02,10.53,19.58
Delhi,2018-09-02,116.0,Moderate,40.9,80.4,23.44,0.87,9.81,23.36
Delhi,2018-09-03,89.0,Satisfactory,42.06,72.38,27.63,1.06,9.96,26.15
Delhi,2018-09-04,118.0,Moderate,55.72,105.56,35.94,1.29,10.8,26.55
Delhi,2018-09-05,108.0,Moderate,39.77,101.8,30.63,1.04,9.62,20.64
Delhi,2018-09-06,137.0,Moderate,49.44,138.52,30.88,0.96,10.13,26.24
Delhi,2018-09-07,117.0,Moderate,42.11,87.03,37.91,1.1,10.75,28.23
Delhi,2018-09-08,105.0,Moderate,35.45,72.63,26.65,0.84,11.38,23.65
Delhi,2018-09-09,86.0,Satisfactory,29.1,56.92,23.58,0.72,10.98,26.36
Delhi,2018-09-10,92.0,Satisfactory,36.99,83.98,29.61,0.88,11.21,29.46
Delhi,2018-09-11,91.0,Satisfactory,28.33,78.11,26.0,0.78,9.77,23.21
Delhi,2018-09-12,96.0,Satisfactory,28.55,103.27,24.4,0.71,10.31,22.44
Delhi,2018-09-13,108.0,Moderate,27.49,115.88,23.21,0.63,11.24,23.11
Delhi,2018-09-14,113.0,Moderate,31.38,113.92,25.18,0.7,11.21,24.58
Delhi,2018-09-15,126.0,Moderate,37.48,125.81,27.72,0.8,11.74,25.86
Delhi,2018-09-16,124.0,Moderate,43.09,131.43,25.92,0.72,11.14,26.12
Delhi,2018-09-17,135.0,Moderate,55.86,157.59,29.15,0.78,11.12,35.01
Delhi,2018-09-18,154.0,Moderate,54.94,165.11,29.8,0.75,11.95,38.79
Delhi,2018-09-19,157.0,Moderate,58.63,175.12,37.36,0.89,13.43,40.04
Delhi,2018-09-20,173.0,Moderate,73.3,185.23,38.16,0.98,14.41,49.18
Delhi,2018-09-21,155.0,Moderate,46.73,112.51,26.7,0.75,12.74,30.31
Delhi,2018-09-22,76.0,Satisfactory,24.29,46.36,21.72,0.73,11.11,23.89
Delhi,2018-09-23,69.0,Satisfactory,30.71,54.77,19.88,0.67,11.59,28.89
Delhi,2018-09-24,63.0,Satisfactory,21.46,35.84,25.07,0.74,11.08,19.54
Delhi,2018-09-25,63.0,Satisfactory,21.45,49.41,25.67,0.81,10.88,22.48
Delhi,2018-09-26,99.0,Satisfactory,42.83,108.67,32.38,1.03,11.59,28.54
Delhi,2018-09-27,151.0,Moderate,71.44,171.42,37.42,1.5,12.78,35.24
Delhi,2018-09-28,200.0,Moderate,83.78,214.66,44.68,1.78,12.98,37.24
Delhi,2018-09-29,229.0,Poor,92.46,230.62,46.15,1.57,13.08,41.92
Delhi,2018-09-30,176.0,Moderate,69.49,155.26,34.52,1.0,12.38,35.54
Delhi,2018-10-01,148.0,Moderate,65.78,177.08,40.86,1.13,12.7,38.52
Delhi,2018-10-02,186.0,Moderate,76.03,185.21,36.68,1.11,12.25,35.8
Delhi,2018-10-03,160.0,Moderate,63.37,177.17,42.57,1.13,13.36,36.72
Delhi,2018-10-04,206.0,Poor,97.4,235.14,48.01,1.34,14.42,45.63
Delhi,2018-10-05,268.0,Poor,121.12,270.61,53.69,1.62,17.27,44.88
Delhi,2018-10-06,237.0,Poor,78.87,199.37,44.71,1.23,13.42,32.93
Delhi,2018-10-07,189.0,Moderate,81.14,221.03,44.81,1.25,14.33,42.38
Delhi,2018-10-08,253.0,Poor,118.6,279.23,56.21,1.51,16.13,51.05
Delhi,2018-10-09,269.0,Poor,103.26,263.89,54.24,1.59,19.67,52.46
Delhi,2018-10-10,263.0,Poor,93.36,256.14,47.73,1.51,16.55,43.9
Delhi,2018-10-11,219.0,Poor,70.42,208.39,37.74,1.02,14.54,37.04
Delhi,2018-10-12,163.0,Moderate,67.93,172.04,44.48,1.13,16.06,42.01
Delhi,2018-10-13,264.0,Poor,132.93,264.13,49.89,1.41,17.91,42.0
Delhi,2018-10-14,237.0,Poor,91.88,217.12,47.34,1.3,16.07,40.16
Delhi,2018-10-15,253.0,Poor,115.96,280.24,55.44,1.61,17.96,44.92
Delhi,2018-10-16,309.0,Very Poor,139.18,342.5,64.18,2.2,19.19,54.38
Delhi,2018-10-17,332.0,Very Poor,137.29,323.31,52.81,1.93,17.13,44.29
Delhi,2018-10-18,330.0,Very Poor,143.2,337.98,57.64,2.47,18.46,44.65
Delhi,2018-10-19,300.0,Poor,137.73,313.84,54.31,1.66,18.35,51.05
Delhi,2018-10-20,344.0,Very Poor,168.87,328.13,54.04,1.55,19.82,47.64
Delhi,2018-10-21,325.0,Very Poor,141.15,294.36,55.77,1.52,20.59,42.61
Delhi,2018-10-22,296.0,Poor,121.65,274.68,55.49,1.55,17.74,41.32
Delhi,2018-10-23,274.0,Poor,119.4,302.16,63.32,1.84,19.49,44.7
Delhi,2018-10-24,354.0,Very Poor,174.04,384.46,77.72,2.52,20.95,56.09
Delhi,2018-10-25,356.0,Very Poor,168.82,368.33,72.23,2.35,22.51,62.29
Delhi,2018-10-26,394.0,Very Poor,203.12,396.01,74.04,2.72,20.76,53.02
Delhi,2018-10-27,396.0,Very Poor,206.05,408.94,77.3,3.14,19.9,52.9
Delhi,2018-10-28,403.0,Severe,205.0,375.23,57.66,2.45,15.62,52.78
Delhi,2018-10-29,397.0,Very Poor,231.83,427.06,62.22,2.67,16.66,53.2
Delhi,2018-10-30,456.0,Severe,263.39,459.45,70.46,2.9,17.62,50.55
Delhi,2018-10-31,422.0,Severe,225.17,405.94,68.02,2.91,18.11,47.05
Delhi,2018-11-01,433.0,Severe,236.67,416.97,71.63,2.97,20.12,45.98
Delhi,2018-11-02,391.0,Very Poor,205.44,373.61,65.98,1.99,19.65,46.13
Delhi,2018-11-03,353.0,Very Poor,159.56,298.85,47.39,1.43,17.1,45.43
Delhi,2018-11-04,238.0,Poor,97.27,179.85,34.18,1.0,15.01,51.96
Delhi,2018-11-05,424.0,Severe,361.98,500.01,48.25,1.88,14.63,45.0
Delhi,2018-11-06,411.0,Severe,177.88,312.87,43.78,1.29,15.37,45.01
Delhi,2018-11-07,317.0,Very Poor,175.43,300.54,45.14,1.44,19.39,51.22
Delhi,2018-11-08,452.0,Severe,420.3,509.73,64.57,2.45,26.52,38.35
Delhi,2018-11-09,487.0,Severe,300.91,440.76,68.25,2.65,17.41,47.94
Delhi,2018-11-10,430.0,Severe,288.86,447.4,79.5,3.01,18.01,42.55
Delhi,2018-11-11,454.0,Severe,256.68,425.12,70.55,2.89,16.2,51.68
Delhi,2018-11-12,437.0,Severe,271.7,464.28,71.88,2.85,17.4,53.37
Delhi,2018-11-13,454.0,Severe,265.06,441.43,74.72,2.74,18.72,37.8
Delhi,2018-11-14,361.0,Very Poor,136.2,225.77,59.36,1.68,16.02,31.95
Delhi,2018-11-15,251.0,Poor,98.53,175.95,47.83,1.29,15.03,32.95
Delhi,2018-11-16,302.0,Very Poor,138.49,230.56,42.41,1.24,14.2,40.74
Delhi,2018-11-17,292.0,Poor,135.21,255.42,51.93,1.6,14.37,36.97
Delhi,2018-11-18,330.0,Very Poor,166.43,313.67,61.82,2.0,16.29,39.51
Delhi,2018-11-19,340.0,Very Poor,179.79,319.12,56.73,1.56,16.32,51.15
Delhi,2018-11-20,367.0,Very Poor,224.1,374.77,63.96,2.04,16.11,46.03
Delhi,2018-11-21,396.0,Very Poor,209.96,349.54,63.79,1.79,14.22,40.22
Delhi,2018-11-22,317.0,Very Poor,139.02,292.92,74.93,2.09,16.89,37.22
Delhi,2018-11-23,356.0,Very Poor,187.85,331.22,61.06,2.04,16.39,40.01
Delhi,2018-11-24,296.0,Poor,107.73,223.33,46.57,1.34,15.12,37.48
Delhi,2018-11-25,266.0,Poor,133.62,268.83,58.16,1.72,16.56,37.17
Delhi,2018-11-26,349.0,Very Poor,200.69,362.41,68.3,2.43,20.11,39.8
Delhi,2018-11-27,396.0,Very Poor,205.53,378.23,78.94,3.32,18.31,34.02
Delhi,2018-11-28,363.0,Very Poor,193.1,356.12,69.6,2.85,15.96,34.61
Delhi,2018-11-29,384.0,Very Poor,205.17,363.12,63.68,2.52,12.76,35.79
Delhi,2018-11-30,365.0,Very Poor,190.36,340.56,56.74,1.96,13.69,35.79
Delhi,2018-12-01,335.0,Very Poor,147.48,297.66,56.43,1.91,14.4,35.45
Delhi,2018-12-02,329.0,Very Poor,164.63,331.5,67.18,2.77,16.62,39.35
Delhi,2018-12-03,356.0,Very Poor,178.87,356.2,66.91,2.74,16.52,38.44
Delhi,2018-12-04,394.0,Very Poor,211.57,393.74,74.17,3.17,16.28,38.12
Delhi,2018-12-05,374.0,Very Poor,181.62,345.32,65.87,2.59,15.89,32.33
Delhi,2018-12-06,385.0,Very Poor,218.06,395.33,71.73,3.04,16.49,40.87
Delhi,2018-12-07,376.0,Very Poor,193.81,353.86,54.83,2.09,14.11,32.45
Delhi,2018-12-08,366.0,Very Poor,202.83,358.72,59.06,2.2,15.47,37.6
Delhi,2018-12-09,389.0,Very Poor,226.35,388.23,65.3,2.67,18.08,39.85
Delhi,2018-12-10,431.0,Severe,264.63,453.77,66.58,2.75,16.74,42.51
Delhi,2018-12-11,464.0,Severe,274.97,461.98,68.87,2.78,15.49,41.9
Delhi,2018-12-12,443.0,Severe,209.63,327.23,55.1,1.95,14.64,36.34
Delhi,2018-12-13,264.0,Poor,94.29,162.44,42.59,1.21,13.07,24.89
Delhi,2018-12-14,248.0,Poor,113.42,196.85,45.22,1.22,12.5,27.74
Delhi,2018-12-15,274.0,Poor,122.69,211.8,47.31,1.22,13.34,29.58
Delhi,2018-12-16,295.0,Poor,150.28,252.01,50.86,1.42,15.76,32.7
Delhi,2018-12-17,338.0,Very Poor,182.78,322.5,58.08,1.93,16.14,32.85
Delhi,2018-12-18,370.0,Very Poor,204.08,339.38,61.34,1.78,17.76,37.13
Delhi,2018-12-19,370.0,Very Poor,205.22,351.7,63.77,1.92,17.41,37.05
Delhi,2018-12-20,423.0,Severe,258.1,429.33,68.97,2.64,17.68,40.5
Delhi,2018-12-21,422.0,Severe,252.2,403.18,66.03,2.22,15.9,38.38
Delhi,2018-12-22,468.0,Severe,326.79,502.83,78.71,2.59,18.47,44.98
Delhi,2018-12-23,557.0,Severe,401.58,560.68,77.63,3.36,18.21,50.65
Delhi,2018-12-24,577.0,Severe,378.68,546.59,75.26,3.36,17.86,43.25
Delhi,2018-12-25,475.0,Severe,268.2,399.37,61.2,1.9,14.14,36.37
Delhi,2018-12-26,405.0,Severe,241.0,366.1,65.2,1.99,15.37,39.09
Delhi,2018-12-27,458.0,Severe,290.1,453.45,78.43,2.87,18.03,40.96
Delhi,2018-12-28,413.0,Severe,249.23,387.84,60.59,1.66,14.8,37.38
Delhi,2018-12-29,420.0,Severe,248.12,399.14,64.97,1.96,16.49,39.29
Delhi,2018-12-30,484.0,Severe,336.42,503.99,76.89,2.94,19.91,42.87
Delhi,2018-12-31,509.0,Severe,319.69,494.51,70.54,2.7,17.38,41.44
Delhi,2019-01-01,475.0,Severe,287.34,461.02,69.46,2.54,17.77,39.58
Delhi,2019-01-02,501.0,Severe,331.2,515.72,75.06,2.78,18.27,43.3
Delhi,2019-01-03,537.0,Severe,355.4,519.34,66.2,2.55,15.12,39.77
Delhi,2019-01-04,432.0,Severe,246.46,388.79,57.53,2.01,13.22,28.75
Delhi,2019-01-05,440.0,Severe,262.53,411.49,60.35,2.23,15.59,36.33
Delhi,2019-01-06,371.0,Very Poor,174.26,254.66,51.94,1.49,13.65,31.48
Delhi,2019-01-07,331.0,Very Poor,181.74,283.88,52.45,1.57,15.49,27.11
Delhi,2019-01-08,340.0,Very Poor,156.26,242.02,48.95,1.31,14.67,27.37
Delhi,2019-01-09,321.0,Very Poor,143.66,238.94,49.49,1.3,15.09,30.9
Delhi,2019-01-10,317.0,Very Poor,165.95,278.87,58.22,1.75,16.81,30.92
Delhi,2019-01-11,401.0,Severe,278.95,432.2,76.71,2.9,20.03,35.61
Delhi,2019-01-12,482.0,Severe,311.03,465.89,85.14,3.11,17.81,39.78
Delhi,2019-01-13,464.0,Severe,272.45,403.32,66.11,2.36,17.83,37.53
Delhi,2019-01-14,320.0,Very Poor,94.44,173.94,42.16,1.04,15.05,31.33
Delhi,2019-01-15,248.0,Poor,134.57,229.1,52.45,1.37,17.09,29.85
Delhi,2019-01-16,383.0,Very Poor,271.96,424.07,83.75,2.58,20.35,33.75
Delhi,2019-01-17,515.0,Severe,358.91,519.49,84.74,3.13,19.63,39.76
Delhi,2019-01-18,437.0,Severe,237.22,364.61,68.58,2.06,14.7,30.35
Delhi,2019-01-19,411.0,Severe,262.68,402.21,77.9,2.35,18.07,34.75
Delhi,2019-01-20,480.0,Severe,314.59,478.43,106.04,3.66,20.98,45.03
Delhi,2019-01-21,413.0,Severe,175.49,289.4,63.04,1.83,16.82,32.77
Delhi,2019-01-22,174.0,Moderate,53.25,72.61,38.56,1.01,11.87,27.01
Delhi,2019-01-23,186.0,Moderate,135.68,211.71,48.14,1.62,14.17,26.51
Delhi,2019-01-24,328.0,Very Poor,130.59,218.93,44.11,1.44,15.29,30.57
Delhi,2019-01-25,188.0,Moderate,81.2,136.43,40.03,1.01,14.62,30.01
Delhi,2019-01-26,231.0,Poor,101.61,169.32,38.43,0.98,14.48,35.41
Delhi,2019-01-27,275.0,Poor,136.47,217.45,45.27,1.1,15.89,33.34
Delhi,2019-01-28,301.0,Very Poor,126.48,212.42,49.13,1.06,15.76,33.6
Delhi,2019-01-29,297.0,Poor,142.0,235.85,51.47,1.24,18.56,33.83
Delhi,2019-01-30,342.0,Very Poor,206.14,334.21,63.7,1.76,24.75,35.84
Delhi,2019-01-31,397.0,Very Poor,204.25,335.07,65.7,1.9,20.48,37.52
Delhi,2019-02-01,329.0,Very Poor,178.68,265.65,50.75,1.34,17.83,33.12
Delhi,2019-02-02,338.0,Very Poor,177.32,266.3,35.89,1.24,11.55,30.88
Delhi,2019-02-03,323.0,Very Poor,131.1,209.41,34.53,1.32,11.7,29.44
Delhi,2019-02-04,301.0,Very Poor,144.62,248.49,52.85,1.81,14.06,33.42
Delhi,2019-02-05,398.0,Very Poor,256.33,408.32,75.89,2.95,22.38,46.33
Delhi,2019-02-06,380.0,Very Poor,177.25,270.92,50.55,1.64,15.59,34.4
Delhi,2019-02-07,233.0,Poor,65.65,107.83,30.8,0.84,11.12,30.25
Delhi,2019-02-08,136.0,Moderate,72.29,156.6,39.24,0.94,12.66,30.59
Delhi,2019-02-09,169.0,Moderate,82.5,165.94,38.31,0.96,13.25,33.55
Delhi,2019-02-10,277.0,Poor,143.31,255.47,49.26,1.36,16.41,33.03
Delhi,2019-02-11,332.0,Very Poor,173.61,304.98,58.56,1.78,17.52,37.03
Delhi,2019-02-12,357.0,Very Poor,208.64,357.36,66.37,2.09,19.93,43.29
Delhi,2019-02-13,372.0,Very Poor,198.26,336.99,70.04,1.94,18.61,43.36
Delhi,2019-02-14,350.0,Very Poor,153.73,237.08,53.15,1.42,14.53,32.61
Delhi,2019-02-15,275.0,Poor,123.46,194.76,44.28,1.22,15.38,28.15
Delhi,2019-02-16,288.0,Poor,112.34,181.64,33.33,1.13,12.92,26.45
Delhi,2019-02-17,247.0,Poor,99.27,180.93,42.59,1.09,15.14,34.81
Delhi,2019-02-18,278.0,Poor,109.11,215.05,56.12,1.18,16.78,33.69
Delhi,2019-02-19,232.0,Poor,126.12,229.75,55.44,1.56,15.93,36.66
Delhi,2019-02-20,305.0,Very Poor,102.3,185.4,51.88,1.4,17.16,23.68
Delhi,2019-02-21,158.0,Moderate,73.33,178.07,47.15,1.37,20.1,34.41
Delhi,2019-02-22,191.0,Moderate,73.9,147.86,33.95,1.07,13.94,28.45
Delhi,2019-02-23,116.0,Moderate,56.51,115.07,36.12,0.85,15.66,37.26
Delhi,2019-02-24,169.0,Moderate,89.34,161.89,46.26,1.03,18.99,38.02
Delhi,2019-02-25,221.0,Poor,92.36,172.59,53.86,1.24,18.07,42.49
Delhi,2019-02-26,144.0,Moderate,59.97,120.3,50.31,0.95,16.88,32.19
Delhi,2019-02-27,112.0,Moderate,47.18,91.52,35.07,0.79,12.52,31.38
Delhi,2019-02-28,198.0,Moderate,96.38,180.46,45.02,1.25,16.98,35.95
Delhi,2019-03-01,222.0,Poor,93.83,181.26,48.87,1.17,15.81,37.75
Delhi,2019-03-02,227.0,Poor,109.6,182.54,62.05,1.36,17.96,25.07
Delhi,2019-03-03,172.0,Moderate,62.92,105.16,40.61,1.16,13.48,33.59
Delhi,2019-03-04,217.0,Poor,105.93,180.84,40.1,1.54,14.75,38.13
Delhi,2019-03-05,173.0,Moderate,68.86,135.4,40.05,1.01,14.26,36.3
Delhi,2019-03-06,189.0,Moderate,83.45,168.32,45.3,1.25,15.16,33.71
Delhi,2019-03-07,228.0,Poor,104.61,212.7,51.9,1.48,16.39,39.32
Delhi,2019-03-08,220.0,Poor,92.07,199.28,51.75,1.27,17.44,37.86
Delhi,2019-03-09,194.0,Moderate,73.31,162.18,40.84,0.99,17.3,33.51
Delhi,2019-03-10,157.0,Moderate,73.98,163.8,44.17,0.96,16.36,44.11
Delhi,2019-03-11,190.0,Moderate,82.17,205.43,52.91,1.24,18.44,42.09
Delhi,2019-03-12,149.0,Moderate,57.28,129.4,37.45,0.93,13.82,37.15
Delhi,2019-03-13,168.0,Moderate,89.17,231.19,57.03,1.27,22.48,33.94
Delhi,2019-03-14,281.0,Poor,111.2,217.74,48.81,1.36,17.54,28.81
Delhi,2019-03-15,183.0,Moderate,74.88,144.35,41.27,1.0,16.21,33.4
Delhi,2019-03-16,143.0,Moderate,68.64,140.6,40.6,0.92,15.72,43.66
Delhi,2019-03-17,198.0,Moderate,93.61,184.01,46.88,1.07,19.96,42.0
Delhi,2019-03-18,221.0,Poor,100.32,202.01,50.33,1.19,20.36,43.21
Delhi,2019-03-19,239.0,Poor,103.77,227.07,55.47,1.29,20.72,40.14
Delhi,2019-03-20,234.0,Poor,89.82,237.61,54.67,1.35,21.42,40.41
Delhi,2019-03-21,272.0,Poor,112.29,197.17,34.63,1.34,19.99,46.64
Delhi,2019-03-22,141.0,Moderate,38.43,119.87,32.19,0.74,16.06,46.73
Delhi,2019-03-23,131.0,Moderate,55.62,138.56,34.57,0.89,17.52,52.24
Delhi,2019-03-24,126.0,Moderate,53.28,133.47,34.25,0.82,19.06,42.57
Delhi,2019-03-25,136.0,Moderate,65.0,150.34,34.84,0.93,20.19,36.06
Delhi,2019-03-26,162.0,Moderate,75.82,169.16,40.8,1.04,19.26,41.35
Delhi,2019-03-27,177.0,Moderate,78.37,186.49,49.68,1.22,20.35,43.23
Delhi,2019-03-28,245.0,Poor,116.55,260.26,60.18,1.76,24.86,48.44
Delhi,2019-03-29,273.0,Poor,112.67,257.27,60.4,1.8,19.52,46.51
Delhi,2019-03-30,252.0,Poor,102.27,238.99,53.75,1.51,22.39,51.49
Delhi,2019-03-31,198.0,Moderate,58.96,177.53,38.42,0.94,18.9,48.72
Delhi,2019-04-01,153.0,Moderate,59.08,170.14,38.55,0.88,20.09,54.95
Delhi,2019-04-02,194.0,Moderate,90.1,211.47,55.76,1.19,24.4,54.67
Delhi,2019-04-03,208.0,Poor,85.02,206.04,54.91,1.32,21.6,51.06
Delhi,2019-04-04,260.0,Poor,119.71,270.77,63.62,1.8,29.11,60.25
Delhi,2019-04-05,284.0,Poor,125.44,281.53,64.7,1.96,28.67,57.0
Delhi,2019-04-06,269.0,Poor,96.6,303.71,48.72,1.32,23.23,50.84
Delhi,2019-04-07,315.0,Very Poor,152.91,355.22,44.64,1.49,21.35,53.16
Delhi,2019-04-08,284.0,Poor,81.3,280.23,45.87,1.06,15.1,51.32
Delhi,2019-04-09,240.0,Poor,87.74,225.5,53.88,1.44,22.03,57.86
Delhi,2019-04-10,263.0,Poor,101.94,247.53,56.82,1.76,20.84,50.86
Delhi,2019-04-11,196.0,Moderate,70.25,204.19,47.54,1.21,21.51,48.59
Delhi,2019-04-12,202.0,Poor,61.34,217.0,40.09,1.12,19.48,51.94
Delhi,2019-04-13,175.0,Moderate,55.93,175.93,37.89,1.06,20.82,45.3
Delhi,2019-04-14,150.0,Moderate,51.51,168.11,36.61,1.02,20.65,41.86
Delhi,2019-04-15,163.0,Moderate,54.84,187.59,41.92,1.28,22.2,42.3
Delhi,2019-04-16,206.0,Poor,59.08,186.75,35.01,1.1,12.59,47.49
Delhi,2019-04-17,102.0,Moderate,22.14,62.49,26.84,0.9,11.1,45.44
Delhi,2019-04-18,104.0,Moderate,38.92,91.55,39.07,1.01,15.05,50.12
Delhi,2019-04-19,151.0,Moderate,71.62,155.39,47.56,1.24,21.22,45.45
Delhi,2019-04-20,199.0,Moderate,90.55,193.76,55.28,1.42,26.03,55.67
Delhi,2019-04-21,225.0,Poor,95.24,219.06,58.95,1.66,22.16,50.13
Delhi,2019-04-22,246.0,Poor,110.16,255.31,61.72,1.87,29.31,56.24
Delhi,2019-04-23,257.0,Poor,104.17,277.28,63.45,1.92,25.76,53.24
Delhi,2019-04-24,232.0,Poor,85.7,262.58,51.58,1.41,19.17,61.45
Delhi,2019-04-25,251.0,Poor,86.41,274.39,39.89,1.31,17.67,65.26
Delhi,2019-04-26,223.0,Poor,82.37,244.21,50.69,1.34,26.12,47.45
Delhi,2019-04-27,248.0,Poor,73.06,301.82,39.8,1.05,21.85,52.16
Delhi,2019-04-28,269.0,Poor,76.44,285.73,40.9,1.06,20.02,54.0
Delhi,2019-04-29,256.0,Poor,84.04,274.83,52.04,1.33,23.71,50.32
Delhi,2019-04-30,257.0,Poor,95.72,284.13,59.32,1.62,26.58,57.54
Delhi,2019-05-01,285.0,Poor,111.57,323.97,63.15,1.61,27.67,65.95
Delhi,2019-05-02,275.0,Poor,77.72,282.83,43.19,1.19,18.26,65.33
Delhi,2019-05-03,202.0,Poor,52.16,149.1,49.82,1.09,17.91,64.36
Delhi,2019-05-04,182.0,Moderate,77.96,196.87,59.78,1.26,18.19,46.34
Delhi,2019-05-05,231.0,Poor,101.25,249.97,55.16,1.51,21.93,52.97
Delhi,2019-05-06,267.0,Poor,118.9,295.84,70.81,1.93,23.72,55.91
Delhi,2019-05-07,310.0,Very Poor,128.78,378.89,69.77,1.98,22.77,40.32
Delhi,2019-05-08,389.0,Very Poor,143.34,415.23,60.85,2.0,25.84,47.34
Delhi,2019-05-09,390.0,Very Poor,137.2,414.7,51.13,1.52,23.46,50.71
Delhi,2019-05-10,333.0,Very Poor,95.07,320.44,38.05,1.03,17.6,52.66
Delhi,2019-05-11,266.0,Poor,101.83,289.05,42.02,1.15,21.6,62.02
Delhi,2019-05-12,352.0,Very Poor,178.22,503.28,40.68,1.22,19.36,57.85
Delhi,2019-05-13,376.0,Very Poor,170.81,351.28,50.88,1.51,33.5,67.84
Delhi,2019-05-14,217.0,Poor,58.22,124.28,37.53,1.02,13.4,54.85
Delhi,2019-05-15,194.0,Moderate,84.81,191.04,57.75,1.52,20.93,41.85
Delhi,2019-05-16,192.0,Moderate,75.45,218.38,50.99,1.38,15.36,46.97
Delhi,2019-05-17,257.0,Poor,92.53,316.4,45.67,1.31,13.26,46.42
Delhi,2019-05-18,176.0,Moderate,44.28,106.51,33.79,1.04,10.93,45.46
Delhi,2019-05-19,168.0,Moderate,81.99,162.83,45.8,1.21,17.36,59.34
Delhi,2019-05-20,216.0,Poor,93.97,218.72,56.55,1.35,19.81,53.31
Delhi,2019-05-21,206.0,Poor,77.78,194.58,47.58,1.21,20.15,55.06
Delhi,2019-05-22,167.0,Moderate,64.24,201.27,51.8,1.5,16.92,38.34
Delhi,2019-05-23,228.0,Poor,92.4,230.0,52.71,1.49,21.68,55.29
Delhi,2019-05-24,151.0,Moderate,43.86,117.66,40.33,1.21,11.99,31.11
Delhi,2019-05-25,125.0,Moderate,43.66,118.65,34.52,0.99,13.09,51.47
Delhi,2019-05-26,135.0,Moderate,55.13,136.58,41.51,1.06,17.94,59.94
Delhi,2019-05-27,163.0,Moderate,64.66,172.68,53.92,1.28,18.9,53.59
Delhi,2019-05-28,175.0,Moderate,65.82,183.77,61.45,1.3,20.59,54.43
Delhi,2019-05-29,191.0,Moderate,74.8,202.75,65.84,1.45,23.61,57.99
Delhi,2019-05-30,226.0,Poor,85.21,246.05,71.8,1.75,21.99,49.58
Delhi,2019-05-31,266.0,Poor,88.57,337.77,56.83,1.47,19.82,58.49
Delhi,2019-06-01,300.0,Poor,95.4,298.35,57.24,1.56,21.54,64.56
Delhi,2019-06-02,222.0,Poor,73.36,219.79,32.22,1.07,14.15,60.84
Delhi,2019-06-03,232.0,Poor,66.94,300.7,30.33,1.03,12.64,60.03
Delhi,2019-06-04,212.0,Poor,54.95,171.58,36.0,1.14,13.67,65.82
Delhi,2019-06-05,190.0,Moderate,73.35,208.72,42.68,1.29,15.82,59.78
Delhi,2019-06-06,209.0,Poor,70.61,236.45,44.85,1.13,16.15,61.04
Delhi,2019-06-07,192.0,Moderate,54.81,152.39,35.32,1.11,14.44,74.12
Delhi,2019-06-08,184.0,Moderate,69.75,187.62,51.0,1.47,13.47,63.64
Delhi,2019-06-09,237.0,Poor,101.05,265.12,62.84,1.86,21.74,69.14
Delhi,2019-06-10,230.0,Poor,74.48,233.49,61.53,1.63,15.19,55.95
Delhi,2019-06-11,315.0,Very Poor,118.38,487.77,49.86,1.41,13.52,39.96
Delhi,2019-06-12,280.0,Poor,59.86,240.88,30.46,0.92,11.57,62.12
Delhi,2019-06-13,189.0,Moderate,52.66,189.69,34.53,1.03,11.79,52.93
Delhi,2019-06-14,167.0,Moderate,53.79,188.21,37.07,1.07,12.89,59.31
Delhi,2019-06-15,217.0,Poor,81.86,274.68,47.15,1.18,17.56,57.41
Delhi,2019-06-16,205.0,Poor,42.06,160.96,20.56,0.8,9.54,46.81
Delhi,2019-06-17,126.0,Moderate,40.18,137.08,27.51,0.89,11.07,40.56
Delhi,2019-06-18,119.0,Moderate,30.39,84.53,32.32,1.03,8.0,48.99
Delhi,2019-06-19,173.0,Moderate,79.96,223.08,37.14,1.12,12.69,61.02
Delhi,2019-06-20,175.0,Moderate,42.76,130.88,31.19,0.92,9.7,68.57
Delhi,2019-06-21,178.0,Moderate,71.15,188.16,44.78,1.22,12.23,59.68
Delhi,2019-06-22,185.0,Moderate,68.27,177.16,44.12,1.11,14.97,69.18
Delhi,2019-06-23,153.0,Moderate,42.06,126.12,23.02,0.95,10.11,57.33
Delhi,2019-06-24,118.0,Moderate,26.29,85.68,25.93,0.92,10.74,37.78
Delhi,2019-06-25,131.0,Moderate,53.65,119.98,32.24,1.07,11.91,54.02
Delhi,2019-06-26,161.0,Moderate,67.36,155.9,37.39,1.16,12.87,46.26
Delhi,2019-06-27,169.0,Moderate,65.3,230.98,39.94,1.16,13.46,46.84
Delhi,2019-06-28,207.0,Poor,61.21,239.15,38.37,1.02,14.43,38.39
Delhi,2019-06-29,223.0,Poor,58.08,271.27,34.56,0.93,11.99,37.99
Delhi,2019-06-30,234.0,Poor,65.24,270.03,33.03,1.04,12.82,44.4
Delhi,2019-07-01,195.0,Moderate,57.27,189.32,31.09,0.94,12.22,58.0
Delhi,2019-07-02,202.0,Poor,71.68,233.25,28.13,0.99,12.02,64.82
Delhi,2019-07-03,162.0,Moderate,39.99,113.92,26.57,0.99,9.75,42.31
Delhi,2019-07-04,111.0,Moderate,36.82,87.8,29.23,1.11,9.75,28.2
Delhi,2019-07-05,113.0,Moderate,48.6,99.98,34.77,1.2,11.05,22.68
Delhi,2019-07-06,99.0,Satisfactory,34.25,87.5,29.91,1.0,10.18,33.71
Delhi,2019-07-07,101.0,Moderate,38.81,91.79,28.87,1.08,10.67,38.66
Delhi,2019-07-08,129.0,Moderate,49.12,148.79,32.85,1.15,10.64,35.11
Delhi,2019-07-09,131.0,Moderate,42.56,128.6,30.38,1.11,9.52,25.75
Delhi,2019-07-10,150.0,Moderate,69.21,278.71,31.36,1.04,10.41,28.65
Delhi,2019-07-11,300.0,Poor,76.99,352.26,29.87,0.97,9.64,29.84
Delhi,2019-07-12,294.0,Poor,76.35,363.7,26.97,1.05,8.96,28.38
Delhi,2019-07-13,312.0,Very Poor,63.18,294.27,23.13,0.97,9.11,30.81
Delhi,2019-07-14,243.0,Poor,63.16,280.99,25.1,0.95,9.85,32.77
Delhi,2019-07-15,180.0,Moderate,42.04,137.67,27.17,1.09,10.39,27.23
Delhi,2019-07-16,117.0,Moderate,31.51,79.22,27.54,1.05,9.64,30.05
Delhi,2019-07-17,92.0,Satisfactory,32.06,67.73,28.44,1.03,8.91,31.48
Delhi,2019-07-18,98.0,Satisfactory,32.92,78.08,37.14,1.24,8.86,30.75
Delhi,2019-07-19,142.0,Moderate,63.02,158.3,40.79,1.41,9.95,49.9
Delhi,2019-07-20,137.0,Moderate,46.43,117.84,37.1,1.15,8.6,29.1
Delhi,2019-07-21,123.0,Moderate,50.57,105.55,33.89,1.39,8.83,32.04
Delhi,2019-07-22,124.0,Moderate,60.38,119.66,33.03,1.55,8.95,34.79
Delhi,2019-07-23,156.0,Moderate,73.08,153.96,39.89,1.61,9.05,40.16
Delhi,2019-07-24,165.0,Moderate,63.26,156.93,40.29,1.41,8.83,33.1
Delhi,2019-07-25,98.0,Satisfactory,22.79,63.51,33.52,0.94,8.76,22.78
Delhi,2019-07-26,94.0,Satisfactory,30.63,61.26,31.61,0.99,8.92,27.72
Delhi,2019-07-27,85.0,Satisfactory,26.16,45.04,25.34,1.0,8.67,29.54
Delhi,2019-07-28,83.0,Satisfactory,21.13,46.35,21.89,0.89,8.43,30.62
Delhi,2019-07-29,82.0,Satisfactory,24.45,64.17,25.11,0.92,8.97,29.78
Delhi,2019-07-30,90.0,Satisfactory,30.1,82.81,26.92,0.97,9.36,27.42
Delhi,2019-07-31,90.0,Satisfactory,30.22,76.67,26.45,0.93,8.78,31.25
Delhi,2019-08-01,98.0,Satisfactory,34.26,85.89,28.4,0.94,8.79,32.51
Delhi,2019-08-02,95.0,Satisfactory,35.06,83.66,30.96,1.03,8.45,29.29
Delhi,2019-08-03,104.0,Moderate,38.54,80.35,31.0,1.07,9.43,27.74
Delhi,2019-08-04,101.0,Moderate,46.69,88.15,30.9,1.13,9.96,27.25
Delhi,2019-08-05,108.0,Moderate,52.2,104.96,34.64,1.24,9.37,28.66
Delhi,2019-08-06,99.0,Satisfactory,30.04,57.31,34.68,1.14,8.26,22.91
Delhi,2019-08-07,104.0,Moderate,32.63,72.98,31.82,1.22,9.81,29.87
Delhi,2019-08-08,99.0,Satisfactory,27.69,80.22,28.9,1.01,10.61,30.92
Delhi,2019-08-09,89.0,Satisfactory,14.59,61.47,22.08,0.86,9.3,26.17
Delhi,2019-08-10,75.0,Satisfactory,16.73,47.75,22.06,0.87,8.47,25.43
Delhi,2019-08-11,83.0,Satisfactory,25.53,67.15,25.93,0.96,8.65,26.21
Delhi,2019-08-12,80.0,Satisfactory,20.53,51.91,26.18,1.02,8.14,21.46
Delhi,2019-08-13,85.0,Satisfactory,21.68,56.18,27.12,1.1,8.37,20.73
Delhi,2019-08-14,93.0,Satisfactory,33.21,58.36,31.9,1.19,8.5,31.43
Delhi,2019-08-15,93.0,Satisfactory,28.78,56.28,25.03,1.04,8.51,23.58
Delhi,2019-08-16,73.0,Satisfactory,15.52,37.1,21.51,0.87,8.61,23.59
Delhi,2019-08-17,67.0,Satisfactory,10.24,19.51,19.1,0.81,7.67,16.51
Delhi,2019-08-18,66.0,Satisfactory,15.51,30.45,20.93,0.98,8.57,18.03
Delhi,2019-08-19,99.0,Satisfactory,38.55,86.13,28.59,1.31,8.6,28.06
Delhi,2019-08-20,103.0,Moderate,41.74,95.71,26.86,1.23,8.12,28.41
Delhi,2019-08-21,107.0,Moderate,46.69,129.46,32.68,1.14,7.81,31.18
Delhi,2019-08-22,125.0,Moderate,44.16,130.49,42.21,1.21,8.41,25.95
Delhi,2019-08-23,130.0,Moderate,50.49,142.76,40.32,1.3,8.36,28.57
Delhi,2019-08-24,149.0,Moderate,60.71,149.82,41.76,1.47,8.78,28.17
Delhi,2019-08-25,107.0,Moderate,33.49,67.82,31.71,0.93,8.23,24.22
Delhi,2019-08-26,77.0,Satisfactory,25.06,68.59,31.6,0.99,8.55,24.07
Delhi,2019-08-27,114.0,Moderate,40.68,107.99,34.48,1.17,10.01,36.98
Delhi,2019-08-28,119.0,Moderate,42.04,103.01,34.62,1.07,9.64,34.34
Delhi,2019-08-29,103.0,Moderate,33.92,90.29,30.6,0.93,8.24,30.97
Delhi,2019-08-30,110.0,Moderate,43.5,105.68,32.44,1.02,9.33,39.25
Delhi,2019-08-31,123.0,Moderate,57.16,123.23,40.79,1.41,9.14,33.71
Delhi,2019-09-01,123.0,Moderate,35.13,81.44,32.08,1.11,8.41,31.24
Delhi,2019-09-02,105.0,Moderate,46.15,101.79,31.91,1.07,8.81,39.18
Delhi,2019-09-03,131.0,Moderate,70.64,143.56,36.51,1.21,8.95,32.5
Delhi,2019-09-04,165.0,Moderate,73.33,150.39,36.99,1.22,9.03,36.13
Delhi,2019-09-05,118.0,Moderate,33.9,90.44,29.09,0.97,9.25,28.87
Delhi,2019-09-06,96.0,Satisfactory,35.81,89.47,30.05,0.99,10.9,27.22
Delhi,2019-09-07,95.0,Satisfactory,34.98,83.26,30.9,1.0,8.17,24.58
Delhi,2019-09-08,99.0,Satisfactory,32.83,77.01,26.84,0.9,8.72,32.4
Delhi,2019-09-09,107.0,Moderate,56.31,126.43,30.47,1.0,8.45,30.84
Delhi,2019-09-10,139.0,Moderate,64.48,144.47,34.12,1.07,9.49,40.53
Delhi,2019-09-11,166.0,Moderate,79.6,174.33,39.69,1.15,9.54,48.95
Delhi,2019-09-12,158.0,Moderate,57.83,132.61,34.01,0.99,8.91,32.08
Delhi,2019-09-13,103.0,Moderate,33.59,83.22,29.75,0.88,8.16,27.33
Delhi,2019-09-14,85.0,Satisfactory,26.65,69.36,26.05,0.77,8.48,28.64
Delhi,2019-09-15,83.0,Satisfactory,35.52,72.61,27.77,0.91,8.55,28.58
Delhi,2019-09-16,111.0,Moderate,56.6,129.47,36.18,1.13,8.35,35.4
Delhi,2019-09-17,143.0,Moderate,59.14,135.84,38.18,1.12,8.64,41.22
Delhi,2019-09-18,117.0,Moderate,35.41,97.32,31.3,0.86,9.46,37.19
Delhi,2019-09-19,80.0,Satisfactory,21.74,62.19,24.15,0.78,9.29,27.34
Delhi,2019-09-20,96.0,Satisfactory,40.33,106.47,31.73,0.95,10.81,29.76
Delhi,2019-09-21,112.0,Moderate,39.23,96.29,31.43,0.99,9.63,28.51
Delhi,2019-09-22,86.0,Satisfactory,26.51,65.65,30.66,0.91,9.32,21.15
Delhi,2019-09-23,89.0,Satisfactory,34.46,83.33,30.02,0.93,9.9,30.49
Delhi,2019-09-24,103.0,Moderate,35.88,96.22,34.98,0.98,9.19,28.92
Delhi,2019-09-25,100.0,Satisfactory,30.52,86.31,29.99,0.9,8.94,28.53
Delhi,2019-09-26,87.0,Satisfactory,22.9,69.49,27.25,0.83,10.43,24.16
Delhi,2019-09-27,78.0,Satisfactory,15.66,56.71,24.52,0.78,10.3,23.54
Delhi,2019-09-28,78.0,Satisfactory,22.52,66.98,26.18,0.77,10.01,22.22
Delhi,2019-09-29,68.0,Satisfactory,16.91,51.03,22.84,0.74,8.85,22.84
Delhi,2019-09-30,75.0,Satisfactory,29.42,81.97,27.89,0.92,8.22,26.67
Delhi,2019-10-01,98.0,Satisfactory,33.92,92.41,28.0,0.96,8.5,26.15
Delhi,2019-10-02,105.0,Moderate,40.16,96.13,29.72,1.05,8.95,34.94
Delhi,2019-10-03,140.0,Moderate,57.99,143.97,36.77,1.25,10.42,44.29
Delhi,2019-10-04,113.0,Moderate,43.07,94.9,34.07,0.99,8.34,32.54
Delhi,2019-10-05,108.0,Moderate,39.48,108.22,33.82,1.03,8.08,32.66
Delhi,2019-10-06,127.0,Moderate,58.75,140.15,36.98,0.99,8.62,40.18
Delhi,2019-10-07,133.0,Moderate,55.88,137.81,33.46,0.91,8.25,36.23
Delhi,2019-10-08,123.0,Moderate,44.85,116.56,33.4,0.85,8.91,38.81
Delhi,2019-10-09,165.0,Moderate,77.02,182.89,45.5,1.37,11.9,51.37
Delhi,2019-10-10,208.0,Poor,100.82,215.18,50.32,1.34,13.83,53.51
Delhi,2019-10-11,243.0,Poor,98.07,203.36,48.05,1.37,11.02,47.07
Delhi,2019-10-12,235.0,Poor,103.45,209.42,48.54,1.44,11.26,44.45
Delhi,2019-10-13,282.0,Poor,132.57,255.42,51.27,1.65,12.75,44.55
Delhi,2019-10-14,285.0,Poor,116.33,239.47,50.83,1.73,11.46,43.59
Delhi,2019-10-15,291.0,Poor,133.35,285.26,58.61,2.18,13.31,53.79
Delhi,2019-10-16,320.0,Very Poor,146.37,279.78,53.03,1.77,13.22,55.69
Delhi,2019-10-17,300.0,Poor,121.68,245.2,46.51,1.44,14.95,49.68
Delhi,2019-10-18,265.0,Poor,90.41,203.39,39.62,1.14,11.36,42.7
Delhi,2019-10-19,170.0,Moderate,76.77,174.84,51.37,1.18,11.33,43.23
Delhi,2019-10-20,242.0,Poor,98.05,203.14,48.83,1.26,10.64,33.47
Delhi,2019-10-21,254.0,Poor,115.16,235.0,51.05,1.3,11.11,36.8
Delhi,2019-10-22,243.0,Poor,93.51,213.26,50.05,1.37,11.7,39.48
Delhi,2019-10-23,248.0,Poor,122.12,268.58,57.92,1.79,14.08,44.15
Delhi,2019-10-24,335.0,Very Poor,173.56,346.51,67.36,2.46,18.87,57.94
Delhi,2019-10-25,331.0,Very Poor,129.9,270.87,52.55,1.72,15.17,52.25
Delhi,2019-10-26,315.0,Very Poor,148.73,290.6,56.43,1.92,12.76,50.59
Delhi,2019-10-27,354.0,Very Poor,198.81,321.68,48.37,1.77,13.21,47.27
Delhi,2019-10-28,417.0,Severe,301.39,420.35,48.45,1.77,18.03,42.79
Delhi,2019-10-29,419.0,Severe,287.56,440.77,60.03,2.43,12.71,33.2
Delhi,2019-10-30,452.0,Severe,279.32,454.35,63.87,2.67,13.81,34.86
Delhi,2019-10-31,460.0,Severe,314.32,500.04,71.37,2.92,15.86,38.29
Delhi,2019-11-01,591.0,Severe,388.45,584.15,73.61,2.59,16.32,49.77
Delhi,2019-11-02,473.0,Severe,320.26,467.74,54.1,1.93,12.88,35.0
Delhi,2019-11-03,659.0,Severe,582.28,706.58,49.67,2.39,10.2,33.91
Delhi,2019-11-04,532.0,Severe,272.3,386.16,44.53,1.47,11.68,36.82
Delhi,2019-11-05,385.0,Very Poor,190.41,296.98,44.32,1.43,13.17,39.23
Delhi,2019-11-06,265.0,Poor,101.09,207.19,54.77,1.52,11.58,29.77
Delhi,2019-11-07,296.0,Poor,182.47,292.56,51.64,1.58,11.95,23.72
Delhi,2019-11-08,346.0,Very Poor,154.14,253.44,52.79,1.68,14.04,32.33
Delhi,2019-11-09,321.0,Very Poor,140.8,230.5,44.01,1.34,11.58,30.42
Delhi,2019-11-10,339.0,Very Poor,192.35,296.44,50.35,1.44,13.95,38.5
Delhi,2019-11-11,376.0,Very Poor,252.48,380.54,61.36,1.79,15.18,42.35
Delhi,2019-11-12,475.0,Severe,384.34,529.59,66.1,2.25,14.41,48.8
Delhi,2019-11-13,532.0,Severe,383.36,541.19,73.6,2.5,15.12,39.52
Delhi,2019-11-14,537.0,Severe,371.42,545.66,82.63,2.92,16.26,26.54
Delhi,2019-11-15,595.0,Severe,423.52,576.12,59.35,2.35,14.14,37.71
Delhi,2019-11-16,438.0,Severe,174.03,293.0,42.35,1.34,12.89,31.94
Delhi,2019-11-17,273.0,Poor,96.34,165.5,33.78,0.92,10.78,27.01
Delhi,2019-11-18,245.0,Poor,108.4,181.67,40.05,1.26,10.55,30.33
Delhi,2019-11-19,251.0,Poor,126.92,218.13,52.79,1.6,12.05,31.56
Delhi,2019-11-20,315.0,Very Poor,175.19,295.47,77.62,2.21,14.74,38.99
Delhi,2019-11-21,375.0,Very Poor,217.7,363.77,91.65,3.0,19.85,48.43
Delhi,2019-11-22,377.0,Very Poor,201.17,332.6,75.08,2.4,16.02,41.54
Delhi,2019-11-23,334.0,Very Poor,130.41,224.14,52.7,1.3,11.64,25.58
Delhi,2019-11-24,264.0,Poor,107.86,178.21,43.51,1.01,11.35,29.6
Delhi,2019-11-25,269.0,Poor,122.37,213.67,53.29,1.45,13.59,31.86
Delhi,2019-11-26,284.0,Poor,114.27,225.78,53.83,1.41,17.65,39.21
Delhi,2019-11-27,166.0,Moderate,65.7,128.1,42.94,0.89,10.71,30.2
Delhi,2019-11-28,106.0,Moderate,31.03,58.6,32.3,0.65,8.99,28.72
Delhi,2019-11-29,89.0,Satisfactory,53.79,100.29,41.9,1.03,10.14,24.66
Delhi,2019-11-30,175.0,Moderate,96.96,159.36,45.04,1.21,9.87,23.38
Delhi,2019-12-01,257.0,Poor,123.66,192.47,50.39,1.17,11.39,32.28
Delhi,2019-12-02,299.0,Poor,141.12,229.08,57.23,1.49,11.18,32.54
Delhi,2019-12-03,302.0,Very Poor,140.07,241.56,60.85,1.49,11.37,32.57
Delhi,2019-12-04,313.0,Very Poor,163.24,277.92,71.65,1.95,13.48,33.48
Delhi,2019-12-05,389.0,Very Poor,271.99,416.79,91.53,2.95,14.48,42.41
Delhi,2019-12-06,423.0,Severe,241.69,362.1,69.73,2.03,13.41,32.34
Delhi,2019-12-07,382.0,Very Poor,233.79,348.44,66.41,2.32,15.4,33.69
Delhi,2019-12-08,404.0,Severe,239.98,355.16,68.59,2.88,13.69,32.51
Delhi,2019-12-09,371.0,Very Poor,200.33,311.58,68.28,2.32,12.34,29.47
Delhi,2019-12-10,377.0,Very Poor,236.4,363.3,72.63,2.41,12.49,38.14
Delhi,2019-12-11,430.0,Severe,299.85,452.65,85.56,3.2,14.71,41.46
Delhi,2019-12-12,471.0,Severe,284.18,412.59,64.36,2.01,12.61,44.13
Delhi,2019-12-13,322.0,Very Poor,94.62,124.26,41.21,1.14,7.9,29.14
Delhi,2019-12-14,179.0,Moderate,78.59,128.36,41.29,1.18,9.04,22.94
Delhi,2019-12-15,205.0,Poor,94.67,151.57,39.9,1.15,8.5,22.96
Delhi,2019-12-16,202.0,Poor,88.05,133.11,35.06,1.04,7.17,22.1
Delhi,2019-12-17,178.0,Moderate,93.07,140.23,32.7,1.07,7.26,24.27
Delhi,2019-12-18,273.0,Poor,144.0,214.88,44.41,1.24,7.98,32.08
Delhi,2019-12-19,354.0,Very Poor,261.16,385.13,55.64,1.92,9.64,28.22
Delhi,2019-12-20,452.0,Severe,316.09,449.06,60.58,2.16,9.92,29.05
Delhi,2019-12-21,441.0,Severe,249.87,353.94,50.24,1.71,8.52,23.62
Delhi,2019-12-22,351.0,Very Poor,146.81,202.05,38.96,1.13,6.67,21.48
Delhi,2019-12-23,321.0,Very Poor,171.47,240.19,39.83,1.28,7.0,23.8
Delhi,2019-12-24,376.0,Very Poor,262.69,401.03,56.72,1.76,8.7,28.17
Delhi,2019-12-25,384.0,Very Poor,166.71,258.28,39.77,1.2,6.96,21.13
Delhi,2019-12-26,340.0,Very Poor,196.97,299.85,45.08,1.17,6.99,25.73
Delhi,2019-12-27,372.0,Very Poor,240.07,371.45,54.6,1.39,7.88,27.55
Delhi,2019-12-28,425.0,Severe,275.6,426.12,55.98,1.96,10.26,27.92
Delhi,2019-12-29,455.0,Severe,326.79,500.15,57.76,1.86,10.25,35.11
Delhi,2019-12-30,506.0,Severe,333.43,486.35,55.61,2.24,11.15,26.44
Delhi,2019-12-31,417.0,Severe,245.53,338.18,47.5,1.8,11.03,28.07
Delhi,2020-01-01,492.0,Severe,372.14,483.87,64.18,3.15,18.49,39.58
Delhi,2020-01-02,485.0,Severe,327.04,439.31,64.8,3.32,19.95,36.5
Delhi,2020-01-03,426.0,Severe,228.9,337.04,55.65,2.8,14.93,27.82
Delhi,2020-01-04,366.0,Very Poor,220.6,327.22,57.67,2.2,12.85,29.94
Delhi,2020-01-05,354.0,Very Poor,170.21,257.94,48.25,1.23,9.59,30.21
Delhi,2020-01-06,335.0,Very Poor,159.64,247.47,51.19,1.27,11.34,21.99
Delhi,2020-01-07,285.0,Poor,120.31,176.22,44.9,1.18,12.74,22.82
Delhi,2020-01-08,281.0,Poor,117.98,145.85,38.64,1.13,8.67,17.63
Delhi,2020-01-09,231.0,Poor,89.26,132.06,32.3,0.89,7.28,22.0
Delhi,2020-01-10,255.0,Poor,130.82,203.54,45.12,1.3,9.44,27.25
Delhi,2020-01-11,309.0,Very Poor,151.1,245.62,53.28,1.54,11.65,30.98
Delhi,2020-01-12,352.0,Very Poor,207.23,325.36,59.91,2.26,12.35,32.47
Delhi,2020-01-13,381.0,Very Poor,218.98,329.77,55.04,2.11,11.59,27.98
Delhi,2020-01-14,314.0,Very Poor,115.62,163.67,38.08,1.16,9.24,21.62
Delhi,2020-01-15,241.0,Poor,111.57,179.08,47.45,1.17,10.68,26.19
Delhi,2020-01-16,286.0,Poor,139.06,197.9,44.21,1.11,10.44,18.63
Delhi,2020-01-17,287.0,Poor,107.65,152.98,36.19,1.14,9.69,18.97
Delhi,2020-01-18,262.0,Poor,125.3,198.24,43.78,1.32,9.65,19.93
Delhi,2020-01-19,290.0,Poor,125.04,187.93,34.18,0.96,8.69,25.86
Delhi,2020-01-20,282.0,Poor,142.18,225.67,38.21,1.39,9.65,24.64
Delhi,2020-01-21,359.0,Very Poor,222.81,348.45,48.18,1.93,12.24,27.6
Delhi,2020-01-22,378.0,Very Poor,198.88,296.98,44.3,1.9,10.95,24.63
Delhi,2020-01-23,273.0,Poor,74.45,137.61,35.26,0.79,8.71,27.73
Delhi,2020-01-24,155.0,Moderate,79.83,151.81,44.0,0.99,10.73,30.53
Delhi,2020-01-25,251.0,Poor,136.72,240.57,56.31,1.48,12.36,26.8
Delhi,2020-01-26,349.0,Very Poor,201.2,309.09,50.94,2.09,12.81,32.7
Delhi,2020-01-27,365.0,Very Poor,209.97,330.91,67.09,2.19,14.72,26.6
Delhi,2020-01-28,302.0,Very Poor,104.45,149.12,42.01,1.26,11.12,23.29
Delhi,2020-01-29,218.0,Poor,77.95,134.17,42.24,1.24,9.85,23.96
Delhi,2020-01-30,195.0,Moderate,91.56,168.43,45.04,1.08,10.06,24.23
Delhi,2020-01-31,203.0,Poor,92.04,170.33,47.35,1.1,9.9,24.36
Delhi,2020-02-01,244.0,Poor,112.13,201.19,44.25,1.26,10.02,29.22
Delhi,2020-02-02,254.0,Poor,120.86,200.9,45.28,1.2,10.32,29.69
Delhi,2020-02-03,297.0,Poor,138.5,243.43,53.71,1.51,11.4,33.94
Delhi,2020-02-04,336.0,Very Poor,188.42,340.56,64.8,2.21,15.26,41.0
Delhi,2020-02-05,344.0,Very Poor,150.08,255.41,53.35,1.3,13.31,32.03
Delhi,2020-02-06,277.0,Poor,118.57,205.43,51.82,1.18,12.08,33.75
Delhi,2020-02-07,307.0,Very Poor,150.15,253.82,58.46,1.51,14.21,34.75
Delhi,2020-02-08,315.0,Very Poor,149.67,238.17,47.55,1.16,14.39,35.72
Delhi,2020-02-09,310.0,Very Poor,151.43,247.62,50.75,1.29,14.64,36.29
Delhi,2020-02-10,328.0,Very Poor,174.4,292.44,56.48,1.61,14.83,31.92
Delhi,2020-02-11,347.0,Very Poor,176.57,306.12,60.12,1.89,14.37,37.22
Delhi,2020-02-12,343.0,Very Poor,172.12,295.05,55.96,1.29,16.24,37.86
Delhi,2020-02-13,279.0,Poor,95.72,179.78,41.59,0.95,16.49,36.8
Delhi,2020-02-14,186.0,Moderate,73.84,172.28,34.6,0.82,13.53,43.62
Delhi,2020-02-15,174.0,Moderate,83.07,174.78,44.57,0.91,17.59,42.21
Delhi,2020-02-16,254.0,Poor,132.63,237.81,57.15,1.38,19.61,40.01
Delhi,2020-02-17,323.0,Very Poor,158.69,282.84,61.17,1.61,18.85,38.6
Delhi,2020-02-18,292.0,Poor,125.53,238.91,59.91,1.39,23.01,42.7
Delhi,2020-02-19,300.0,Poor,138.46,286.39,59.9,2.0,20.13,44.29
Delhi,2020-02-20,253.0,Poor,98.84,223.69,44.05,0.99,14.91,55.32
Delhi,2020-02-21,170.0,Moderate,53.11,85.49,33.27,0.83,10.45,39.58
Delhi,2020-02-22,104.0,Moderate,63.62,123.44,41.23,1.2,13.38,32.03
Delhi,2020-02-23,221.0,Poor,105.71,182.2,42.24,1.26,14.3,35.15
Delhi,2020-02-24,169.0,Moderate,70.59,145.05,44.2,1.02,15.94,33.36
Delhi,2020-02-25,244.0,Poor,127.75,224.02,46.76,1.22,18.24,35.32
Delhi,2020-02-26,303.0,Very Poor,141.81,258.62,50.67,1.54,17.61,38.64
Delhi,2020-02-27,270.0,Poor,107.28,203.77,46.15,1.23,14.7,36.36
Delhi,2020-02-28,214.0,Poor,83.48,161.36,33.92,0.97,11.55,41.53
Delhi,2020-02-29,144.0,Moderate,60.01,115.82,33.98,0.83,12.05,37.35
Delhi,2020-03-01,105.0,Moderate,42.83,91.88,40.73,0.97,12.19,39.84
Delhi,2020-03-02,192.0,Moderate,99.34,203.51,50.23,1.58,15.81,36.64
Delhi,2020-03-03,226.0,Poor,86.26,188.73,46.6,1.22,15.48,32.39
Delhi,2020-03-04,200.0,Moderate,82.9,193.79,45.62,1.1,16.22,41.77
Delhi,2020-03-05,112.0,Moderate,31.43,67.5,32.97,0.81,11.32,36.98
Delhi,2020-03-06,82.0,Satisfactory,21.32,38.5,33.71,0.87,10.42,33.52
Delhi,2020-03-07,77.0,Satisfactory,40.96,85.45,35.53,0.82,11.84,35.47
Delhi,2020-03-08,156.0,Moderate,72.1,140.22,37.14,1.11,12.61,34.59
Delhi,2020-03-09,138.0,Moderate,58.04,133.75,32.29,0.75,13.33,34.54
Delhi,2020-03-10,186.0,Moderate,84.35,160.91,30.22,0.84,17.21,47.66
Delhi,2020-03-11,128.0,Moderate,55.19,112.57,29.76,0.76,13.82,42.36
Delhi,2020-03-12,125.0,Moderate,56.92,155.18,36.74,0.94,13.68,34.27
Delhi,2020-03-13,170.0,Moderate,68.72,209.02,40.53,0.87,15.42,37.42
Delhi,2020-03-14,131.0,Moderate,39.41,85.26,34.59,0.76,11.59,29.17
Delhi,2020-03-15,124.0,Moderate,60.99,124.24,41.09,0.9,13.92,37.25
Delhi,2020-03-16,148.0,Moderate,61.61,144.37,41.52,0.89,14.8,38.38
Delhi,2020-03-17,164.0,Moderate,69.7,160.15,43.5,1.0,15.06,40.59
Delhi,2020-03-18,162.0,Moderate,68.93,162.56,45.86,1.07,14.93,41.73
Delhi,2020-03-19,191.0,Moderate,90.62,195.15,45.67,1.14,17.66,43.16
Delhi,2020-03-20,209.0,Poor,90.31,200.79,51.26,1.24,19.71,48.23
Delhi,2020-03-21,205.0,Poor,82.39,184.81,46.04,1.18,18.55,43.19
Delhi,2020-03-22,198.0,Moderate,78.61,134.46,29.85,0.92,16.63,47.67
Delhi,2020-03-23,127.0,Moderate,54.26,100.55,25.96,0.78,15.17,46.48
Delhi,2020-03-24,124.0,Moderate,55.85,103.62,27.07,0.81,15.81,38.23
Delhi,2020-03-25,92.0,Satisfactory,37.87,68.03,21.11,0.68,11.49,32.11
Delhi,2020-03-26,93.0,Satisfactory,45.69,75.81,16.58,0.58,12.82,30.59
Delhi,2020-03-27,76.0,Satisfactory,26.89,45.48,15.32,0.53,11.04,27.38
Delhi,2020-03-28,51.0,Satisfactory,21.23,34.15,17.52,0.54,10.28,25.06
Delhi,2020-03-29,64.0,Satisfactory,27.59,55.75,16.6,0.52,10.39,35.75
Delhi,2020-03-30,74.0,Satisfactory,35.08,64.66,17.52,0.58,12.47,40.26
Delhi,2020-03-31,81.0,Satisfactory,35.31,67.01,18.03,0.56,12.33,40.96
Delhi,2020-04-01,80.0,Satisfactory,32.88,65.84,19.17,0.62,13.0,35.06
Delhi,2020-04-02,78.0,Satisfactory,28.51,61.06,17.18,0.6,10.84,39.47
Delhi,2020-04-03,84.0,Satisfactory,31.36,62.69,20.07,0.61,11.99,46.82
Delhi,2020-04-04,90.0,Satisfactory,40.79,77.64,22.38,0.68,12.59,41.26
Delhi,2020-04-05,103.0,Moderate,51.79,96.88,24.42,0.81,16.03,44.55
Delhi,2020-04-06,134.0,Moderate,59.91,114.88,24.37,0.81,15.59,44.16
Delhi,2020-04-07,100.0,Satisfactory,33.12,94.02,19.27,0.6,13.46,42.65
Delhi,2020-04-08,91.0,Satisfactory,29.7,79.04,18.56,0.56,12.85,45.8
Delhi,2020-04-09,89.0,Satisfactory,36.13,76.32,21.37,0.66,14.2,48.34
Delhi,2020-04-10,111.0,Moderate,57.67,112.93,27.12,0.81,16.32,40.36
Delhi,2020-04-11,126.0,Moderate,53.03,118.1,23.64,0.83,18.38,49.51
Delhi,2020-04-12,102.0,Moderate,38.57,92.7,17.59,0.67,15.7,50.15
Delhi,2020-04-13,119.0,Moderate,60.6,136.77,23.4,0.83,19.86,41.07
Delhi,2020-04-14,134.0,Moderate,58.22,144.7,25.71,0.93,17.38,40.74
Delhi,2020-04-15,152.0,Moderate,58.31,190.98,24.55,0.93,14.89,38.22
Delhi,2020-04-16,172.0,Moderate,69.8,191.17,25.01,0.94,19.42,41.87
Delhi,2020-04-17,123.0,Moderate,26.93,89.58,15.83,0.64,14.08,53.53
Delhi,2020-04-18,102.0,Moderate,29.09,102.53,15.45,0.68,12.63,49.14
Delhi,2020-04-19,95.0,Satisfactory,35.49,73.86,19.72,0.71,13.17,40.53
Delhi,2020-04-20,115.0,Moderate,52.86,113.25,24.56,1.02,15.06,32.67
Delhi,2020-04-21,102.0,Moderate,37.17,87.27,19.64,0.82,15.36,48.56
Delhi,2020-04-22,122.0,Moderate,58.25,130.99,24.79,0.86,17.34,46.94
Delhi,2020-04-23,129.0,Moderate,54.71,127.82,24.83,0.91,17.39,43.99
Delhi,2020-04-24,143.0,Moderate,65.91,138.46,25.62,0.99,18.62,47.98
Delhi,2020-04-25,121.0,Moderate,33.09,85.83,18.68,0.75,12.76,54.53
Delhi,2020-04-26,119.0,Moderate,40.24,117.1,17.45,0.77,16.21,47.16
Delhi,2020-04-27,98.0,Satisfactory,27.18,53.02,14.8,0.76,15.59,53.43
Delhi,2020-04-28,105.0,Moderate,41.75,80.36,17.35,0.86,17.6,58.96
Delhi,2020-04-29,123.0,Moderate,55.18,114.91,20.11,0.91,19.08,58.57
Delhi,2020-04-30,128.0,Moderate,49.96,115.63,17.61,0.84,17.42,59.55
Delhi,2020-05-01,140.0,Moderate,61.04,143.11,18.46,0.89,17.52,56.81
Delhi,2020-05-02,127.0,Moderate,34.67,107.36,14.36,0.76,13.0,60.45
Delhi,2020-05-03,110.0,Moderate,32.56,83.02,15.14,0.68,11.94,49.04
Delhi,2020-05-04,92.0,Satisfactory,26.63,60.59,16.95,0.72,11.92,50.56
Delhi,2020-05-05,117.0,Moderate,56.24,115.91,21.36,0.87,16.4,52.12
Delhi,2020-05-06,139.0,Moderate,58.44,169.61,21.88,0.89,15.78,53.95
Delhi,2020-05-07,140.0,Moderate,36.02,88.35,17.97,0.73,13.6,73.11
Delhi,2020-05-08,138.0,Moderate,51.09,120.82,21.66,0.83,13.82,74.28
Delhi,2020-05-09,142.0,Moderate,54.18,126.9,17.65,0.85,13.33,76.32
Delhi,2020-05-10,127.0,Moderate,44.3,110.39,16.46,0.74,12.02,63.71
Delhi,2020-05-11,113.0,Moderate,43.26,93.49,19.53,0.76,12.66,64.6
Delhi,2020-05-12,122.0,Moderate,43.19,94.4,18.49,0.75,13.84,64.1
Delhi,2020-05-13,132.0,Moderate,68.8,159.2,21.34,0.9,15.41,52.2
Delhi,2020-05-14,154.0,Moderate,56.17,126.53,25.12,0.89,12.92,50.22
Delhi,2020-05-15,125.0,Moderate,47.44,101.93,23.45,0.84,13.71,53.08
Delhi,2020-05-16,175.0,Moderate,81.87,151.8,26.17,0.99,16.19,63.12
Delhi,2020-05-17,202.0,Poor,98.63,187.24,31.96,1.06,20.19,59.79
Delhi,2020-05-18,222.0,Poor,101.02,192.68,34.76,1.12,22.11,53.55
Delhi,2020-05-19,238.0,Poor,106.63,208.65,42.67,1.31,20.41,57.05
Delhi,2020-05-20,196.0,Moderate,67.8,155.41,32.8,1.03,18.96,62.34
Delhi,2020-05-21,149.0,Moderate,55.92,163.77,31.36,1.09,18.99,62.56
Delhi,2020-05-22,199.0,Moderate,94.37,213.47,45.36,1.31,26.05,55.45
Delhi,2020-05-23,202.0,Poor,74.92,209.49,42.43,1.16,17.05,41.87
Delhi,2020-05-24,174.0,Moderate,55.37,179.3,27.35,0.87,17.11,53.31
Delhi,2020-05-25,157.0,Moderate,61.46,162.41,30.92,0.94,21.3,54.74
Delhi,2020-05-26,153.0,Moderate,55.38,190.11,37.79,1.1,16.82,38.73
Delhi,2020-05-27,156.0,Moderate,43.22,161.76,26.95,0.83,14.49,66.77
Delhi,2020-05-28,174.0,Moderate,39.07,229.55,17.1,0.8,11.68,55.92
Delhi,2020-05-29,129.0,Moderate,24.62,66.66,19.02,0.77,9.95,47.48
Delhi,2020-05-30,84.0,Satisfactory,23.09,53.19,18.51,0.84,9.95,50.29
Delhi,2020-05-31,80.0,Satisfactory,21.51,40.43,17.05,0.84,9.06,42.29
Delhi,2020-06-01,100.0,Satisfactory,41.05,80.47,22.99,0.96,14.02,50.57
Delhi,2020-06-02,123.0,Moderate,45.9,98.32,24.78,0.92,12.71,50.06
Delhi,2020-06-03,123.0,Moderate,50.62,114.01,28.02,0.9,15.91,52.16
Delhi,2020-06-04,144.0,Moderate,68.24,143.79,34.11,1.09,17.97,39.14
Delhi,2020-06-05,126.0,Moderate,42.43,87.05,25.87,0.87,12.46,44.83
Delhi,2020-06-06,102.0,Moderate,35.14,80.49,21.25,0.82,10.69,51.46
Delhi,2020-06-07,104.0,Moderate,39.99,91.17,22.65,0.86,11.89,45.4
Delhi,2020-06-08,112.0,Moderate,46.9,103.27,25.81,0.94,15.78,51.77
Delhi,2020-06-09,138.0,Moderate,64.77,148.67,32.01,1.01,15.06,49.14
Delhi,2020-06-10,154.0,Moderate,58.9,156.29,34.31,1.03,14.12,40.8
Delhi,2020-06-11,142.0,Moderate,54.69,134.36,30.94,0.91,12.74,40.63
Delhi,2020-06-12,152.0,Moderate,64.0,152.7,30.05,1.06,12.9,43.37
Delhi,2020-06-13,132.0,Moderate,52.36,129.33,25.46,0.95,10.59,34.95
Delhi,2020-06-14,147.0,Moderate,71.08,150.28,26.01,1.04,13.57,38.86
Delhi,2020-06-15,130.0,Moderate,48.69,120.23,25.95,0.88,12.57,48.39
Delhi,2020-06-16,126.0,Moderate,39.87,107.99,24.58,0.88,12.08,51.4
Delhi,2020-06-17,110.0,Moderate,34.35,92.58,16.94,0.78,10.84,48.72
Delhi,2020-06-18,107.0,Moderate,36.84,100.62,18.32,0.82,12.19,47.98
Delhi,2020-06-19,132.0,Moderate,57.6,205.56,17.78,0.86,11.98,40.95
Delhi,2020-06-20,158.0,Moderate,35.96,108.73,20.37,0.8,10.98,36.24
Delhi,2020-06-21,105.0,Moderate,39.7,95.63,23.7,0.85,11.71,33.92
Delhi,2020-06-22,104.0,Moderate,39.47,77.48,20.61,0.91,11.08,42.76
Delhi,2020-06-23,85.0,Satisfactory,29.02,64.12,16.39,0.88,11.09,28.64
Delhi,2020-06-24,71.0,Satisfactory,30.91,62.61,16.84,0.89,11.02,24.77
Delhi,2020-06-25,86.0,Satisfactory,38.37,77.76,21.41,1.02,11.28,25.92
Delhi,2020-06-26,104.0,Moderate,50.01,112.08,22.06,1.01,11.66,24.82
Delhi,2020-06-27,112.0,Moderate,39.8,155.94,21.46,0.87,10.38,18.88
Delhi,2020-06-28,196.0,Moderate,59.52,308.65,21.6,0.94,10.7,18.05
Delhi,2020-06-29,233.0,Poor,44.86,184.12,21.57,0.88,11.58,26.61
Delhi,2020-06-30,114.0,Moderate,39.8,91.98,17.96,0.84,10.51,37.29
Delhi,2020-07-01,101.0,Moderate,54.01,128.66,21.05,0.97,11.15,29.73
Lucknow,2015-01-01,123.0,,51.67,105.95,13.46,12.15,169.57,25.92
Lucknow,2015-01-02,123.0,,51.67,105.95,10.76,14.0,169.46,21.66
Lucknow,2015-01-03,123.0,,51.67,105.95,12.43,12.78,169.77,22.4
Lucknow,2015-01-04,123.0,,51.67,105.95,12.46,11.85,169.56,21.41
Lucknow,2015-01-05,123.0,,51.67,105.95,12.27,13.34,169.48,20.6
Lucknow,2015-01-06,123.0,,51.67,105.95,12.91,14.21,178.63,21.49
Lucknow,2015-01-07,123.0,,51.67,105.95,17.12,11.24,169.0,23.67
Lucknow,2015-01-08,123.0,,51.67,105.95,24.45,12.68,169.0,19.69
Lucknow,2015-01-09,123.0,,51.67,105.95,24.74,13.99,182.39,21.73
Lucknow,2015-01-10,123.0,,51.67,105.95,20.67,14.06,174.58,27.36
Lucknow,2015-01-11,123.0,,51.67,105.95,18.77,15.69,178.93,27.51
Lucknow,2015-01-12,123.0,,51.67,105.95,17.52,16.47,176.44,26.69
Lucknow,2015-01-13,123.0,,51.67,105.95,15.84,11.81,187.02,30.22
Lucknow,2015-01-14,123.0,,51.67,105.95,15.26,12.86,42.93,34.77
Lucknow,2015-01-15,123.0,,51.67,105.95,8.73,11.83,7.71,36.26
Lucknow,2015-01-16,123.0,,51.67,105.95,8.72,12.02,7.71,47.81
Lucknow,2015-01-17,123.0,,51.67,105.95,5.4,10.27,87.87,34.72
Lucknow,2015-01-18,123.0,,51.67,105.95,4.89,9.54,7.71,26.07
Lucknow,2015-01-19,123.0,,51.67,105.95,8.14,13.28,7.71,31.2
Lucknow,2015-01-20,123.0,,51.67,105.95,11.63,14.09,7.71,33.76
Lucknow,2015-01-21,123.0,,51.67,105.95,19.67,13.49,7.71,25.41
Lucknow,2015-01-22,123.0,,51.67,105.95,17.07,8.3,141.76,34.07
Lucknow,2015-01-23,123.0,,51.67,105.95,15.33,8.56,7.71,49.69
Lucknow,2015-01-24,123.0,,51.67,105.95,12.79,6.83,7.71,45.87
Lucknow,2015-01-25,123.0,,51.67,105.95,10.64,12.66,7.71,58.79
Lucknow,2015-01-26,123.0,,51.67,105.95,13.62,9.29,7.71,33.98
Lucknow,2015-01-27,123.0,,51.67,105.95,20.12,9.94,7.71,31.3
Lucknow,2015-01-28,123.0,,51.67,105.95,28.51,7.78,7.71,47.82
Lucknow,2015-01-29,123.0,,51.67,105.95,21.54,12.85,7.71,56.81
Lucknow,2015-01-30,123.0,,51.67,105.95,16.56,14.92,7.71,57.77
Lucknow,2015-01-31,123.0,,51.67,105.95,18.36,11.48,7.71,43.57
Lucknow,2015-02-01,123.0,,51.67,105.95,20.19,13.58,70.12,33.27
Lucknow,2015-02-02,123.0,,51.67,105.95,18.3,15.41,7.71,46.3
Lucknow,2015-02-03,123.0,,51.67,105.95,14.16,15.62,7.71,35.58
Lucknow,2015-02-04,123.0,,51.67,105.95,13.12,13.67,7.71,33.45
Lucknow,2015-02-05,123.0,,51.67,105.95,14.52,11.85,7.71,29.48
Lucknow,2015-02-06,123.0,,51.67,105.95,19.2,11.35,7.71,48.74
Lucknow,2015-02-07,123.0,,51.67,105.95,31.35,13.95,7.71,35.46
Lucknow,2015-02-08,123.0,,51.67,105.95,33.06,14.63,7.71,27.08
Lucknow,2015-02-09,123.0,,51.67,105.95,33.45,17.17,7.71,34.11
Lucknow,2015-02-10,123.0,,51.67,105.95,17.01,11.44,132.63,39.29
Lucknow,2015-02-11,123.0,,51.67,105.95,28.63,16.55,179.18,42.61
Lucknow,2015-02-12,123.0,,51.67,105.95,33.18,14.85,103.59,41.16
Lucknow,2015-02-13,123.0,,51.67,105.95,16.65,7.77,180.85,39.1
Lucknow,2015-02-14,123.0,,51.67,105.95,35.7,17.62,7.71,29.49
Lucknow,2015-02-15,123.0,,51.67,105.95,21.52,14.7,159.23,43.28
Lucknow,2015-02-16,123.0,,51.67,105.95,26.65,16.0,106.44,32.19
Lucknow,2015-02-17,123.0,,51.67,105.95,25.15,12.28,7.71,27.74
Lucknow,2015-02-18,123.0,,51.67,105.95,28.35,11.87,58.62,30.65
Lucknow,2015-02-19,123.0,,51.67,105.95,29.61,16.37,113.63,25.96
Lucknow,2015-02-20,123.0,,51.67,105.95,18.41,5.26,7.71,16.19
Lucknow,2015-02-21,123.0,,51.67,105.95,26.09,12.09,7.71,27.47
Lucknow,2015-02-22,123.0,,51.67,105.95,20.97,11.84,7.71,28.7
Lucknow,2015-02-23,123.0,,51.67,105.95,27.46,16.84,7.71,23.22
Lucknow,2015-02-24,123.0,,51.67,105.95,28.73,12.48,7.71,22.18
Lucknow,2015-02-25,123.0,,51.67,105.95,18.02,13.42,7.71,18.1
Lucknow,2015-02-26,123.0,,51.67,105.95,10.35,6.12,7.71,11.27
Lucknow,2015-02-27,123.0,,51.67,105.95,11.42,17.65,7.71,11.22
Lucknow,2015-02-28,123.0,,51.67,105.95,13.83,11.21,7.71,15.43
Lucknow,2015-03-01,123.0,,51.67,105.95,16.82,10.28,124.96,15.09
Lucknow,2015-03-02,123.0,,51.67,105.95,27.26,12.16,7.71,10.79
Lucknow,2015-03-03,123.0,,51.67,105.95,21.85,9.62,7.71,16.56
Lucknow,2015-03-04,123.0,,51.67,105.95,12.38,10.53,7.71,24.78
Lucknow,2015-03-05,123.0,,51.67,105.95,20.08,11.83,7.71,27.25
Lucknow,2015-03-06,123.0,,51.67,105.95,19.54,11.58,7.71,28.29
Lucknow,2015-03-07,123.0,,51.67,105.95,21.08,11.55,7.71,26.71
Lucknow,2015-03-08,123.0,,51.67,105.95,19.58,12.21,167.19,22.09
Lucknow,2015-03-09,123.0,,51.67,105.95,19.51,14.47,7.71,27.1
Lucknow,2015-03-10,123.0,,51.67,105.95,22.78,8.9,20.83,31.41
Lucknow,2015-03-11,123.0,,51.67,105.95,24.66,10.51,11.61,34.98
Lucknow,2015-03-12,123.0,,51.67,105.95,25.05,8.6,11.68,30.95
Lucknow,2015-03-13,123.0,,51.67,105.95,26.42,2.31,14.02,20.87
Lucknow,2015-03-14,123.0,,51.67,105.95,24.89,1.99,13.47,24.91
Lucknow,2015-03-15,123.0,,51.67,105.95,18.44,2.13,9.43,13.24
Lucknow,2015-03-16,123.0,,51.67,105.95,28.15,2.12,9.6,18.75
Lucknow,2015-03-17,123.0,,51.67,105.95,28.12,2.23,11.79,14.84
Lucknow,2015-03-18,123.0,,51.67,105.95,21.83,2.24,9.74,46.65
Lucknow,2015-03-19,123.0,,51.67,105.95,22.57,2.26,10.15,64.24
Lucknow,2015-03-20,123.0,,742.67,105.95,24.78,2.19,10.73,66.8
Lucknow,2015-03-21,607.0,Severe,518.1,105.95,25.91,2.05,10.99,59.02
Lucknow,2015-03-22,707.0,Severe,674.43,105.95,22.05,2.13,11.33,11.61
Lucknow,2015-03-23,699.0,Severe,41.71,105.95,23.95,2.33,10.59,14.01
Lucknow,2015-03-24,108.0,Moderate,63.06,105.95,26.69,2.3,13.25,24.94
Lucknow,2015-03-25,111.0,Moderate,50.6,105.95,39.66,2.29,14.75,23.06
Lucknow,2015-03-26,116.0,Moderate,55.31,105.95,33.29,2.4,13.48,26.74
Lucknow,2015-03-27,104.0,Moderate,60.99,105.95,25.41,2.13,11.27,26.71
Lucknow,2015-03-28,114.0,Moderate,58.69,105.95,27.05,2.16,11.94,26.76
Lucknow,2015-03-29,124.0,Moderate,56.07,105.95,25.32,2.24,13.86,26.77
Lucknow,2015-03-30,113.0,Moderate,53.07,105.95,18.07,1.76,7.49,32.13
Lucknow,2015-03-31,104.0,Moderate,40.51,105.95,25.01,2.36,11.17,18.76
Lucknow,2015-04-01,124.0,Moderate,60.06,105.95,22.11,2.17,12.14,27.28
Lucknow,2015-04-02,157.0,Moderate,59.78,105.95,23.79,2.66,12.63,27.54
Lucknow,2015-04-03,122.0,Moderate,75.52,105.95,27.25,2.37,13.38,22.52
Lucknow,2015-04-04,144.0,Moderate,41.71,105.95,22.35,1.99,12.6,25.81
Lucknow,2015-04-05,123.0,Moderate,50.51,105.95,23.39,1.97,10.93,26.59
Lucknow,2015-04-06,114.0,Moderate,37.74,105.95,27.38,2.15,10.73,23.46
Lucknow,2015-04-07,120.0,Moderate,49.06,105.95,31.87,2.17,12.01,24.7
Lucknow,2015-04-08,117.0,Moderate,36.35,105.95,28.02,2.36,14.49,26.18
Lucknow,2015-04-09,104.0,Moderate,37.09,105.95,22.89,2.23,10.67,26.64
Lucknow,2015-04-10,108.0,Moderate,48.37,105.95,25.37,2.21,13.69,26.09
Lucknow,2015-04-11,114.0,Moderate,63.86,105.95,31.48,2.45,24.19,25.95
Lucknow,2015-04-12,134.0,Moderate,54.17,105.95,23.58,2.35,11.24,20.51
Lucknow,2015-04-13,103.0,Moderate,44.54,105.95,29.51,2.25,10.94,11.56
Lucknow,2015-04-14,103.0,Moderate,45.94,105.95,32.21,2.26,12.54,11.41
Lucknow,2015-04-15,104.0,Moderate,44.87,105.95,30.76,2.28,15.35,11.57
Lucknow,2015-04-16,104.0,Moderate,47.12,105.95,33.17,2.93,11.25,16.45
Lucknow,2015-04-17,103.0,Moderate,43.82,105.95,23.53,2.09,8.84,29.6
Lucknow,2015-04-18,123.0,,44.13,105.95,27.93,1.63,7.51,26.97
Lucknow,2015-04-19,105.0,Moderate,43.04,105.95,23.35,3.21,21.52,25.29
Lucknow,2015-04-20,167.0,Moderate,36.72,105.95,25.96,3.25,16.62,22.79
Lucknow,2015-04-21,122.0,Moderate,44.07,105.95,31.36,2.06,16.35,34.5
Lucknow,2015-04-22,133.0,Moderate,32.86,105.95,17.77,2.37,17.14,21.25
Lucknow,2015-04-23,102.0,Moderate,50.1,105.95,24.3,2.28,37.56,29.22
Lucknow,2015-04-24,113.0,Moderate,44.39,105.95,16.54,2.23,35.52,26.23
Lucknow,2015-04-25,160.0,Moderate,39.98,105.95,12.56,2.75,42.87,19.56
Lucknow,2015-04-26,105.0,Moderate,44.83,105.95,10.99,2.04,45.84,21.32
Lucknow,2015-04-27,104.0,Moderate,46.26,105.95,15.12,2.0,21.77,25.28
Lucknow,2015-04-28,111.0,Moderate,42.06,105.95,13.56,2.38,10.34,23.73
Lucknow,2015-04-29,110.0,Moderate,34.93,105.95,16.37,2.44,8.87,25.91
Lucknow,2015-04-30,109.0,Moderate,46.02,105.95,14.83,2.15,15.07,26.25
Lucknow,2015-05-01,162.0,Moderate,105.39,105.95,12.12,2.28,11.31,16.26
Lucknow,2015-05-02,175.0,Moderate,49.21,105.95,14.35,2.26,13.08,32.57
Lucknow,2015-05-03,133.0,Moderate,42.74,105.95,20.79,2.36,14.72,39.37
Lucknow,2015-05-04,118.0,Moderate,44.41,105.95,25.14,2.32,15.75,31.8
Lucknow,2015-05-05,119.0,Moderate,33.52,105.95,22.69,2.48,13.58,15.89
Lucknow,2015-05-06,114.0,Moderate,29.95,105.95,16.42,2.39,11.79,19.7
Lucknow,2015-05-07,115.0,Moderate,29.69,105.95,16.32,2.19,11.86,43.82
Lucknow,2015-05-08,148.0,Moderate,28.56,105.95,14.08,2.43,11.19,42.55
Lucknow,2015-05-09,176.0,Moderate,28.45,105.95,13.6,3.25,12.45,48.76
Lucknow,2015-05-10,150.0,Moderate,32.08,105.95,19.08,2.95,9.7,41.08
Lucknow,2015-05-11,163.0,Moderate,36.26,105.95,18.29,2.91,20.09,47.42
Lucknow,2015-05-12,138.0,Moderate,29.07,105.95,12.68,2.65,7.57,49.44
Lucknow,2015-05-13,119.0,Moderate,32.94,105.95,13.9,2.25,8.7,39.97
Lucknow,2015-05-14,112.0,Moderate,33.4,105.95,13.48,2.14,9.08,44.04
Lucknow,2015-05-15,119.0,Moderate,28.85,105.95,12.03,2.24,8.33,59.35
Lucknow,2015-05-16,118.0,Moderate,36.88,105.95,13.78,2.11,11.43,57.8
Lucknow,2015-05-17,127.0,Moderate,36.01,105.95,12.87,2.14,10.25,53.5
Lucknow,2015-05-18,169.0,Moderate,34.55,105.95,13.04,3.38,9.65,62.24
Lucknow,2015-05-19,118.0,Moderate,34.76,105.95,10.78,1.97,13.1,57.99
Lucknow,2015-05-20,106.0,Moderate,32.51,105.95,11.77,2.23,9.19,21.09
Lucknow,2015-05-21,115.0,Moderate,42.98,105.95,12.15,2.94,14.66,17.09
Lucknow,2015-05-22,187.0,Moderate,34.6,105.95,12.48,4.1,15.98,24.44
Lucknow,2015-05-23,135.0,Moderate,46.62,105.95,14.1,3.04,20.47,29.18
Lucknow,2015-05-24,125.0,Moderate,39.74,105.95,11.67,2.21,15.78,28.93
Lucknow,2015-05-25,128.0,Moderate,45.86,105.95,10.83,2.61,23.05,29.77
Lucknow,2015-05-26,136.0,Moderate,39.79,105.95,11.18,2.99,14.2,29.3
Lucknow,2015-05-27,163.0,Moderate,39.79,105.95,10.08,4.89,16.28,30.02
Lucknow,2015-05-28,127.0,Moderate,40.78,105.95,11.21,2.81,14.27,28.75
Lucknow,2015-05-29,127.0,Moderate,56.01,105.95,11.77,2.76,19.4,28.77
Lucknow,2015-05-30,198.0,Moderate,41.14,105.95,12.7,2.42,13.56,27.8
Lucknow,2015-05-31,107.0,Moderate,25.56,105.95,16.47,2.24,11.13,29.71
Lucknow,2015-06-01,112.0,Moderate,23.1,105.95,10.86,2.47,9.28,39.34
Lucknow,2015-06-02,116.0,Moderate,44.99,105.95,10.87,2.46,13.14,43.93
Lucknow,2015-06-03,189.0,Moderate,71.26,105.95,15.29,2.43,7.48,43.95
Lucknow,2015-06-04,198.0,Moderate,61.85,105.95,12.77,2.59,7.77,43.57
Lucknow,2015-06-05,203.0,Poor,77.49,105.95,11.71,2.93,15.39,43.72
Lucknow,2015-06-06,193.0,Moderate,76.8,105.95,10.79,2.1,14.44,44.27
Lucknow,2015-06-07,191.0,Moderate,70.64,105.95,9.95,2.29,9.9,39.97
Lucknow,2015-06-08,211.0,Poor,78.15,105.95,11.42,2.99,11.68,41.26
Lucknow,2015-06-09,161.0,Moderate,53.52,105.95,13.08,2.23,9.38,41.7
Lucknow,2015-06-10,217.0,Poor,52.4,105.95,11.27,3.33,10.6,42.61
Lucknow,2015-06-11,119.0,Moderate,53.19,105.95,11.98,2.06,10.69,44.75
Lucknow,2015-06-12,139.0,Moderate,47.72,105.95,12.5,2.06,6.47,53.5
Lucknow,2015-06-13,106.0,Moderate,52.73,105.95,11.89,1.89,8.09,55.64
Lucknow,2015-06-14,101.0,Moderate,42.28,105.95,12.6,1.53,7.83,55.76
Lucknow,2015-06-15,229.0,Poor,97.19,105.95,14.6,3.3,9.43,54.35
Lucknow,2015-06-16,270.0,Poor,95.8,105.95,13.26,3.9,9.41,56.31
Lucknow,2015-06-17,103.0,Moderate,32.33,105.95,10.69,1.84,16.53,57.49
Lucknow,2015-06-18,94.0,Satisfactory,34.61,105.95,10.34,2.46,10.54,57.06
Lucknow,2015-06-19,102.0,Moderate,37.29,105.95,11.97,2.17,18.63,60.81
Lucknow,2015-06-20,104.0,Moderate,123.5,105.95,8.84,5.77,17.75,57.42
Lucknow,2015-06-21,218.0,Poor,38.13,105.95,8.89,11.69,10.35,56.98
Lucknow,2015-06-22,159.0,Moderate,64.33,105.95,9.11,3.71,10.52,56.85
Lucknow,2015-06-23,157.0,Moderate,71.33,105.95,9.33,1.26,13.09,56.85
Lucknow,2015-06-24,132.0,Moderate,35.56,105.95,8.92,2.34,11.06,57.24
Lucknow,2015-06-25,70.0,Satisfactory,37.82,105.95,8.84,1.57,11.23,45.13
Lucknow,2015-06-26,188.0,Moderate,35.19,105.95,9.24,2.66,11.25,24.84
Lucknow,2015-06-27,167.0,Moderate,19.15,105.95,9.31,10.18,9.73,24.37
Lucknow,2015-06-28,59.0,Satisfactory,18.09,105.95,8.72,1.32,12.89,24.63
Lucknow,2015-06-29,51.0,Satisfactory,17.86,105.95,8.78,1.02,9.9,24.55
Lucknow,2015-06-30,131.0,Moderate,17.81,105.95,9.11,7.09,15.69,24.65
Lucknow,2015-07-01,95.0,Satisfactory,19.69,105.95,8.54,1.39,11.34,24.12
Lucknow,2015-07-02,80.0,Satisfactory,23.32,105.95,8.82,1.42,13.63,23.83
Lucknow,2015-07-03,75.0,Satisfactory,18.64,105.95,11.83,1.42,12.53,25.73
Lucknow,2015-07-04,115.0,Moderate,19.77,105.95,9.48,2.88,12.44,25.9
Lucknow,2015-07-05,152.0,Moderate,21.85,105.95,9.41,4.15,17.99,25.57
Lucknow,2015-07-06,153.0,Moderate,27.82,105.95,15.94,10.51,9.22,25.93
Lucknow,2015-07-07,210.0,Poor,18.85,105.95,8.53,7.36,13.94,26.08
Lucknow,2015-07-08,112.0,Moderate,18.47,105.95,8.56,9.11,10.63,25.11
Lucknow,2015-07-09,65.0,Satisfactory,20.98,105.95,7.95,1.82,10.76,24.07
Lucknow,2015-07-10,80.0,Satisfactory,21.6,105.95,8.15,2.42,12.16,24.9
Lucknow,2015-07-11,112.0,Moderate,29.6,105.95,7.8,5.38,10.03,25.25
Lucknow,2015-07-12,47.0,Good,51.67,105.95,26.41,4.27,6.69,34.07
Lucknow,2015-07-13,123.0,,35.26,105.95,8.15,2.56,9.39,39.11
Lucknow,2015-07-14,205.0,Poor,37.85,105.95,8.59,6.37,10.0,26.84
Lucknow,2015-07-15,149.0,Moderate,34.86,105.95,9.73,7.03,9.6,29.54
Lucknow,2015-07-16,136.0,Moderate,24.42,105.95,9.61,7.86,10.29,29.33
Lucknow,2015-07-17,133.0,Moderate,23.99,105.95,7.74,7.65,9.23,29.38
Lucknow,2015-07-18,123.0,Moderate,24.5,105.95,8.83,8.74,9.92,29.94
Lucknow,2015-07-19,120.0,Moderate,25.45,105.95,9.37,8.99,9.19,30.2
Lucknow,2015-07-20,165.0,Moderate,25.49,105.95,9.44,9.61,8.63,29.08
Lucknow,2015-07-21,136.0,Moderate,24.02,105.95,8.93,6.72,10.03,28.94
Lucknow,2015-07-22,97.0,Satisfactory,30.2,105.95,7.73,2.17,9.56,29.38
Lucknow,2015-07-23,141.0,Moderate,62.19,105.95,12.36,2.1,9.24,29.04
Lucknow,2015-07-24,156.0,Moderate,52.39,105.95,9.08,2.34,10.72,30.29
Lucknow,2015-07-25,139.0,Moderate,49.34,105.95,12.14,1.97,9.09,24.92
Lucknow,2015-07-26,127.0,Moderate,35.5,105.95,7.94,2.76,13.01,21.02
Lucknow,2015-07-27,116.0,Moderate,44.01,105.95,6.4,6.47,11.03,19.89
Lucknow,2015-07-28,139.0,Moderate,51.09,105.95,12.94,2.38,9.42,26.09
Lucknow,2015-07-29,139.0,Moderate,43.47,105.95,7.81,3.16,10.44,30.68
Lucknow,2015-07-30,136.0,Moderate,41.28,105.95,7.26,2.15,11.25,27.57
Lucknow,2015-07-31,104.0,Moderate,48.46,105.95,7.82,2.2,15.24,30.32
Lucknow,2015-08-01,194.0,Moderate,48.58,105.95,7.87,6.96,6.8,34.52
Lucknow,2015-08-02,105.0,Moderate,49.0,105.95,8.32,1.24,6.7,33.49
Lucknow,2015-08-03,86.0,Satisfactory,43.58,105.95,7.52,1.32,9.06,33.51
Lucknow,2015-08-04,99.0,Satisfactory,51.67,105.95,8.02,1.3,9.63,29.36
Lucknow,2015-08-05,118.0,Moderate,46.36,105.95,7.47,1.5,10.32,26.69
Lucknow,2015-08-06,107.0,Moderate,55.45,105.95,7.19,1.51,11.31,28.24
Lucknow,2015-08-07,110.0,Moderate,43.3,105.95,8.39,1.24,10.8,17.7
Lucknow,2015-08-08,142.0,Moderate,44.99,105.95,8.44,4.03,8.14,14.84
Lucknow,2015-08-09,101.0,Moderate,68.06,105.95,8.81,1.34,9.49,10.72
Lucknow,2015-08-10,150.0,Moderate,63.08,105.95,9.44,1.26,8.72,10.7
Lucknow,2015-08-11,175.0,Moderate,50.4,105.95,8.13,1.98,7.4,12.55
Lucknow,2015-08-12,78.0,Satisfactory,34.61,105.95,9.57,1.36,8.21,16.36
Lucknow,2015-08-13,119.0,Moderate,57.71,105.95,8.88,1.37,9.39,17.04
Lucknow,2015-08-14,83.0,Satisfactory,30.81,105.95,7.99,1.5,12.65,19.8
Lucknow,2015-08-15,82.0,Satisfactory,32.36,105.95,9.07,1.39,15.15,20.69
Lucknow,2015-08-16,94.0,Satisfactory,32.23,105.95,7.63,1.52,16.56,18.66
Lucknow,2015-08-17,84.0,Satisfactory,31.72,105.95,7.54,1.4,13.12,19.63
Lucknow,2015-08-18,140.0,Moderate,31.98,105.95,8.21,1.99,14.88,19.79
Lucknow,2015-08-19,103.0,Moderate,33.01,105.95,9.09,1.58,13.65,21.1
Lucknow,2015-08-20,80.0,Satisfactory,34.33,105.95,9.36,1.87,14.61,20.57
Lucknow,2015-08-21,75.0,Satisfactory,21.08,105.95,10.27,1.51,8.69,21.76
Lucknow,2015-08-22,78.0,Satisfactory,40.93,105.95,8.53,1.4,9.07,19.81
Lucknow,2015-08-23,77.0,Satisfactory,43.9,105.95,8.32,1.32,7.68,19.74
Lucknow,2015-08-24,82.0,Satisfactory,56.57,105.95,8.03,1.38,7.67,20.14
Lucknow,2015-08-25,158.0,Moderate,46.62,105.95,8.26,1.2,7.47,21.09
Lucknow,2015-08-26,75.0,Satisfactory,45.44,105.95,8.5,1.2,6.67,19.86
Lucknow,2015-08-27,106.0,Moderate,40.47,105.95,8.71,1.95,8.71,33.11
Lucknow,2015-08-28,105.0,Moderate,44.58,105.95,11.77,1.24,7.98,57.38
Lucknow,2015-08-29,82.0,Satisfactory,42.75,105.95,11.37,1.38,8.39,41.24
Lucknow,2015-08-30,89.0,Satisfactory,46.2,105.95,9.23,1.4,9.94,40.33
Lucknow,2015-08-31,94.0,Satisfactory,45.17,105.95,7.36,1.32,10.23,41.17
Lucknow,2015-09-01,80.0,Satisfactory,46.76,105.95,7.21,1.26,6.86,42.08
Lucknow,2015-09-02,86.0,Satisfactory,47.64,105.95,7.64,1.34,8.18,39.54
Lucknow,2015-09-03,107.0,Moderate,52.43,105.95,8.46,1.34,8.18,33.81
Lucknow,2015-09-04,113.0,Moderate,57.1,105.95,8.64,1.42,8.3,33.35
Lucknow,2015-09-05,108.0,Moderate,51.36,105.95,10.81,1.48,9.86,26.45
Lucknow,2015-09-06,117.0,Moderate,62.46,105.95,11.82,1.47,10.01,19.49
Lucknow,2015-09-07,114.0,Moderate,57.19,105.95,10.96,1.29,8.22,15.24
Lucknow,2015-09-08,143.0,Moderate,66.99,105.95,9.99,1.45,9.24,11.43
Lucknow,2015-09-09,151.0,Moderate,66.88,105.95,9.82,1.4,6.78,13.45
Lucknow,2015-09-10,132.0,Moderate,62.73,105.95,9.76,1.3,10.45,18.61
Lucknow,2015-09-11,148.0,Moderate,65.64,105.95,12.2,1.67,11.42,16.67
Lucknow,2015-09-12,149.0,Moderate,72.15,105.95,9.92,1.55,8.9,12.37
Lucknow,2015-09-13,232.0,Poor,68.23,105.95,9.36,2.47,8.66,11.04
Lucknow,2015-09-14,154.0,Moderate,66.15,105.95,9.69,1.61,10.2,11.49
Lucknow,2015-09-15,171.0,Moderate,71.73,105.95,9.83,1.53,8.61,20.31
Lucknow,2015-09-16,152.0,Moderate,64.24,105.95,13.09,1.38,8.12,34.96
Lucknow,2015-09-17,145.0,Moderate,66.17,105.95,31.55,1.49,11.76,38.06
Lucknow,2015-09-18,160.0,Moderate,64.64,105.95,21.08,1.65,6.88,58.73
Lucknow,2015-09-19,154.0,Moderate,70.56,105.95,10.97,1.32,6.92,59.26
Lucknow,2015-09-20,196.0,Moderate,74.68,105.95,10.38,1.95,9.75,30.49
Lucknow,2015-09-21,130.0,Moderate,28.82,105.95,6.75,1.39,7.41,13.21
Lucknow,2015-09-22,90.0,Satisfactory,28.26,105.95,5.87,1.62,2.54,14.26
Lucknow,2015-09-23,91.0,Satisfactory,39.66,105.95,6.08,1.52,1.23,18.51
Lucknow,2015-09-24,85.0,Satisfactory,48.54,105.95,4.55,1.44,2.2,31.76
Lucknow,2015-09-25,91.0,Satisfactory,49.65,105.95,4.54,1.43,1.61,32.62
Lucknow,2015-09-26,86.0,Satisfactory,42.27,105.95,4.6,1.61,2.1,32.05
Lucknow,2015-09-27,89.0,Satisfactory,49.92,105.95,5.08,1.49,1.84,32.05
Lucknow,2015-09-28,101.0,Moderate,63.28,105.95,5.27,1.75,3.18,31.91
Lucknow,2015-09-29,116.0,Moderate,51.42,105.95,7.1,1.41,2.21,31.63
Lucknow,2015-09-30,223.0,Poor,47.21,105.95,8.34,5.68,2.26,36.79
Lucknow,2015-10-01,244.0,Poor,47.78,105.95,9.97,18.45,2.72,40.12
Lucknow,2015-10-02,143.0,Moderate,54.13,105.95,9.75,12.16,1.9,40.06
Lucknow,2015-10-03,220.0,Poor,60.88,105.95,14.19,3.44,3.67,36.79
Lucknow,2015-10-04,154.0,Moderate,65.59,105.95,17.08,1.19,2.63,34.11
Lucknow,2015-10-05,118.0,Moderate,59.33,105.95,7.63,0.33,5.19,42.54
Lucknow,2015-10-06,148.0,Moderate,34.68,105.95,6.72,12.5,7.2,47.45
Lucknow,2015-10-07,100.0,Satisfactory,53.63,105.95,10.14,5.89,6.39,46.48
Lucknow,2015-10-08,183.0,Moderate,68.67,105.95,22.65,9.97,4.54,36.18
Lucknow,2015-10-09,228.0,Poor,57.76,105.95,24.06,18.63,7.64,45.53
Lucknow,2015-10-10,171.0,Moderate,44.58,105.95,19.22,5.54,5.18,36.33
Lucknow,2015-10-11,191.0,Moderate,28.45,105.95,10.31,15.74,4.51,39.51
Lucknow,2015-10-12,156.0,Moderate,70.75,105.95,9.63,2.58,4.92,31.79
Lucknow,2015-10-13,146.0,Moderate,72.43,105.95,7.7,1.66,4.51,49.76
Lucknow,2015-10-14,164.0,Moderate,73.52,105.95,4.09,1.56,4.62,48.78
Lucknow,2015-10-15,240.0,Poor,82.39,105.95,3.77,7.73,6.83,46.97
Lucknow,2015-10-16,188.0,Moderate,95.47,105.95,15.55,1.62,3.68,40.67
Lucknow,2015-10-17,230.0,Poor,112.56,105.95,3.45,1.61,2.73,52.04
Lucknow,2015-10-18,267.0,Poor,133.81,105.95,4.48,1.59,3.49,71.97
Lucknow,2015-10-19,231.0,Poor,133.94,105.95,7.6,2.51,3.81,67.42
Lucknow,2015-10-20,323.0,Very Poor,188.69,105.95,7.78,1.74,4.39,69.65
Lucknow,2015-10-21,334.0,Very Poor,185.78,105.95,6.24,1.52,5.33,63.32
Lucknow,2015-10-22,324.0,Very Poor,166.1,105.95,10.89,1.88,6.46,61.79
Lucknow,2015-10-23,253.0,Poor,120.87,105.95,24.63,1.62,6.16,54.26
Lucknow,2015-10-24,331.0,Very Poor,155.09,105.95,43.54,5.07,5.95,69.01
Lucknow,2015-10-25,345.0,Very Poor,162.6,105.95,28.63,5.99,3.98,51.08
Lucknow,2015-10-26,340.0,Very Poor,190.97,105.95,32.94,2.49,4.95,56.56
Lucknow,2015-10-27,365.0,Very Poor,192.37,105.95,39.5,2.01,4.81,42.39
Lucknow,2015-10-28,345.0,Very Poor,156.6,105.95,31.43,1.56,4.94,20.85
Lucknow,2015-10-29,341.0,Very Poor,123.29,105.95,15.4,9.56,3.03,26.72
Lucknow,2015-10-30,319.0,Very Poor,123.44,105.95,16.92,8.69,5.91,32.81
Lucknow,2015-10-31,305.0,Very Poor,140.75,105.95,29.73,2.39,6.41,36.74
Lucknow,2015-11-01,329.0,Very Poor,154.01,105.95,25.19,2.36,4.65,38.51
Lucknow,2015-11-02,328.0,Very Poor,162.51,105.95,34.31,1.8,6.14,41.41
Lucknow,2015-11-03,329.0,Very Poor,147.9,105.95,32.52,1.8,6.72,45.5
Lucknow,2015-11-04,356.0,Very Poor,205.62,105.95,34.75,4.74,7.71,53.97
Lucknow,2015-11-05,389.0,Very Poor,187.6,105.95,28.61,4.16,5.66,51.48
Lucknow,2015-11-06,321.0,Very Poor,127.49,105.95,24.22,7.24,5.23,37.04
Lucknow,2015-11-07,333.0,Very Poor,192.7,105.95,32.98,2.25,7.36,40.66
Lucknow,2015-11-08,361.0,Very Poor,186.9,105.95,28.81,1.96,5.76,41.52
Lucknow,2015-11-09,264.0,Poor,143.47,105.95,32.0,2.85,9.47,45.57
Lucknow,2015-11-10,288.0,Poor,247.11,105.95,31.56,2.32,8.86,44.27
Lucknow,2015-11-11,427.0,Severe,325.72,105.95,22.08,1.64,9.08,55.03
Lucknow,2015-11-12,472.0,Severe,344.93,105.95,21.89,1.38,13.5,65.32
Lucknow,2015-11-13,482.0,Severe,333.82,105.95,21.3,1.73,10.95,66.83
Lucknow,2015-11-14,486.0,Severe,384.4,105.95,22.72,4.46,10.23,61.83
Lucknow,2015-11-15,478.0,Severe,306.59,105.95,19.84,1.26,7.89,63.49
Lucknow,2015-11-16,409.0,Severe,258.7,105.95,20.43,2.31,11.45,50.15
Lucknow,2015-11-17,402.0,Severe,226.73,105.95,19.15,3.61,7.88,42.69
Lucknow,2015-11-18,365.0,Very Poor,217.75,105.95,20.83,1.78,11.18,55.94
Lucknow,2015-11-19,395.0,Very Poor,264.18,105.95,21.42,3.75,8.47,44.63
Lucknow,2015-11-20,450.0,Severe,305.64,105.95,17.38,5.99,6.8,51.15
Lucknow,2015-11-21,422.0,Severe,268.78,105.95,18.37,2.77,7.68,49.03
Lucknow,2015-11-22,443.0,Severe,302.85,105.95,16.83,3.01,9.69,47.17
Lucknow,2015-11-23,427.0,Severe,281.45,105.95,14.84,2.92,8.37,43.9
Lucknow,2015-11-24,420.0,Severe,287.55,105.95,15.51,7.74,5.21,29.16
Lucknow,2015-11-25,427.0,Severe,243.68,105.95,18.58,3.2,4.87,37.37
Lucknow,2015-11-26,410.0,Severe,234.54,105.95,20.79,17.43,6.77,26.6
Lucknow,2015-11-27,443.0,Severe,320.88,105.95,19.83,1.94,4.07,28.0
Lucknow,2015-11-28,466.0,Severe,327.45,105.95,59.08,5.2,3.16,44.59
Lucknow,2015-11-29,424.0,Severe,226.18,105.95,16.61,16.09,4.02,39.68
Lucknow,2015-11-30,387.0,Very Poor,246.37,105.95,16.73,5.53,5.16,39.11
Lucknow,2015-12-01,417.0,Severe,213.96,105.95,70.48,4.08,4.42,35.2
Lucknow,2015-12-02,239.0,Poor,60.54,105.95,63.58,1.86,3.76,20.36
Lucknow,2015-12-03,259.0,Poor,196.55,105.95,33.38,1.52,3.57,45.18
Lucknow,2015-12-04,381.0,Very Poor,245.14,105.95,36.25,2.88,4.61,50.81
Lucknow,2015-12-05,452.0,Severe,358.43,105.95,35.22,3.09,6.64,44.22
Lucknow,2015-12-06,508.0,Severe,371.89,105.95,40.73,3.52,6.34,43.58
Lucknow,2015-12-07,508.0,Severe,506.04,105.95,48.17,5.1,7.33,36.68
Lucknow,2015-12-08,584.0,Severe,467.37,105.95,20.77,2.01,4.92,45.27
Lucknow,2015-12-09,532.0,Severe,385.13,105.95,18.69,2.77,11.19,47.33
Lucknow,2015-12-10,510.0,Severe,384.13,105.95,27.29,2.38,6.2,52.64
Lucknow,2015-12-11,426.0,Severe,240.85,105.95,36.73,2.43,4.12,39.65
Lucknow,2015-12-12,455.0,Severe,343.82,105.95,31.23,1.81,4.27,36.36
Lucknow,2015-12-13,418.0,Severe,245.71,105.95,20.29,1.39,4.49,41.23
Lucknow,2015-12-14,421.0,Severe,269.97,105.95,8.73,1.69,5.02,41.6
Lucknow,2015-12-15,372.0,Very Poor,206.35,105.95,8.79,1.99,5.53,48.63
Lucknow,2015-12-16,377.0,Very Poor,207.43,105.95,9.44,3.12,5.86,55.09
Lucknow,2015-12-17,344.0,Very Poor,174.5,105.95,11.88,3.41,5.02,49.4
Lucknow,2015-12-18,339.0,Very Poor,171.81,105.95,9.87,1.77,3.35,41.62
Lucknow,2015-12-19,270.0,Poor,130.02,105.95,9.73,2.56,4.85,53.82
Lucknow,2015-12-20,376.0,Very Poor,216.6,105.95,11.33,5.87,4.8,55.72
Lucknow,2015-12-21,362.0,Very Poor,209.5,105.95,10.65,4.66,5.66,55.87
Lucknow,2015-12-22,381.0,Very Poor,263.23,105.95,11.61,3.95,7.0,56.99
Lucknow,2015-12-23,442.0,Severe,277.97,105.95,13.02,2.67,5.33,46.88
Lucknow,2015-12-24,366.0,Very Poor,176.88,105.95,13.01,2.39,4.68,40.87
Lucknow,2015-12-25,325.0,Very Poor,119.88,105.95,12.53,11.6,5.07,48.63
Lucknow,2015-12-26,291.0,Poor,143.01,105.95,12.78,5.09,7.73,54.57
Lucknow,2015-12-27,332.0,Very Poor,145.11,105.95,11.88,1.3,4.23,44.31
Lucknow,2015-12-28,314.0,Very Poor,157.54,105.95,16.34,2.11,5.59,48.38
Lucknow,2015-12-29,346.0,Very Poor,152.87,105.95,15.2,3.77,5.87,50.53
Lucknow,2015-12-30,324.0,Very Poor,162.39,105.95,18.2,2.46,6.0,51.92
Lucknow,2015-12-31,359.0,Very Poor,207.99,105.95,17.98,4.27,8.1,50.82
Lucknow,2016-01-01,375.0,Very Poor,203.43,105.95,13.27,3.4,6.53,38.97
Lucknow,2016-01-02,366.0,Very Poor,188.05,105.95,14.56,2.49,4.82,40.81
Lucknow,2016-01-03,315.0,Very Poor,135.82,105.95,15.12,2.58,5.49,50.04
Lucknow,2016-01-04,304.0,Very Poor,137.98,105.95,15.24,2.95,5.99,61.74
Lucknow,2016-01-05,313.0,Very Poor,137.01,105.95,13.94,4.69,8.53,47.95
Lucknow,2016-01-06,327.0,Very Poor,173.33,105.95,14.34,4.04,6.95,64.96
Lucknow,2016-01-07,336.0,Very Poor,149.68,105.95,11.58,3.46,7.04,77.59
Lucknow,2016-01-08,318.0,Very Poor,155.57,105.95,10.45,2.01,6.77,45.41
Lucknow,2016-01-09,322.0,Very Poor,119.03,105.95,12.75,2.46,4.68,41.17
Lucknow,2016-01-10,245.0,Poor,120.45,105.95,12.88,2.31,6.93,51.24
Lucknow,2016-01-11,337.0,Very Poor,192.61,105.95,11.88,3.39,6.61,38.63
Lucknow,2016-01-12,376.0,Very Poor,237.84,105.95,10.01,2.66,5.8,36.95
Lucknow,2016-01-13,403.0,Severe,250.73,105.95,10.49,2.24,7.17,42.9
Lucknow,2016-01-14,402.0,Severe,250.67,105.95,9.74,1.85,6.86,38.05
Lucknow,2016-01-15,362.0,Very Poor,169.86,105.95,10.83,2.31,8.97,34.72
Lucknow,2016-01-16,349.0,Very Poor,174.76,105.95,11.94,7.15,5.03,30.67
Lucknow,2016-01-17,338.0,Very Poor,168.21,105.95,11.81,2.06,6.02,37.2
Lucknow,2016-01-18,369.0,Very Poor,232.46,105.95,11.48,1.93,7.1,36.08
Lucknow,2016-01-19,404.0,Severe,273.85,105.95,12.37,2.51,6.42,17.32
Lucknow,2016-01-20,375.0,Very Poor,139.7,105.95,12.38,3.1,5.65,30.12
Lucknow,2016-01-21,330.0,Very Poor,166.38,105.95,12.16,3.95,6.09,25.12
Lucknow,2016-01-22,372.0,Very Poor,255.63,105.95,12.22,7.43,6.49,46.69
Lucknow,2016-01-23,415.0,Severe,253.71,105.95,11.06,1.37,7.69,21.28
Lucknow,2016-01-24,404.0,Severe,241.9,105.95,9.29,1.88,8.44,28.9
Lucknow,2016-01-25,388.0,Very Poor,238.8,105.95,10.09,2.42,8.85,39.7
Lucknow,2016-01-26,404.0,Severe,248.76,105.95,9.88,1.76,7.45,47.57
Lucknow,2016-01-27,372.0,Very Poor,212.94,105.95,11.53,1.68,8.48,45.31
Lucknow,2016-01-28,393.0,Very Poor,255.85,105.95,13.93,1.4,7.75,44.62
Lucknow,2016-01-29,407.0,Severe,259.11,105.95,12.09,2.02,8.84,47.42
Lucknow,2016-01-30,418.0,Severe,277.66,105.95,14.85,1.61,7.22,39.27
Lucknow,2016-01-31,399.0,Very Poor,210.94,105.95,15.64,1.53,7.0,38.06
Lucknow,2016-02-01,337.0,Very Poor,151.38,105.95,14.99,1.64,6.69,37.27
Lucknow,2016-02-02,339.0,Very Poor,153.42,105.95,14.34,17.2,7.69,52.05
Lucknow,2016-02-03,316.0,Very Poor,130.88,105.95,15.06,1.87,4.67,71.66
Lucknow,2016-02-04,252.0,Poor,115.55,105.95,14.03,2.58,5.24,59.45
Lucknow,2016-02-05,315.0,Very Poor,178.06,105.95,13.51,1.47,5.55,64.32
Lucknow,2016-02-06,384.0,Very Poor,253.19,105.95,10.93,1.65,6.68,64.37
Lucknow,2016-02-07,394.0,Very Poor,255.81,105.95,14.19,1.3,6.08,54.25
Lucknow,2016-02-08,420.0,Severe,290.47,105.95,16.52,1.6,5.96,38.88
Lucknow,2016-02-09,394.0,Very Poor,206.49,105.95,13.74,1.33,7.04,54.66
Lucknow,2016-02-10,366.0,Very Poor,206.95,105.95,11.6,1.4,7.74,62.94
Lucknow,2016-02-11,392.0,Very Poor,209.99,105.95,8.03,5.16,8.61,51.53
Lucknow,2016-02-12,377.0,Very Poor,168.23,105.95,13.61,7.45,6.23,50.12
Lucknow,2016-02-13,319.0,Very Poor,147.08,105.95,13.14,1.35,6.38,45.07
Lucknow,2016-02-14,335.0,Very Poor,162.7,105.95,13.6,2.54,7.18,56.83
Lucknow,2016-02-15,330.0,Very Poor,171.76,105.95,13.81,1.37,6.96,55.8
Lucknow,2016-02-16,344.0,Very Poor,186.0,105.95,12.22,2.38,10.14,58.94
Lucknow,2016-02-17,358.0,Very Poor,195.12,105.95,10.89,1.68,6.7,57.27
Lucknow,2016-02-18,320.0,Very Poor,112.33,105.95,16.21,1.21,4.71,65.02
Lucknow,2016-02-19,252.0,Poor,105.53,105.95,16.33,1.27,4.95,54.73
Lucknow,2016-02-20,245.0,Poor,109.4,105.95,27.77,1.36,4.91,46.03
Lucknow,2016-02-21,238.0,Poor,86.47,105.95,41.05,1.09,3.53,46.49
Lucknow,2016-02-22,172.0,Moderate,72.62,105.95,39.03,1.26,4.68,66.08
Lucknow,2016-02-23,190.0,Moderate,94.93,105.95,39.06,1.45,6.18,69.74
Lucknow,2016-02-24,303.0,Very Poor,147.59,105.95,44.96,1.69,5.96,53.88
Lucknow,2016-02-25,322.0,Very Poor,151.15,105.95,35.68,1.4,5.65,70.73
Lucknow,2016-02-26,327.0,Very Poor,161.14,105.95,26.25,1.37,5.26,59.13
Lucknow,2016-02-27,335.0,Very Poor,152.14,105.95,22.59,2.14,5.2,44.25
Lucknow,2016-02-28,323.0,Very Poor,155.6,105.95,19.55,1.71,5.45,57.22
Lucknow,2016-02-29,349.0,Very Poor,203.51,105.95,15.05,1.37,3.72,56.33
Lucknow,2016-03-01,326.0,Very Poor,132.24,105.95,0.97,1.36,3.3,70.0
Lucknow,2016-03-02,314.0,Very Poor,166.73,105.95,12.9,1.66,6.16,88.12
Lucknow,2016-03-03,347.0,Very Poor,180.27,105.95,18.53,1.91,6.23,60.42
Lucknow,2016-03-04,332.0,Very Poor,164.73,105.95,20.65,1.47,6.49,54.17
Lucknow,2016-03-05,337.0,Very Poor,182.82,105.95,13.21,1.39,4.61,62.8
Lucknow,2016-03-06,305.0,Very Poor,122.08,105.95,17.37,1.51,3.33,52.64
Lucknow,2016-03-07,335.0,Very Poor,141.32,105.95,27.7,1.37,5.83,51.56
Lucknow,2016-03-08,228.0,Poor,79.23,105.95,15.65,1.35,4.45,54.03
Lucknow,2016-03-09,229.0,Poor,106.54,105.95,12.33,1.22,5.24,73.34
Lucknow,2016-03-10,220.0,Poor,87.27,105.95,24.98,1.31,6.1,82.64
Lucknow,2016-03-11,243.0,Poor,110.24,105.95,46.44,1.45,6.24,75.53
Lucknow,2016-03-12,229.0,Poor,85.74,105.95,39.66,1.28,5.13,47.69
Lucknow,2016-03-13,140.0,Moderate,59.85,105.95,33.58,1.14,4.58,55.61
Lucknow,2016-03-14,100.0,Satisfactory,58.33,105.95,35.99,1.8,5.17,48.82
Lucknow,2016-03-15,173.0,Moderate,79.82,105.95,37.32,2.15,4.43,41.68
Lucknow,2016-03-16,134.0,Moderate,76.06,105.95,36.12,1.26,4.02,57.35
Lucknow,2016-03-17,194.0,Moderate,67.43,105.95,37.83,5.23,5.6,59.75
Lucknow,2016-03-18,120.0,Moderate,65.14,105.95,33.51,1.55,6.71,54.79
Lucknow,2016-03-19,215.0,Poor,89.05,105.95,24.13,3.21,6.68,46.87
Lucknow,2016-03-20,178.0,Moderate,86.68,105.95,30.2,1.41,6.46,55.92
Lucknow,2016-03-21,194.0,Moderate,91.67,105.95,38.62,1.64,6.05,67.82
Lucknow,2016-03-22,173.0,Moderate,79.28,105.95,36.03,1.28,6.59,74.48
Lucknow,2016-03-23,201.0,Poor,84.62,105.95,35.94,1.44,7.85,92.24
Lucknow,2016-03-24,232.0,Poor,97.75,105.95,49.13,1.57,7.96,95.29
Lucknow,2016-03-25,219.0,Poor,73.09,105.95,51.44,1.53,8.07,78.65
Lucknow,2016-03-26,194.0,Moderate,85.56,105.95,41.59,3.17,6.73,68.96
Lucknow,2016-03-27,188.0,Moderate,64.82,105.95,32.51,1.17,5.25,60.39
Lucknow,2016-03-28,137.0,Moderate,75.89,105.95,40.51,1.94,5.72,65.46
Lucknow,2016-03-29,149.0,Moderate,67.0,105.95,48.25,1.34,8.27,76.87
Lucknow,2016-03-30,186.0,Moderate,76.98,105.95,49.12,1.85,11.71,87.97
Lucknow,2016-03-31,171.0,Moderate,72.23,105.95,57.98,1.38,11.63,75.08
Lucknow,2016-04-01,185.0,Moderate,83.71,105.95,41.42,1.51,10.69,69.45
Lucknow,2016-04-02,165.0,Moderate,79.49,105.95,2.36,1.42,6.26,79.62
Lucknow,2016-04-03,165.0,Moderate,75.75,105.95,10.04,1.45,6.4,76.31
Lucknow,2016-04-04,199.0,Moderate,99.67,105.95,46.94,1.75,6.2,53.42
Lucknow,2016-04-05,253.0,Poor,117.04,105.95,57.12,1.48,7.63,50.74
Lucknow,2016-04-06,248.0,Poor,99.19,105.95,46.52,1.49,7.84,59.81
Lucknow,2016-04-07,218.0,Poor,82.81,105.95,54.52,1.47,8.56,49.26
Lucknow,2016-04-08,191.0,Moderate,101.32,105.95,50.45,1.34,8.25,59.67
Lucknow,2016-04-09,221.0,Poor,103.59,105.95,52.17,1.17,8.8,68.46
Lucknow,2016-04-10,274.0,Poor,111.2,105.95,53.1,1.31,5.2,69.38
Lucknow,2016-04-11,254.0,Poor,119.16,105.95,49.47,1.36,6.84,78.2
Lucknow,2016-04-12,322.0,Very Poor,112.53,105.95,46.78,6.04,3.79,85.92
Lucknow,2016-04-13,258.0,Poor,110.04,105.95,49.29,1.35,5.24,83.56
Lucknow,2016-04-14,302.0,Very Poor,119.51,105.95,66.31,1.47,5.48,74.93
Lucknow,2016-04-15,256.0,Poor,109.97,105.95,64.66,1.38,5.86,64.14
Lucknow,2016-04-16,297.0,Poor,139.58,105.95,54.43,1.38,6.99,75.74
Lucknow,2016-04-17,321.0,Very Poor,145.96,105.95,56.17,1.44,6.55,53.57
Lucknow,2016-04-18,308.0,Very Poor,138.17,105.95,53.53,1.59,4.57,32.06
Lucknow,2016-04-19,293.0,Poor,105.97,105.95,74.75,1.99,5.6,52.02
Lucknow,2016-04-20,239.0,Poor,90.36,105.95,58.03,1.8,5.47,68.63
Lucknow,2016-04-21,175.0,Moderate,86.79,105.95,40.59,1.34,4.81,80.78
Lucknow,2016-04-22,225.0,Poor,98.82,105.95,42.45,1.33,6.2,73.3
Lucknow,2016-04-23,258.0,Poor,108.68,105.95,44.97,2.86,5.67,78.77
Lucknow,2016-04-24,219.0,Poor,73.52,105.95,46.08,1.36,4.32,94.18
Lucknow,2016-04-25,152.0,Moderate,78.87,105.95,50.39,1.53,4.55,77.58
Lucknow,2016-04-26,240.0,Poor,99.92,105.95,49.62,3.74,5.51,75.72
Lucknow,2016-04-27,221.0,Poor,86.41,105.95,84.12,1.61,4.59,74.05
Lucknow,2016-04-28,211.0,Poor,98.31,105.95,77.6,1.97,9.35,70.92
Lucknow,2016-04-29,232.0,Poor,95.0,105.95,76.07,1.52,9.31,59.39
Lucknow,2016-04-30,257.0,Poor,126.96,105.95,105.8,1.95,6.85,53.71
Lucknow,2016-05-01,261.0,Poor,101.39,105.95,74.63,1.51,8.97,80.96
Lucknow,2016-05-02,224.0,Poor,99.74,105.95,82.57,1.52,9.24,82.62
Lucknow,2016-05-03,232.0,Poor,94.7,105.95,44.48,1.36,6.08,42.27
Lucknow,2016-05-04,196.0,Moderate,86.62,105.95,45.42,1.28,5.02,61.22
Lucknow,2016-05-05,175.0,Moderate,70.07,105.95,47.45,1.27,6.92,53.55
Lucknow,2016-05-06,143.0,Moderate,77.91,105.95,63.46,1.53,6.44,58.54
Lucknow,2016-05-07,161.0,Moderate,102.44,105.95,41.6,1.27,7.17,82.58
Lucknow,2016-05-08,234.0,Poor,81.73,105.95,39.84,1.23,9.14,91.33
Lucknow,2016-05-09,170.0,Moderate,77.87,105.95,55.2,1.05,21.09,49.59
Lucknow,2016-05-10,123.0,,51.67,105.95,26.41,1.0,7.71,34.07
Lucknow,2016-05-11,123.0,,51.67,105.95,26.41,1.0,7.71,34.07
Lucknow,2016-05-12,123.0,,26.7,105.95,30.61,1.23,18.96,149.19
Lucknow,2016-05-13,123.0,,51.67,105.95,26.41,1.0,7.71,34.07
Lucknow,2016-05-14,123.0,,51.67,105.95,26.41,1.0,7.71,34.07
Lucknow,2016-05-15,123.0,,51.67,105.95,26.41,1.0,7.71,34.07
Lucknow,2016-05-16,123.0,,51.67,105.95,26.41,1.0,7.71,34.07
Lucknow,2016-05-17,123.0,,51.67,105.95,26.41,1.0,7.71,34.07
Lucknow,2016-05-18,123.0,,51.67,105.95,26.41,1.0,7.71,34.07
Lucknow,2016-05-19,123.0,,51.67,105.95,26.41,1.0,7.71,34.07
Lucknow,2016-05-20,123.0,,51.67,105.95,26.41,1.0,7.71,34.07
Lucknow,2016-05-21,123.0,,51.67,105.95,26.41,1.0,7.71,34.07
Lucknow,2016-05-22,123.0,,51.67,105.95,26.41,1.0,7.71,34.07
Lucknow,2016-05-23,123.0,,51.67,105.95,26.41,1.0,7.71,34.07
Lucknow,2016-05-24,123.0,,51.67,105.95,26.41,1.0,7.71,34.07
Lucknow,2016-05-25,123.0,,51.67,105.95,26.41,1.0,7.71,34.07
Lucknow,2016-05-26,123.0,,64.1,105.95,37.91,1.41,10.21,52.22
Lucknow,2016-05-27,240.0,Poor,118.85,105.95,46.4,1.68,7.31,42.15
Lucknow,2016-05-28,192.0,Moderate,163.59,105.95,39.84,2.7,9.65,51.68
Lucknow,2016-05-29,329.0,Very Poor,46.87,105.95,43.08,1.97,4.37,47.25
Lucknow,2016-05-30,106.0,Moderate,55.2,105.95,27.6,1.8,5.74,43.01
Lucknow,2016-05-31,207.0,Poor,77.29,105.95,52.8,2.37,8.54,30.08
Lucknow,2016-06-01,207.0,Poor,138.37,105.95,27.15,1.55,6.91,37.68
Lucknow,2016-06-02,330.0,Very Poor,143.4,105.95,12.32,5.57,12.52,24.82
Lucknow,2016-06-03,442.0,Severe,42.82,105.95,5.97,1.3,6.35,61.81
Lucknow,2016-06-04,123.0,,60.66,105.95,6.38,1.05,5.96,15.95
Lucknow,2016-06-05,106.0,Moderate,45.28,105.95,6.36,1.04,5.56,56.86
Lucknow,2016-06-06,106.0,Moderate,65.55,105.95,5.79,1.33,5.63,48.36
Lucknow,2016-06-07,124.0,Moderate,45.09,105.95,6.3,1.77,6.0,52.59
Lucknow,2016-06-08,123.0,,52.68,105.95,6.36,1.0,8.07,47.24
Lucknow,2016-06-09,123.0,,62.91,105.95,35.56,3.47,4.38,79.6
Lucknow,2016-06-10,116.0,Moderate,56.17,105.95,27.61,1.24,6.93,66.55
Lucknow,2016-06-11,113.0,Moderate,70.14,105.95,28.17,1.63,6.02,30.91
Lucknow,2016-06-12,185.0,Moderate,94.7,105.95,45.97,1.72,4.99,35.02
Lucknow,2016-06-13,151.0,Moderate,64.0,105.95,35.9,1.36,5.27,38.24
Lucknow,2016-06-14,179.0,Moderate,84.02,105.95,30.46,1.22,4.89,56.89
Lucknow,2016-06-15,144.0,Moderate,64.23,105.95,38.29,2.21,5.65,30.46
Lucknow,2016-06-16,105.0,Moderate,59.3,105.95,32.5,1.12,6.5,28.43
Lucknow,2016-06-17,172.0,Moderate,63.49,105.95,33.62,5.68,5.78,39.51
Lucknow,2016-06-18,121.0,Moderate,94.36,105.95,36.28,1.5,8.33,34.91
Lucknow,2016-06-19,308.0,Very Poor,246.56,105.95,27.47,1.15,5.53,33.97
Lucknow,2016-06-20,203.0,Poor,59.89,105.95,29.41,1.09,4.81,32.57
Lucknow,2016-06-21,244.0,Poor,151.3,105.95,37.76,1.12,4.28,12.49
Lucknow,2016-06-22,141.0,Moderate,35.58,105.95,47.24,1.65,4.25,8.13
Lucknow,2016-06-23,49.0,Good,33.78,105.95,23.23,1.52,5.15,26.09
Lucknow,2016-06-24,46.0,Good,25.9,105.95,30.18,1.0,4.17,18.25
Lucknow,2016-06-25,43.0,Good,51.67,105.95,26.41,1.0,7.71,34.07
Lucknow,2016-06-26,123.0,,51.67,105.95,26.41,1.0,7.71,34.07
Lucknow,2016-06-27,123.0,,95.89,105.95,28.02,4.1,6.75,29.62
Lucknow,2016-06-28,75.0,Satisfactory,180.93,105.95,31.37,1.26,5.03,29.41
Lucknow,2016-06-29,47.0,Good,45.45,105.95,33.81,1.01,5.43,17.6
Lucknow,2016-06-30,59.0,Satisfactory,89.0,105.95,31.34,2.02,6.95,20.56
Lucknow,2016-07-01,181.0,Moderate,53.51,105.95,26.72,1.12,6.38,15.78
Lucknow,2016-07-02,99.0,Satisfactory,49.41,105.95,25.36,1.18,6.25,18.96
Lucknow,2016-07-03,122.0,Moderate,69.19,105.95,17.43,1.17,9.04,18.59
Lucknow,2016-07-04,147.0,Moderate,65.4,105.95,17.83,1.17,6.41,18.14
Lucknow,2016-07-05,123.0,,48.63,105.95,26.22,1.12,5.53,22.87
Lucknow,2016-07-06,151.0,Moderate,76.9,105.95,14.35,1.06,5.59,4.68
Lucknow,2016-07-07,179.0,Moderate,61.42,105.95,23.6,1.63,9.7,12.47
Lucknow,2016-07-08,136.0,Moderate,71.74,105.95,23.9,2.74,5.33,18.89
Lucknow,2016-07-09,160.0,Moderate,54.5,105.95,28.82,1.11,6.25,23.03
Lucknow,2016-07-10,133.0,Moderate,66.78,105.95,24.47,2.25,4.16,23.41
Lucknow,2016-07-11,192.0,Moderate,71.22,105.95,17.15,1.0,5.63,4.41
Lucknow,2016-07-12,177.0,Moderate,87.96,105.95,15.03,1.23,5.74,3.41
Lucknow,2016-07-13,186.0,Moderate,76.73,105.95,17.17,1.1,6.66,7.14
Lucknow,2016-07-14,175.0,Moderate,82.95,105.95,19.61,1.36,6.32,8.81
Lucknow,2016-07-15,164.0,Moderate,67.3,105.95,17.1,1.09,5.66,8.48
Lucknow,2016-07-16,157.0,Moderate,80.77,105.95,24.37,1.14,5.68,17.07
Lucknow,2016-07-17,168.0,Moderate,53.21,105.95,26.23,1.08,5.39,14.14
Lucknow,2016-07-18,67.0,Satisfactory,28.6,105.95,25.83,1.5,5.37,21.94
Lucknow,2016-07-19,62.0,Satisfactory,31.64,105.95,32.15,2.03,4.84,21.32
Lucknow,2016-07-20,72.0,Satisfactory,35.35,105.95,21.94,1.07,4.95,24.46
Lucknow,2016-07-21,52.0,Satisfactory,27.85,105.95,22.38,1.05,3.75,47.5
Lucknow,2016-07-22,123.0,,28.41,105.95,28.17,1.02,6.12,30.02
Lucknow,2016-07-23,68.0,Satisfactory,21.57,105.95,18.83,5.08,6.46,24.75
Lucknow,2016-07-24,123.0,,30.83,105.95,25.51,1.0,4.37,37.92
Lucknow,2016-07-25,63.0,Satisfactory,37.68,105.95,24.6,1.81,5.56,27.15
Lucknow,2016-07-26,56.0,Satisfactory,28.88,105.95,12.82,2.96,4.97,28.06
Lucknow,2016-07-27,123.0,,31.22,105.95,18.66,3.03,3.93,48.32
Lucknow,2016-07-28,47.0,Good,17.17,105.95,25.08,1.0,4.94,33.9
Lucknow,2016-07-29,46.0,Good,41.88,105.95,17.17,1.15,9.64,25.12
Lucknow,2016-07-30,64.0,Satisfactory,17.7,105.95,16.99,1.04,15.07,33.26
Lucknow,2016-07-31,39.0,Good,41.89,105.95,16.52,1.0,3.62,19.31
Lucknow,2016-08-01,123.0,,46.72,105.95,20.48,1.19,3.94,31.42
Lucknow,2016-08-02,191.0,Moderate,99.97,105.95,17.95,8.04,4.86,30.98
Lucknow,2016-08-03,129.0,Moderate,18.79,105.95,19.46,1.15,6.06,37.89
Lucknow,2016-08-04,58.0,Satisfactory,23.47,105.95,13.44,1.1,2.96,40.23
Lucknow,2016-08-05,67.0,Satisfactory,38.89,105.95,26.34,1.62,3.38,30.99
Lucknow,2016-08-06,72.0,Satisfactory,31.9,105.95,10.59,0.0,3.48,48.88
Lucknow,2016-08-07,123.0,,51.67,105.95,26.41,0.0,7.71,34.07
Lucknow,2016-08-08,123.0,,51.67,105.95,26.41,0.0,7.71,34.07
Lucknow,2016-08-09,123.0,,51.67,105.95,26.41,0.0,7.71,34.07
Lucknow,2016-08-10,123.0,,51.67,105.95,26.41,0.0,7.71,34.07
Lucknow,2016-08-11,123.0,,22.06,105.95,24.21,0.55,6.79,21.24
Lucknow,2016-08-12,69.0,Satisfactory,42.06,105.95,20.21,2.42,5.8,26.36
Lucknow,2016-08-13,155.0,Moderate,37.8,105.95,13.62,1.0,5.45,35.9
Lucknow,2016-08-14,109.0,Moderate,44.97,105.95,15.24,1.54,5.54,33.51
Lucknow,2016-08-15,126.0,Moderate,30.92,105.95,22.15,3.61,5.57,25.12
Lucknow,2016-08-16,223.0,Poor,119.04,105.95,8.68,2.35,6.12,43.86
Lucknow,2016-08-17,125.0,Moderate,16.79,105.95,21.77,1.96,4.01,35.27
Lucknow,2016-08-18,72.0,Satisfactory,16.3,105.95,11.54,1.09,4.69,29.27
Lucknow,2016-08-19,53.0,Satisfactory,18.26,105.95,9.67,1.16,5.4,22.85
Lucknow,2016-08-20,51.0,Satisfactory,21.68,105.95,15.75,1.98,4.35,26.53
Lucknow,2016-08-21,125.0,Moderate,21.64,105.95,16.3,9.89,5.78,21.66
Lucknow,2016-08-22,69.0,Satisfactory,22.27,105.95,16.84,2.78,6.08,15.09
Lucknow,2016-08-23,52.0,Satisfactory,20.59,105.95,12.05,1.0,4.15,17.73
Lucknow,2016-08-24,49.0,Good,29.38,105.95,23.54,1.22,2.56,17.51
Lucknow,2016-08-25,78.0,Satisfactory,60.75,105.95,23.63,1.33,1.9,31.2
Lucknow,2016-08-26,91.0,Satisfactory,43.91,105.95,17.78,1.16,1.67,29.99
Lucknow,2016-08-27,96.0,Satisfactory,32.56,105.95,12.76,1.91,1.84,43.01
Lucknow,2016-08-28,85.0,Satisfactory,40.9,105.95,15.78,1.41,1.79,32.45
Lucknow,2016-08-29,110.0,Moderate,59.7,105.95,32.1,1.55,2.9,39.05
Lucknow,2016-08-30,97.0,Satisfactory,46.78,105.95,34.22,1.25,1.27,23.67
Lucknow,2016-08-31,59.0,Satisfactory,22.25,105.95,18.85,1.26,1.88,23.46
Lucknow,2016-09-01,92.0,Satisfactory,30.06,105.95,22.34,1.19,1.45,35.93
Lucknow,2016-09-02,71.0,Satisfactory,39.09,105.95,22.75,1.22,1.68,25.89
Lucknow,2016-09-03,89.0,Satisfactory,52.59,105.95,27.45,1.3,1.59,38.42
Lucknow,2016-09-04,93.0,Satisfactory,41.44,105.95,25.43,1.41,1.51,39.37
Lucknow,2016-09-05,85.0,Satisfactory,35.94,105.95,23.35,1.52,1.48,37.02
Lucknow,2016-09-06,87.0,Satisfactory,38.71,105.95,25.44,1.24,1.93,41.12
Lucknow,2016-09-07,76.0,Satisfactory,45.48,105.95,21.88,1.29,1.82,35.45
Lucknow,2016-09-08,136.0,Moderate,63.59,105.95,37.1,4.71,2.04,42.43
Lucknow,2016-09-09,129.0,Moderate,67.75,105.95,44.96,1.16,1.81,45.89
Lucknow,2016-09-10,109.0,Moderate,54.84,105.95,49.57,1.04,2.9,43.95
Lucknow,2016-09-11,115.0,Moderate,50.96,105.95,32.46,1.06,4.02,48.05
Lucknow,2016-09-12,123.0,Moderate,51.27,105.95,21.9,1.2,3.33,50.31
Lucknow,2016-09-13,102.0,Moderate,28.89,105.95,13.71,2.18,2.97,30.61
Lucknow,2016-09-14,91.0,Satisfactory,21.04,105.95,17.45,2.34,3.91,24.85
Lucknow,2016-09-15,125.0,Moderate,25.22,105.95,19.81,3.62,4.92,25.32
Lucknow,2016-09-16,135.0,Moderate,45.14,105.95,22.41,1.77,4.55,24.9
Lucknow,2016-09-17,138.0,Moderate,23.79,105.95,24.01,5.69,5.72,20.87
Lucknow,2016-09-18,62.0,Satisfactory,36.25,105.95,31.16,1.37,5.94,13.6
Lucknow,2016-09-19,89.0,Satisfactory,55.18,105.95,26.15,1.84,7.16,20.33
Lucknow,2016-09-20,284.0,Poor,192.52,105.95,31.96,2.27,7.5,23.4
Lucknow,2016-09-21,191.0,Moderate,36.62,105.95,24.82,8.61,4.54,25.26
Lucknow,2016-09-22,44.0,Good,17.39,105.95,15.27,1.0,4.82,24.12
Lucknow,2016-09-23,100.0,Satisfactory,28.4,105.95,25.35,9.49,5.08,17.49
Lucknow,2016-09-24,73.0,Satisfactory,17.35,105.95,20.01,3.29,4.92,24.59
Lucknow,2016-09-25,154.0,Moderate,11.39,105.95,14.24,32.22,6.08,15.14
Lucknow,2016-09-26,48.0,Good,16.44,105.95,13.81,1.86,4.9,14.28
Lucknow,2016-09-27,85.0,Satisfactory,29.35,105.95,12.62,1.94,5.25,17.63
Lucknow,2016-09-28,96.0,Satisfactory,36.11,105.95,14.55,1.81,5.51,17.84
Lucknow,2016-09-29,75.0,Satisfactory,26.86,105.95,14.36,1.72,3.63,16.5
Lucknow,2016-09-30,74.0,Satisfactory,37.28,105.95,18.13,1.32,3.77,24.91
Lucknow,2016-10-01,90.0,Satisfactory,60.08,105.95,16.2,1.36,2.47,28.42
Lucknow,2016-10-02,110.0,Moderate,59.63,105.95,29.33,1.45,2.72,26.65
Lucknow,2016-10-03,104.0,Moderate,55.53,105.95,30.87,1.4,4.18,23.14
Lucknow,2016-10-04,94.0,Satisfactory,54.69,105.95,27.75,1.4,3.15,24.69
Lucknow,2016-10-05,127.0,Moderate,63.44,105.95,35.31,1.61,3.72,21.37
Lucknow,2016-10-06,97.0,Satisfactory,32.21,105.95,36.03,1.63,4.25,28.72
Lucknow,2016-10-07,95.0,Satisfactory,60.85,105.95,40.89,1.59,4.13,26.41
Lucknow,2016-10-08,178.0,Moderate,81.43,105.95,38.01,1.55,4.36,24.18
Lucknow,2016-10-09,98.0,Satisfactory,47.15,105.95,23.52,1.39,4.94,24.64
Lucknow,2016-10-10,142.0,Moderate,89.92,105.95,35.56,1.44,4.56,17.18
Lucknow,2016-10-11,223.0,Poor,111.37,105.95,42.49,1.43,5.8,23.73
Lucknow,2016-10-12,301.0,Very Poor,125.86,105.95,41.1,1.48,6.21,36.75
Lucknow,2016-10-13,265.0,Poor,108.06,105.95,57.39,1.63,6.88,33.27
Lucknow,2016-10-14,244.0,Poor,113.77,105.95,67.74,2.02,8.49,33.33
Lucknow,2016-10-15,312.0,Very Poor,141.57,105.95,93.07,2.35,9.34,49.32
Lucknow,2016-10-16,333.0,Very Poor,172.85,105.95,93.99,2.8,8.12,39.03
Lucknow,2016-10-17,349.0,Very Poor,175.18,105.95,67.34,2.01,9.56,52.93
Lucknow,2016-10-18,326.0,Very Poor,147.37,105.95,60.78,2.02,7.84,78.91
Lucknow,2016-10-19,322.0,Very Poor,134.61,105.95,67.39,2.56,9.43,38.45
Lucknow,2016-10-20,310.0,Very Poor,142.65,105.95,60.91,2.16,8.57,26.96
Lucknow,2016-10-21,317.0,Very Poor,126.14,105.95,62.02,1.98,9.19,22.17
Lucknow,2016-10-22,222.0,Poor,85.04,105.95,52.25,1.74,7.3,24.0
Lucknow,2016-10-23,200.0,Moderate,123.78,105.95,65.88,1.82,7.56,29.44
Lucknow,2016-10-24,323.0,Very Poor,141.16,105.95,58.26,1.88,9.65,37.6
Lucknow,2016-10-25,292.0,Poor,130.7,105.95,67.37,1.89,21.12,32.71
Lucknow,2016-10-26,302.0,Very Poor,120.82,105.95,56.94,1.81,26.69,33.65
Lucknow,2016-10-27,305.0,Very Poor,139.8,105.95,70.97,2.93,20.23,38.51
Lucknow,2016-10-28,308.0,Very Poor,141.16,105.95,67.32,2.79,9.46,41.48
Lucknow,2016-10-29,341.0,Very Poor,189.77,105.95,95.0,2.07,11.37,51.61
Lucknow,2016-10-30,357.0,Very Poor,238.17,105.95,70.32,1.71,11.44,28.86
Lucknow,2016-10-31,509.0,Severe,431.69,105.95,62.38,1.89,22.13,25.35
Lucknow,2016-11-01,448.0,Severe,243.78,105.95,56.84,2.24,10.23,32.19
Lucknow,2016-11-02,359.0,Very Poor,153.13,105.95,52.36,5.05,8.73,22.07
Lucknow,2016-11-03,299.0,Poor,152.95,105.95,65.56,2.51,9.66,16.92
Lucknow,2016-11-04,301.0,Very Poor,139.46,105.95,68.03,2.48,9.22,16.54
Lucknow,2016-11-05,280.0,Poor,159.87,105.95,68.85,2.33,10.59,28.57
Lucknow,2016-11-06,450.0,Severe,411.23,105.95,69.86,1.72,11.56,30.82
Lucknow,2016-11-07,526.0,Severe,495.65,105.95,74.57,1.93,13.19,23.07
Lucknow,2016-11-08,604.0,Severe,499.06,105.95,75.44,1.66,12.0,45.86
Lucknow,2016-11-09,568.0,Severe,345.54,105.95,63.08,3.15,10.5,40.58
Lucknow,2016-11-10,398.0,Very Poor,290.26,105.95,69.81,1.65,6.03,41.28
Lucknow,2016-11-11,450.0,Severe,305.4,105.95,98.34,5.76,4.69,38.3
Lucknow,2016-11-12,390.0,Very Poor,214.41,105.95,121.8,3.14,4.07,39.62
Lucknow,2016-11-13,311.0,Very Poor,133.9,105.95,71.31,3.55,2.78,46.12
Lucknow,2016-11-14,272.0,Poor,116.66,105.95,69.78,3.22,2.98,49.91
Lucknow,2016-11-15,236.0,Poor,128.79,105.95,80.58,2.87,4.91,51.18
Lucknow,2016-11-16,312.0,Very Poor,149.73,105.95,78.27,3.02,6.8,55.53
Lucknow,2016-11-17,346.0,Very Poor,206.45,105.95,71.35,0.41,7.19,75.67
Lucknow,2016-11-18,394.0,Very Poor,251.32,105.95,77.78,0.6,2.95,71.42
Lucknow,2016-11-19,423.0,Severe,331.04,105.95,88.03,2.89,4.25,70.68
Lucknow,2016-11-20,487.0,Severe,314.46,105.95,108.12,3.26,7.18,48.85
Lucknow,2016-11-21,416.0,Severe,244.33,105.95,92.85,2.05,6.9,62.79
Lucknow,2016-11-22,369.0,Very Poor,179.82,105.95,72.6,1.73,3.88,83.59
Lucknow,2016-11-23,329.0,Very Poor,152.49,105.95,70.17,1.17,4.13,62.75
Lucknow,2016-11-24,343.0,Very Poor,193.96,105.95,69.22,1.61,5.65,64.29
Lucknow,2016-11-25,359.0,Very Poor,183.51,105.95,65.28,1.12,4.71,102.91
Lucknow,2016-11-26,337.0,Very Poor,188.38,105.95,100.59,2.18,4.43,65.4
Lucknow,2016-11-27,382.0,Very Poor,232.64,105.95,83.64,1.52,3.71,53.47
Lucknow,2016-11-28,358.0,Very Poor,181.25,105.95,91.36,2.58,6.62,52.92
Lucknow,2016-11-29,401.0,Severe,309.53,105.95,91.0,2.98,6.55,21.15
Lucknow,2016-11-30,421.0,Severe,221.57,105.95,73.28,6.9,6.75,28.74
Lucknow,2016-12-01,370.0,Very Poor,238.99,105.95,65.72,2.12,10.72,25.1
Lucknow,2016-12-02,396.0,Very Poor,213.29,105.95,35.7,1.42,12.72,13.58
Lucknow,2016-12-03,354.0,Very Poor,192.84,105.95,29.62,1.21,10.05,19.75
Lucknow,2016-12-04,347.0,Very Poor,171.01,105.95,47.52,1.73,8.93,24.94
Lucknow,2016-12-05,339.0,Very Poor,171.8,105.95,62.38,4.28,12.24,22.05
Lucknow,2016-12-06,359.0,Very Poor,231.07,105.95,40.01,0.84,10.35,26.16
Lucknow,2016-12-07,360.0,Very Poor,145.09,105.95,35.84,1.71,10.7,28.82
Lucknow,2016-12-08,309.0,Very Poor,147.56,105.95,42.41,1.68,13.89,14.26
Lucknow,2016-12-09,328.0,Very Poor,184.44,105.95,55.06,2.57,15.02,27.98
Lucknow,2016-12-10,423.0,Severe,345.98,105.95,62.0,1.64,19.17,21.86
Lucknow,2016-12-11,431.0,Severe,235.85,105.95,47.37,1.44,12.73,36.47
Lucknow,2016-12-12,391.0,Very Poor,236.24,105.95,49.75,1.39,12.83,20.21
Lucknow,2016-12-13,395.0,Very Poor,237.81,105.95,60.86,2.14,12.47,33.56
Lucknow,2016-12-14,430.0,Severe,271.83,105.95,57.11,1.63,21.96,30.52
Lucknow,2016-12-15,364.0,Very Poor,188.21,105.95,54.76,3.04,9.72,42.66
Lucknow,2016-12-16,386.0,Very Poor,256.7,105.95,52.84,1.37,9.56,28.08
Lucknow,2016-12-17,408.0,Severe,273.9,105.95,47.51,2.02,9.53,34.64
Lucknow,2016-12-18,432.0,Severe,274.78,105.95,43.05,1.91,8.53,41.88
Lucknow,2016-12-19,394.0,Very Poor,221.75,105.95,47.66,1.64,11.47,52.68
Lucknow,2016-12-20,370.0,Very Poor,212.41,105.95,51.85,1.52,10.33,61.73
Lucknow,2016-12-21,358.0,Very Poor,203.62,105.95,54.12,1.43,7.76,49.94
Lucknow,2016-12-22,436.0,Severe,373.48,105.95,76.98,2.02,13.24,48.78
Lucknow,2016-12-23,478.0,Severe,266.72,105.95,58.2,2.09,10.68,37.73
Lucknow,2016-12-24,410.0,Severe,276.9,105.95,72.76,3.01,9.1,51.97
Lucknow,2016-12-25,441.0,Severe,329.55,105.95,67.21,4.49,7.69,41.32
Lucknow,2016-12-26,444.0,Severe,294.09,105.95,48.04,1.74,6.54,27.5
Lucknow,2016-12-27,389.0,Very Poor,208.2,105.95,69.58,2.21,11.42,48.98
Lucknow,2016-12-28,425.0,Severe,292.53,105.95,53.82,1.57,9.16,31.52
Lucknow,2016-12-29,389.0,Very Poor,225.89,105.95,40.65,1.65,6.99,37.77
Lucknow,2016-12-30,371.0,Very Poor,184.15,105.95,40.82,1.51,9.27,29.16
Lucknow,2016-12-31,342.0,Very Poor,171.27,105.95,50.95,1.41,13.92,38.03
Lucknow,2017-01-01,350.0,Very Poor,166.35,105.95,33.39,1.39,12.15,21.3
Lucknow,2017-01-02,324.0,Very Poor,183.84,105.95,37.34,1.41,12.01,23.46
Lucknow,2017-01-03,360.0,Very Poor,159.29,105.95,31.69,1.44,9.57,23.4
Lucknow,2017-01-04,296.0,Poor,154.3,105.95,35.61,1.9,8.11,21.68
Lucknow,2017-01-05,357.0,Very Poor,197.95,105.95,42.66,2.75,9.57,20.3
Lucknow,2017-01-06,365.0,Very Poor,189.36,105.95,36.81,2.14,8.56,20.66
Lucknow,2017-01-07,346.0,Very Poor,181.88,105.95,37.62,1.89,6.88,29.13
Lucknow,2017-01-08,366.0,Very Poor,215.86,105.95,48.27,2.13,8.4,17.02
Lucknow,2017-01-09,366.0,Very Poor,171.95,105.95,46.3,2.03,9.44,20.6
Lucknow,2017-01-10,318.0,Very Poor,115.7,105.95,36.47,1.43,5.67,42.01
Lucknow,2017-01-11,251.0,Poor,109.72,105.95,43.28,1.6,7.96,53.13
Lucknow,2017-01-12,306.0,Very Poor,145.41,105.95,54.4,1.73,8.29,62.81
Lucknow,2017-01-13,350.0,Very Poor,222.28,105.95,70.21,3.15,8.98,50.93
Lucknow,2017-01-14,404.0,Severe,256.58,105.95,73.21,2.53,10.52,40.4
Lucknow,2017-01-15,407.0,Severe,272.01,105.95,73.74,2.74,9.84,37.74
Lucknow,2017-01-16,455.0,Severe,336.07,105.95,83.21,3.41,11.41,35.47
Lucknow,2017-01-17,419.0,Severe,240.42,105.95,50.7,2.02,7.72,31.55
Lucknow,2017-01-18,373.0,Very Poor,222.17,105.95,47.68,1.96,7.78,25.42
Lucknow,2017-01-19,394.0,Very Poor,245.59,105.95,57.49,2.23,9.6,44.53
Lucknow,2017-01-20,362.0,Very Poor,132.55,105.95,41.19,1.59,6.22,60.3
Lucknow,2017-01-21,282.0,Poor,143.2,105.95,50.02,1.82,9.34,58.58
Lucknow,2017-01-22,352.0,Very Poor,211.77,105.95,48.61,1.79,8.12,52.92
Lucknow,2017-01-23,342.0,Very Poor,153.33,105.95,40.84,1.69,8.8,57.27
Lucknow,2017-01-24,324.0,Very Poor,158.46,105.95,44.38,2.14,9.07,63.08
Lucknow,2017-01-25,368.0,Very Poor,222.64,105.95,53.87,3.63,13.31,45.84
Lucknow,2017-01-26,373.0,Very Poor,198.86,105.95,48.81,2.06,7.72,53.82
Lucknow,2017-01-27,258.0,Poor,70.65,105.95,30.22,1.92,7.84,59.01
Lucknow,2017-01-28,138.0,Moderate,61.96,105.95,22.32,1.47,6.94,39.17
Lucknow,2017-01-29,111.0,Moderate,81.64,105.95,19.92,1.38,6.69,49.63
Lucknow,2017-01-30,203.0,Poor,116.04,105.95,36.55,1.96,9.07,36.78
Lucknow,2017-01-31,328.0,Very Poor,179.6,105.95,39.97,2.32,9.62,48.99
Lucknow,2017-02-01,345.0,Very Poor,175.53,105.95,40.42,2.36,8.42,66.29
Lucknow,2017-02-02,383.0,Very Poor,207.97,105.95,54.15,3.91,10.81,48.13
Lucknow,2017-02-03,360.0,Very Poor,172.73,105.95,46.63,2.39,9.0,66.82
Lucknow,2017-02-04,337.0,Very Poor,161.52,105.95,52.27,2.54,9.0,69.82
Lucknow,2017-02-05,263.0,Poor,89.37,105.95,47.91,2.16,8.25,72.01
Lucknow,2017-02-06,238.0,Poor,108.07,105.95,44.83,1.78,8.4,66.52
Lucknow,2017-02-07,243.0,Poor,88.79,105.95,17.18,1.54,5.07,93.16
Lucknow,2017-02-08,178.0,Moderate,95.98,105.95,29.4,1.76,7.3,93.98
Lucknow,2017-02-09,286.0,Poor,118.4,105.95,31.12,1.62,9.14,97.45
Lucknow,2017-02-10,264.0,Poor,112.25,105.95,31.71,1.67,7.84,102.19
Lucknow,2017-02-11,300.0,Poor,153.45,105.95,41.02,2.26,9.81,98.26
Lucknow,2017-02-12,358.0,Very Poor,202.86,105.95,52.5,2.2,9.01,85.21
Lucknow,2017-02-13,351.0,Very Poor,175.3,105.95,44.47,1.79,8.44,92.44
Lucknow,2017-02-14,327.0,Very Poor,145.02,105.95,37.16,1.94,9.71,106.14
Lucknow,2017-02-15,321.0,Very Poor,154.22,105.95,49.81,2.02,9.53,100.51
Lucknow,2017-02-16,341.0,Very Poor,197.39,105.95,52.52,2.31,10.66,94.62
Lucknow,2017-02-17,378.0,Very Poor,237.51,105.95,45.82,2.52,7.01,72.86
Lucknow,2017-02-18,388.0,Very Poor,226.67,105.95,32.84,2.53,4.82,94.06
Lucknow,2017-02-19,371.0,Very Poor,184.29,105.95,29.58,2.1,5.0,107.45
Lucknow,2017-02-20,309.0,Very Poor,115.03,105.95,29.67,2.44,5.65,110.71
Lucknow,2017-02-21,356.0,Very Poor,143.07,105.95,32.36,3.95,5.58,82.82
Lucknow,2017-02-22,273.0,Poor,102.52,105.95,27.71,1.49,6.72,104.83
Lucknow,2017-02-23,223.0,Poor,93.39,105.95,26.39,1.36,7.65,122.82
Lucknow,2017-02-24,216.0,Poor,81.25,105.95,25.61,1.29,9.07,134.37
Lucknow,2017-02-25,204.0,Poor,88.87,105.95,30.81,1.32,9.3,96.73
Lucknow,2017-02-26,224.0,Poor,94.81,105.95,30.64,1.38,9.08,64.91
Lucknow,2017-02-27,205.0,Poor,96.22,105.95,30.62,1.56,6.71,63.28
Lucknow,2017-02-28,257.0,Poor,116.96,105.95,40.06,1.68,6.76,60.93
Lucknow,2017-03-01,339.0,Very Poor,148.25,105.95,55.62,3.7,8.45,48.09
Lucknow,2017-03-02,342.0,Very Poor,147.23,105.95,33.49,2.1,6.82,40.72
Lucknow,2017-03-03,218.0,Poor,96.8,105.95,26.56,1.61,5.13,60.5
Lucknow,2017-03-04,214.0,Poor,89.16,105.95,29.14,1.43,6.16,63.27
Lucknow,2017-03-05,190.0,Moderate,89.04,105.95,26.44,1.35,6.06,85.68
Lucknow,2017-03-06,197.0,Moderate,84.15,105.95,29.89,1.5,5.32,75.65
Lucknow,2017-03-07,211.0,Poor,108.32,105.95,43.83,1.81,7.05,52.0
Lucknow,2017-03-08,321.0,Very Poor,163.19,105.95,57.12,1.84,7.5,40.04
Lucknow,2017-03-09,321.0,Very Poor,140.39,105.95,38.71,1.87,6.08,49.43
Lucknow,2017-03-10,202.0,Poor,51.28,105.95,23.45,1.47,4.03,54.51
Lucknow,2017-03-11,97.0,Satisfactory,58.33,105.95,29.05,1.24,4.2,43.07
Lucknow,2017-03-12,88.0,Satisfactory,48.32,105.95,19.35,1.3,5.03,48.95
Lucknow,2017-03-13,144.0,Moderate,79.11,105.95,19.42,1.32,4.13,58.4
Lucknow,2017-03-14,148.0,Moderate,75.43,105.95,23.71,1.24,5.39,72.02
Lucknow,2017-03-15,138.0,Moderate,75.27,105.95,33.1,1.39,5.11,71.76
Lucknow,2017-03-16,173.0,Moderate,92.96,105.95,39.88,2.01,6.13,69.38
Lucknow,2017-03-17,262.0,Poor,105.21,105.95,37.09,1.58,5.19,62.64
Lucknow,2017-03-18,227.0,Poor,79.46,105.95,32.9,6.05,5.09,66.67
Lucknow,2017-03-19,226.0,Poor,113.28,105.95,48.87,1.79,6.38,67.65
Lucknow,2017-03-20,285.0,Poor,106.88,105.95,41.73,1.44,6.5,57.34
Lucknow,2017-03-21,232.0,Poor,110.31,105.95,35.25,1.5,6.81,81.12
Lucknow,2017-03-22,303.0,Very Poor,142.68,105.95,52.59,1.94,9.21,57.99
Lucknow,2017-03-23,325.0,Very Poor,172.13,105.95,40.43,1.89,6.72,79.98
Lucknow,2017-03-24,349.0,Very Poor,187.46,105.95,41.96,2.36,7.5,77.01
Lucknow,2017-03-25,329.0,Very Poor,118.0,105.95,27.9,1.83,7.5,63.47
Lucknow,2017-03-26,230.0,Poor,96.39,105.95,31.85,1.25,9.46,79.85
Lucknow,2017-03-27,254.0,Poor,122.3,105.95,37.1,1.56,8.05,92.53
Lucknow,2017-03-28,335.0,Very Poor,168.85,105.95,38.27,2.28,9.39,71.93
Lucknow,2017-03-29,335.0,Very Poor,161.81,105.95,34.5,1.4,8.02,67.76
Lucknow,2017-03-30,325.0,Very Poor,120.82,105.95,29.76,2.34,7.46,65.19
Lucknow,2017-03-31,299.0,Poor,133.84,105.95,40.63,1.43,7.6,71.47
Lucknow,2017-04-01,318.0,Very Poor,128.32,105.95,43.23,1.87,9.24,60.12
Lucknow,2017-04-02,240.0,Poor,92.48,105.95,32.52,1.34,7.76,74.08
Lucknow,2017-04-03,212.0,Poor,88.72,105.95,39.43,2.56,7.73,71.64
Lucknow,2017-04-04,252.0,Poor,103.43,105.95,39.06,2.54,7.64,74.3
Lucknow,2017-04-05,196.0,Moderate,81.51,105.95,26.48,1.4,4.72,80.64
Lucknow,2017-04-06,174.0,Moderate,82.94,105.95,24.61,1.61,4.91,84.98
Lucknow,2017-04-07,215.0,Poor,107.18,105.95,27.98,1.77,5.73,93.6
Lucknow,2017-04-08,230.0,Poor,119.46,105.95,25.03,1.42,6.29,96.31
Lucknow,2017-04-09,298.0,Poor,102.6,105.95,25.85,1.34,8.2,119.65
Lucknow,2017-04-10,202.0,Poor,77.6,105.95,36.26,1.39,7.52,112.79
Lucknow,2017-04-11,208.0,Poor,70.96,105.95,41.23,1.54,8.71,109.3
Lucknow,2017-04-12,186.0,Moderate,93.58,105.95,63.25,1.59,8.6,87.94
Lucknow,2017-04-13,246.0,Poor,123.91,105.95,58.3,1.64,9.4,98.05
Lucknow,2017-04-14,287.0,Poor,80.27,105.95,29.7,1.44,7.97,118.79
Lucknow,2017-04-15,194.0,Moderate,72.42,105.95,23.5,1.66,6.81,114.27
Lucknow,2017-04-16,180.0,Moderate,72.64,105.95,19.11,1.33,7.0,114.72
Lucknow,2017-04-17,198.0,Moderate,87.25,105.95,19.82,1.55,7.47,113.96
Lucknow,2017-04-18,254.0,Poor,122.86,105.95,27.02,1.36,5.09,113.56
Lucknow,2017-04-19,317.0,Very Poor,151.83,105.95,29.38,1.47,4.8,108.42
Lucknow,2017-04-20,321.0,Very Poor,130.52,105.95,23.19,1.34,4.66,85.96
Lucknow,2017-04-21,239.0,Poor,79.89,105.95,13.74,1.33,4.23,107.34
Lucknow,2017-04-22,235.0,Poor,112.19,105.95,11.9,1.42,5.68,84.75
Lucknow,2017-04-23,278.0,Poor,122.7,105.95,22.56,2.13,4.16,69.35
Lucknow,2017-04-24,290.0,Poor,122.53,105.95,35.52,1.88,5.19,94.63
Lucknow,2017-04-25,272.0,Poor,143.97,105.95,38.64,2.4,6.33,97.46
Lucknow,2017-04-26,313.0,Very Poor,130.82,105.95,40.52,1.37,6.8,102.2
Lucknow,2017-04-27,304.0,Very Poor,119.93,105.95,36.53,1.38,6.98,96.12
Lucknow,2017-04-28,260.0,Poor,100.51,105.95,31.68,1.2,6.05,103.57
Lucknow,2017-04-29,264.0,Poor,124.07,105.95,57.45,1.64,7.71,96.8
Lucknow,2017-04-30,302.0,Very Poor,83.5,105.95,46.16,3.23,5.54,127.74
Lucknow,2017-05-01,226.0,Poor,95.31,105.95,45.99,1.27,5.05,108.83
Lucknow,2017-05-02,234.0,Poor,113.81,105.95,59.07,1.97,6.03,96.07
Lucknow,2017-05-03,309.0,Very Poor,138.46,105.95,82.86,1.5,9.89,62.12
Lucknow,2017-05-04,312.0,Very Poor,100.95,105.95,66.08,1.77,6.92,90.9
Lucknow,2017-05-05,302.0,Very Poor,140.85,105.95,57.5,1.38,9.81,105.68
Lucknow,2017-05-06,346.0,Very Poor,208.65,105.95,79.26,1.57,10.12,91.64
Lucknow,2017-05-07,422.0,Severe,301.46,105.95,54.86,1.44,5.99,83.13
Lucknow,2017-05-08,350.0,Very Poor,140.01,105.95,23.93,1.33,4.27,111.37
Lucknow,2017-05-09,237.0,Poor,71.84,105.95,25.41,1.09,3.51,108.01
Lucknow,2017-05-10,137.0,Moderate,56.41,105.95,19.99,1.19,3.66,81.45
Lucknow,2017-05-11,125.0,Moderate,71.62,105.95,35.11,1.37,3.88,67.61
Lucknow,2017-05-12,205.0,Poor,99.51,105.95,38.81,1.33,3.7,70.2
Lucknow,2017-05-13,227.0,Poor,98.49,105.95,38.54,1.3,4.29,57.11
Lucknow,2017-05-14,279.0,Poor,117.21,105.95,24.15,4.29,4.79,7.59
Lucknow,2017-05-15,319.0,Very Poor,137.79,105.95,30.67,1.55,3.88,15.99
Lucknow,2017-05-16,314.0,Very Poor,157.17,105.95,34.09,1.59,2.24,21.36
Lucknow,2017-05-17,263.0,Poor,79.81,105.95,8.75,1.2,2.24,7.08
Lucknow,2017-05-18,146.0,Moderate,102.13,105.95,18.73,1.29,2.94,33.03
Lucknow,2017-05-19,289.0,Poor,143.66,105.95,34.67,1.27,3.59,13.5
Lucknow,2017-05-20,326.0,Very Poor,122.47,105.95,34.29,1.18,3.82,15.7
Lucknow,2017-05-21,288.0,Poor,139.19,105.95,23.7,1.21,2.38,14.86
Lucknow,2017-05-22,317.0,Very Poor,163.59,105.95,23.25,1.22,3.04,17.02
Lucknow,2017-05-23,314.0,Very Poor,125.66,105.95,23.33,1.22,5.1,15.66
Lucknow,2017-05-24,312.0,Very Poor,152.46,105.95,41.85,1.27,4.16,21.4
Lucknow,2017-05-25,346.0,Very Poor,151.47,105.95,39.1,2.95,4.25,46.73
Lucknow,2017-05-26,339.0,Very Poor,131.7,105.95,30.43,4.99,4.24,44.63
Lucknow,2017-05-27,210.0,Poor,65.4,105.95,7.83,1.6,4.69,60.87
Lucknow,2017-05-28,81.0,Satisfactory,57.72,105.95,8.69,1.97,3.67,35.16
Lucknow,2017-05-29,100.0,Satisfactory,60.92,105.95,14.29,1.43,3.55,33.64
Lucknow,2017-05-30,74.0,Satisfactory,40.0,105.95,9.02,1.09,4.13,50.48
Lucknow,2017-05-31,70.0,Satisfactory,39.74,105.95,10.23,1.16,4.04,46.76
Lucknow,2017-06-01,101.0,Moderate,85.74,105.95,32.57,1.42,4.41,33.71
Lucknow,2017-06-02,182.0,Moderate,77.99,105.95,16.37,1.14,5.69,44.74
Lucknow,2017-06-03,179.0,Moderate,115.52,105.95,26.03,1.72,6.13,51.77
Lucknow,2017-06-04,304.0,Very Poor,150.57,105.95,45.77,1.4,4.87,36.67
Lucknow,2017-06-05,321.0,Very Poor,147.38,105.95,27.01,1.36,4.18,27.98
Lucknow,2017-06-06,221.0,Poor,54.14,105.95,13.17,1.18,4.66,9.41
Lucknow,2017-06-07,73.0,Satisfactory,45.04,105.95,12.7,1.2,4.09,8.36
Lucknow,2017-06-08,106.0,Moderate,74.54,105.95,17.12,1.2,5.22,15.85
Lucknow,2017-06-09,150.0,Moderate,70.03,105.95,17.65,1.12,5.11,28.79
Lucknow,2017-06-10,253.0,Poor,99.83,105.95,18.44,4.39,4.58,35.01
Lucknow,2017-06-11,190.0,Moderate,95.04,105.95,16.05,1.15,4.5,51.08
Lucknow,2017-06-12,231.0,Poor,111.82,105.95,21.52,1.19,5.26,54.38
Lucknow,2017-06-13,256.0,Poor,144.61,105.95,40.14,1.57,4.21,33.68
Lucknow,2017-06-14,123.0,,51.67,105.95,26.41,1.0,7.71,34.07
Lucknow,2017-06-15,123.0,,51.67,105.95,26.41,1.0,7.71,34.07
Lucknow,2017-06-16,123.0,,212.17,105.95,29.65,1.32,3.48,19.38
Lucknow,2017-06-17,458.0,Severe,402.47,105.95,24.59,1.31,3.85,27.63
Lucknow,2017-06-18,323.0,Very Poor,54.0,105.95,27.83,1.5,3.14,31.87
Lucknow,2017-06-19,93.0,Satisfactory,71.85,105.95,23.64,1.26,3.96,40.94
Lucknow,2017-06-20,328.0,Very Poor,55.41,105.95,11.26,16.0,3.89,54.02
Lucknow,2017-06-21,183.0,Moderate,67.89,105.95,14.44,3.14,4.24,19.89
Lucknow,2017-06-22,97.0,Satisfactory,51.28,105.95,14.26,1.15,4.08,17.81
Lucknow,2017-06-23,111.0,Moderate,66.93,105.95,19.39,1.28,3.9,19.07
Lucknow,2017-06-24,152.0,Moderate,72.07,105.95,20.75,1.25,4.64,21.96
Lucknow,2017-06-25,128.0,Moderate,54.58,105.95,14.33,1.29,3.77,18.72
Lucknow,2017-06-26,78.0,Satisfactory,39.02,105.95,12.17,1.22,3.2,17.87
Lucknow,2017-06-27,66.0,Satisfactory,38.85,105.95,12.47,1.3,3.04,17.94
Lucknow,2017-06-28,70.0,Satisfactory,44.5,105.95,15.31,1.18,4.38,16.62
Lucknow,2017-06-29,80.0,Satisfactory,47.07,105.95,14.71,1.4,4.0,17.99
Lucknow,2017-06-30,79.0,Satisfactory,39.21,105.95,16.37,1.34,3.91,29.09
Lucknow,2017-07-01,89.0,Satisfactory,38.16,105.95,20.32,2.65,4.42,19.08
Lucknow,2017-07-02,106.0,Moderate,34.75,105.95,18.36,1.19,3.25,21.33
Lucknow,2017-07-03,78.0,Satisfactory,28.98,105.95,17.27,1.2,3.46,26.4
Lucknow,2017-07-04,61.0,Satisfactory,28.2,105.95,13.45,1.42,3.35,22.26
Lucknow,2017-07-05,61.0,Satisfactory,30.74,105.95,13.2,1.09,3.0,22.87
Lucknow,2017-07-06,53.0,Satisfactory,24.48,105.95,21.06,1.26,3.59,14.5
Lucknow,2017-07-07,58.0,Satisfactory,29.46,105.95,13.61,1.32,2.87,13.87
Lucknow,2017-07-08,69.0,Satisfactory,25.21,105.95,13.3,1.34,3.66,13.64
Lucknow,2017-07-09,64.0,Satisfactory,18.4,105.95,14.22,1.23,4.29,13.79
Lucknow,2017-07-10,75.0,Satisfactory,30.2,105.95,16.64,1.37,3.61,12.47
Lucknow,2017-07-11,58.0,Satisfactory,16.02,105.95,11.99,1.86,2.79,13.01
Lucknow,2017-07-12,43.0,Good,21.53,105.95,14.36,1.21,3.01,13.23
Lucknow,2017-07-13,55.0,Satisfactory,28.37,105.95,15.31,1.35,4.0,16.19
Lucknow,2017-07-14,82.0,Satisfactory,55.44,105.95,13.94,1.65,3.56,18.06
Lucknow,2017-07-15,96.0,Satisfactory,57.07,105.95,15.99,1.59,3.67,14.93
Lucknow,2017-07-16,87.0,Satisfactory,47.24,105.95,11.49,1.63,2.85,19.58
Lucknow,2017-07-17,73.0,Satisfactory,40.79,105.95,14.62,1.98,2.19,15.33
Lucknow,2017-07-18,78.0,Satisfactory,46.12,105.95,26.27,1.44,3.5,15.11
Lucknow,2017-07-19,83.0,Satisfactory,41.46,105.95,29.1,1.93,3.99,11.18
Lucknow,2017-07-20,69.0,Satisfactory,41.48,105.95,24.74,1.27,3.45,9.69
Lucknow,2017-07-21,83.0,Satisfactory,56.67,105.95,25.77,4.62,3.79,9.71
Lucknow,2017-07-22,122.0,Moderate,47.17,105.95,24.2,1.52,2.72,10.49
Lucknow,2017-07-23,79.0,Satisfactory,47.46,105.95,23.2,1.21,3.5,14.95
Lucknow,2017-07-24,80.0,Satisfactory,45.11,105.95,26.67,1.25,3.35,12.65
Lucknow,2017-07-25,68.0,Satisfactory,37.14,105.95,25.15,1.2,4.3,10.83
Lucknow,2017-07-26,66.0,Satisfactory,46.49,105.95,31.82,1.13,4.31,10.83
Lucknow,2017-07-27,149.0,Moderate,47.36,105.95,14.54,12.12,4.42,13.47
Lucknow,2017-07-28,84.0,Satisfactory,49.58,105.95,14.39,1.14,4.4,13.69
Lucknow,2017-07-29,85.0,Satisfactory,38.49,105.95,21.49,1.91,3.64,10.35
Lucknow,2017-07-30,78.0,Satisfactory,40.43,105.95,23.18,3.36,3.68,10.78
Lucknow,2017-07-31,64.0,Satisfactory,28.38,105.95,14.31,1.18,4.39,10.29
Lucknow,2017-08-01,57.0,Satisfactory,32.39,105.95,17.62,1.18,4.47,10.84
Lucknow,2017-08-02,76.0,Satisfactory,37.85,105.95,23.02,1.57,4.55,9.17
Lucknow,2017-08-03,78.0,Satisfactory,42.88,105.95,21.6,1.35,4.81,8.33
Lucknow,2017-08-04,125.0,Moderate,57.19,105.95,22.19,2.52,4.51,27.11
Lucknow,2017-08-05,156.0,Moderate,66.28,105.95,21.63,1.8,5.64,38.87
Lucknow,2017-08-06,158.0,Moderate,35.62,105.95,18.3,1.39,4.78,27.85
Lucknow,2017-08-07,126.0,Moderate,46.27,105.95,74.77,1.87,3.84,11.44
Lucknow,2017-08-08,80.0,Satisfactory,26.24,105.95,24.89,1.83,5.63,8.35
Lucknow,2017-08-09,70.0,Satisfactory,42.18,105.95,17.26,1.68,7.82,7.31
Lucknow,2017-08-10,146.0,Moderate,88.74,105.95,22.55,1.44,7.15,6.31
Lucknow,2017-08-11,126.0,Moderate,39.71,105.95,31.26,1.46,7.36,8.05
Lucknow,2017-08-12,84.0,Satisfactory,38.97,105.95,30.55,1.47,6.97,10.19
Lucknow,2017-08-13,81.0,Satisfactory,46.39,105.95,24.96,1.16,6.86,8.89
Lucknow,2017-08-14,175.0,Moderate,119.08,105.95,27.26,1.33,7.16,9.1
Lucknow,2017-08-15,134.0,Moderate,50.79,105.95,27.91,1.48,6.77,9.68
Lucknow,2017-08-16,97.0,Satisfactory,67.23,105.95,41.39,1.71,7.68,6.52
Lucknow,2017-08-17,172.0,Moderate,76.76,105.95,43.53,3.77,10.36,5.69
Lucknow,2017-08-18,129.0,Moderate,39.01,105.95,57.74,2.05,6.94,5.22
Lucknow,2017-08-19,66.0,Satisfactory,44.23,105.95,16.23,1.12,3.0,11.1
Lucknow,2017-08-20,110.0,Moderate,45.75,105.95,13.93,2.68,2.61,8.87
Lucknow,2017-08-21,72.0,Satisfactory,47.44,105.95,40.65,0.88,6.18,13.03
Lucknow,2017-08-22,75.0,Satisfactory,43.99,105.95,47.89,1.23,6.19,14.16
Lucknow,2017-08-23,75.0,Satisfactory,43.33,105.95,46.85,1.32,6.27,8.38
Lucknow,2017-08-24,73.0,Satisfactory,49.51,105.95,32.88,1.1,6.1,12.04
Lucknow,2017-08-25,76.0,Satisfactory,34.82,105.95,50.54,1.15,6.41,11.49
Lucknow,2017-08-26,63.0,Satisfactory,36.6,105.95,29.57,1.24,5.98,12.11
Lucknow,2017-08-27,56.0,Satisfactory,21.59,105.95,72.49,1.29,5.97,13.56
Lucknow,2017-08-28,50.0,Good,11.61,105.95,17.95,1.34,6.46,13.54
Lucknow,2017-08-29,41.0,Good,22.21,105.95,15.26,1.13,4.85,18.2
Lucknow,2017-08-30,55.0,Satisfactory,33.11,105.95,13.48,1.65,4.41,26.77
Lucknow,2017-08-31,108.0,Moderate,31.44,105.95,16.14,4.68,4.64,19.36
Lucknow,2017-09-01,70.0,Satisfactory,20.76,105.95,14.04,1.62,4.62,18.1
Lucknow,2017-09-02,72.0,Satisfactory,21.69,105.95,13.09,1.68,4.69,18.2
Lucknow,2017-09-03,66.0,Satisfactory,25.72,105.95,11.18,1.62,4.61,14.84
Lucknow,2017-09-04,83.0,Satisfactory,32.27,105.95,14.94,1.54,5.54,14.14
Lucknow,2017-09-05,73.0,Satisfactory,41.31,105.95,19.7,1.31,5.11,14.73
Lucknow,2017-09-06,84.0,Satisfactory,47.98,105.95,33.03,1.49,4.62,18.19
Lucknow,2017-09-07,77.0,Satisfactory,48.66,105.95,31.39,1.17,5.11,15.15
Lucknow,2017-09-08,96.0,Satisfactory,57.46,105.95,32.49,1.09,5.14,20.56
Lucknow,2017-09-09,95.0,Satisfactory,59.67,105.95,43.52,1.13,5.02,19.36
Lucknow,2017-09-10,116.0,Moderate,72.6,105.95,48.73,1.2,4.38,30.02
Lucknow,2017-09-11,171.0,Moderate,86.0,105.95,29.13,1.18,5.37,26.2
Lucknow,2017-09-12,163.0,Moderate,74.71,105.95,52.22,1.17,4.28,29.4
Lucknow,2017-09-13,153.0,Moderate,81.77,105.95,51.42,1.14,4.75,29.14
Lucknow,2017-09-14,173.0,Moderate,76.58,105.95,18.06,1.11,4.9,23.29
Lucknow,2017-09-15,120.0,Moderate,53.51,105.95,24.96,1.28,5.46,30.61
Lucknow,2017-09-16,79.0,Satisfactory,43.46,105.95,32.36,1.25,4.64,32.14
Lucknow,2017-09-17,76.0,Satisfactory,44.81,105.95,33.74,1.16,4.83,31.59
Lucknow,2017-09-18,75.0,Satisfactory,40.76,105.95,34.34,3.23,5.15,27.24
Lucknow,2017-09-19,141.0,Moderate,22.15,105.95,23.0,8.13,4.91,18.66
Lucknow,2017-09-20,61.0,Satisfactory,41.19,105.95,25.2,1.33,4.93,16.73
Lucknow,2017-09-21,67.0,Satisfactory,21.08,105.95,22.99,1.14,5.53,15.47
Lucknow,2017-09-22,176.0,Moderate,23.0,105.95,16.09,7.52,4.49,14.94
Lucknow,2017-09-23,59.0,Satisfactory,30.87,105.95,13.79,1.33,5.59,12.27
Lucknow,2017-09-24,79.0,Satisfactory,40.25,105.95,11.11,1.25,5.08,16.39
Lucknow,2017-09-25,76.0,Satisfactory,33.76,105.95,12.3,1.26,4.72,19.63
Lucknow,2017-09-26,89.0,Satisfactory,68.45,105.95,16.86,0.95,4.79,20.53
Lucknow,2017-09-27,151.0,Moderate,80.19,105.95,19.01,1.18,6.4,26.15
Lucknow,2017-09-28,160.0,Moderate,75.01,105.95,37.57,0.89,7.7,30.48
Lucknow,2017-09-29,140.0,Moderate,65.98,105.95,34.9,0.94,6.95,29.53
Lucknow,2017-09-30,135.0,Moderate,77.33,105.95,31.24,0.95,7.67,29.65
Lucknow,2017-10-01,140.0,Moderate,61.56,105.95,26.32,0.8,6.78,23.32
Lucknow,2017-10-02,115.0,Moderate,68.78,105.95,24.24,0.71,8.56,16.98
Lucknow,2017-10-03,122.0,Moderate,58.8,105.95,34.36,0.78,8.82,15.38
Lucknow,2017-10-04,100.0,Satisfactory,42.05,105.95,25.47,0.96,7.04,20.42
Lucknow,2017-10-05,95.0,Satisfactory,59.02,105.95,36.5,1.02,7.37,17.38
Lucknow,2017-10-06,103.0,Moderate,60.54,105.95,37.58,1.04,7.04,20.43
Lucknow,2017-10-07,138.0,Moderate,83.04,105.95,43.59,1.18,6.75,25.48
Lucknow,2017-10-08,188.0,Moderate,82.36,105.95,34.46,1.0,6.95,28.6
Lucknow,2017-10-09,165.0,Moderate,81.08,105.95,41.3,1.02,7.04,19.71
Lucknow,2017-10-10,207.0,Poor,100.7,105.95,34.8,1.11,8.1,22.94
Lucknow,2017-10-11,200.0,Moderate,73.41,105.95,30.57,1.1,5.91,18.43
Lucknow,2017-10-12,182.0,Moderate,95.02,105.95,44.26,0.79,6.5,23.52
Lucknow,2017-10-13,259.0,Poor,140.41,105.95,62.28,1.0,5.6,21.43
Lucknow,2017-10-14,311.0,Very Poor,138.31,105.95,53.25,0.87,5.22,31.1
Lucknow,2017-10-15,308.0,Very Poor,128.71,105.95,59.68,0.89,7.14,39.88
Lucknow,2017-10-16,319.0,Very Poor,169.38,105.95,72.26,0.73,11.86,28.96
Lucknow,2017-10-17,348.0,Very Poor,176.38,105.95,71.24,0.67,17.23,19.74
Lucknow,2017-10-18,354.0,Very Poor,194.31,105.95,55.68,0.97,21.34,18.81
Lucknow,2017-10-19,330.0,Very Poor,173.5,105.95,36.49,1.61,31.73,17.24
Lucknow,2017-10-20,362.0,Very Poor,172.87,105.95,29.79,1.51,15.66,15.35
Lucknow,2017-10-21,265.0,Poor,130.42,105.95,30.05,1.22,15.55,17.32
Lucknow,2017-10-22,339.0,Very Poor,229.03,105.95,57.38,1.44,19.69,26.57
Lucknow,2017-10-23,391.0,Very Poor,196.91,105.95,80.44,1.53,23.36,28.24
Lucknow,2017-10-24,353.0,Very Poor,199.31,105.95,75.27,1.76,21.03,26.58
Lucknow,2017-10-25,363.0,Very Poor,209.09,105.95,86.12,1.78,26.05,31.97
Lucknow,2017-10-26,379.0,Very Poor,204.12,105.95,89.66,1.34,26.34,25.79
Lucknow,2017-10-27,343.0,Very Poor,161.98,105.95,83.17,1.66,19.57,33.02
Lucknow,2017-10-28,338.0,Very Poor,171.39,105.95,84.41,1.44,19.45,29.39
Lucknow,2017-10-29,333.0,Very Poor,184.47,105.95,55.4,1.14,14.33,42.12
Lucknow,2017-10-30,344.0,Very Poor,155.1,105.95,59.52,1.28,10.32,37.37
Lucknow,2017-10-31,237.0,Poor,136.84,105.95,61.21,0.87,10.32,45.65
Lucknow,2017-11-01,312.0,Very Poor,151.16,105.95,44.85,1.15,7.29,37.03
Lucknow,2017-11-02,323.0,Very Poor,172.33,105.95,51.53,1.17,7.06,47.5
Lucknow,2017-11-03,354.0,Very Poor,195.75,105.95,56.67,1.75,6.81,46.69
Lucknow,2017-11-04,369.0,Very Poor,198.64,105.95,52.58,1.38,7.25,44.73
Lucknow,2017-11-05,388.0,Very Poor,195.99,105.95,49.04,2.76,8.52,46.58
Lucknow,2017-11-06,339.0,Very Poor,200.8,105.95,50.59,1.22,9.71,42.18
Lucknow,2017-11-07,362.0,Very Poor,230.94,105.95,59.57,1.35,10.21,46.2
Lucknow,2017-11-08,425.0,Severe,334.9,105.95,60.72,1.51,9.79,57.2
Lucknow,2017-11-09,495.0,Severe,387.84,105.95,55.77,1.65,9.39,56.13
Lucknow,2017-11-10,503.0,Severe,378.39,105.95,51.14,2.05,8.94,50.44
Lucknow,2017-11-11,463.0,Severe,258.15,105.95,52.54,1.31,10.15,60.8
Lucknow,2017-11-12,386.0,Very Poor,239.63,105.95,38.8,1.17,10.89,60.88
Lucknow,2017-11-13,454.0,Severe,446.68,105.95,62.1,1.81,10.83,45.74
Lucknow,2017-11-14,581.0,Severe,425.31,105.95,60.79,1.58,10.19,35.99
Lucknow,2017-11-15,444.0,Severe,237.11,105.95,56.89,1.85,9.5,37.48
Lucknow,2017-11-16,360.0,Very Poor,191.15,105.95,54.05,1.79,9.39,29.43
Lucknow,2017-11-17,361.0,Very Poor,181.72,105.95,46.83,1.28,8.03,37.44
Lucknow,2017-11-18,341.0,Very Poor,190.16,105.95,50.47,1.07,9.27,42.82
Lucknow,2017-11-19,360.0,Very Poor,192.63,105.95,49.27,0.89,24.02,40.77
Lucknow,2017-11-20,324.0,Very Poor,139.29,105.95,42.64,0.85,13.4,58.37
Lucknow,2017-11-21,316.0,Very Poor,171.74,105.95,48.07,1.0,6.62,69.72
Lucknow,2017-11-22,350.0,Very Poor,187.09,105.95,59.73,1.18,8.11,61.73
Lucknow,2017-11-23,344.0,Very Poor,167.77,105.95,60.97,1.19,8.36,54.78
Lucknow,2017-11-24,336.0,Very Poor,171.75,105.95,63.91,1.22,9.02,52.9
Lucknow,2017-11-25,342.0,Very Poor,194.67,105.95,73.69,1.28,11.13,54.83
Lucknow,2017-11-26,360.0,Very Poor,181.66,105.95,59.21,0.82,11.19,64.86
Lucknow,2017-11-27,342.0,Very Poor,230.28,105.95,60.42,1.03,12.16,65.26
Lucknow,2017-11-28,385.0,Very Poor,178.03,105.95,66.88,1.43,8.69,51.4
Lucknow,2017-11-29,364.0,Very Poor,236.79,105.95,92.62,2.29,10.96,34.01
Lucknow,2017-11-30,411.0,Severe,274.25,105.95,80.71,2.02,8.59,31.53
Lucknow,2017-12-01,434.0,Severe,286.15,105.95,73.94,2.39,8.26,29.09
Lucknow,2017-12-02,387.0,Very Poor,220.65,105.95,68.12,1.72,8.96,31.63
Lucknow,2017-12-03,389.0,Very Poor,226.91,105.95,69.83,1.68,8.77,29.46
Lucknow,2017-12-04,366.0,Very Poor,210.11,105.95,68.83,1.48,9.54,27.96
Lucknow,2017-12-05,366.0,Very Poor,194.41,105.95,54.82,1.25,10.58,29.49
Lucknow,2017-12-06,369.0,Very Poor,237.17,105.95,48.21,1.15,11.95,44.14
Lucknow,2017-12-07,351.0,Very Poor,119.24,105.95,46.04,0.96,8.77,43.58
Lucknow,2017-12-08,240.0,Poor,119.57,105.95,53.18,0.6,13.25,51.29
Lucknow,2017-12-09,310.0,Very Poor,178.06,105.95,64.87,1.01,15.34,38.22
Lucknow,2017-12-10,389.0,Very Poor,235.17,105.95,73.96,1.52,13.86,27.02
Lucknow,2017-12-11,354.0,Very Poor,164.75,105.95,73.78,1.6,10.23,28.25
Lucknow,2017-12-12,339.0,Very Poor,193.96,105.95,72.23,1.82,10.5,22.08
Lucknow,2017-12-13,352.0,Very Poor,173.02,105.95,60.94,0.81,8.87,29.12
Lucknow,2017-12-14,328.0,Very Poor,169.94,105.95,47.79,0.68,8.43,25.2
Lucknow,2017-12-15,328.0,Very Poor,155.69,105.95,49.63,0.7,11.8,24.85
Lucknow,2017-12-16,325.0,Very Poor,130.22,105.95,47.58,0.51,8.63,32.47
Lucknow,2017-12-17,293.0,Poor,150.31,105.95,56.93,1.05,10.49,37.52
Lucknow,2017-12-18,341.0,Very Poor,206.45,105.95,67.75,1.27,9.83,29.55
Lucknow,2017-12-19,417.0,Severe,347.73,105.95,78.85,2.57,10.93,22.79
Lucknow,2017-12-20,543.0,Severe,433.0,105.95,76.92,2.78,13.64,25.31
Lucknow,2017-12-21,486.0,Severe,288.47,105.95,57.72,1.79,12.24,49.22
Lucknow,2017-12-22,383.0,Very Poor,207.16,105.95,52.36,1.19,11.66,80.06
Lucknow,2017-12-23,337.0,Very Poor,158.89,105.95,54.32,0.93,9.16,77.57
Lucknow,2017-12-24,339.0,Very Poor,218.33,105.95,59.58,1.88,8.54,64.36
Lucknow,2017-12-25,395.0,Very Poor,233.41,105.95,49.73,2.01,7.07,61.54
Lucknow,2017-12-26,371.0,Very Poor,227.18,105.95,52.13,1.81,8.41,63.43
Lucknow,2017-12-27,425.0,Severe,290.8,105.95,59.6,1.94,8.66,64.21
Lucknow,2017-12-28,460.0,Severe,369.35,105.95,53.57,2.13,9.5,51.08
Lucknow,2017-12-29,443.0,Severe,243.94,105.95,46.83,2.15,10.19,39.17
Lucknow,2017-12-30,362.0,Very Poor,196.62,105.95,56.08,2.03,7.24,28.32
Lucknow,2017-12-31,387.0,Very Poor,235.15,105.95,53.25,2.14,7.64,49.5
Lucknow,2018-01-01,356.0,Very Poor,170.51,105.95,41.05,1.89,6.89,60.19
Lucknow,2018-01-02,320.0,Very Poor,199.89,105.95,34.35,1.39,8.56,50.44
Lucknow,2018-01-03,406.0,Severe,239.01,105.95,38.57,1.43,7.57,42.66
Lucknow,2018-01-04,389.0,Very Poor,250.36,105.95,46.68,1.6,7.77,30.7
Lucknow,2018-01-05,398.0,Very Poor,241.25,105.95,48.41,1.45,9.07,15.74
Lucknow,2018-01-06,359.0,Very Poor,192.99,105.95,49.57,1.67,8.87,27.13
Lucknow,2018-01-07,387.0,Very Poor,252.98,105.95,53.94,1.81,8.86,25.4
Lucknow,2018-01-08,431.0,Severe,300.46,105.95,58.74,1.83,9.17,25.25
Lucknow,2018-01-09,408.0,Severe,245.76,105.95,45.21,1.83,8.57,22.39
Lucknow,2018-01-10,398.0,Very Poor,235.73,105.95,46.46,2.1,8.8,27.65
Lucknow,2018-01-11,393.0,Very Poor,260.93,105.95,48.82,1.62,9.82,32.01
Lucknow,2018-01-12,427.0,Severe,301.74,105.95,54.54,1.29,9.29,17.78
Lucknow,2018-01-13,432.0,Severe,284.77,105.95,52.45,1.49,10.86,22.37
Lucknow,2018-01-14,420.0,Severe,231.89,105.95,62.82,1.36,9.76,26.75
Lucknow,2018-01-15,398.0,Very Poor,238.68,105.95,61.77,2.48,8.7,29.12
Lucknow,2018-01-16,359.0,Very Poor,198.9,105.95,45.9,1.57,9.81,39.04
Lucknow,2018-01-17,363.0,Very Poor,211.58,105.95,47.58,1.96,10.82,16.64
Lucknow,2018-01-18,368.0,Very Poor,210.07,105.95,46.32,1.97,9.9,27.45
Lucknow,2018-01-19,433.0,Severe,290.41,105.95,54.83,1.89,9.96,22.2
Lucknow,2018-01-20,391.0,Very Poor,183.73,105.95,49.43,2.16,10.46,24.45
Lucknow,2018-01-21,355.0,Very Poor,197.86,105.95,49.76,1.16,9.56,36.88
Lucknow,2018-01-22,384.0,Very Poor,242.99,105.95,51.54,1.34,8.87,33.49
Lucknow,2018-01-23,426.0,Severe,275.53,105.95,49.56,1.83,9.71,26.45
Lucknow,2018-01-24,346.0,Very Poor,162.78,105.95,37.49,1.05,10.27,28.72
Lucknow,2018-01-25,324.0,Very Poor,157.0,105.95,31.58,1.06,8.1,20.9
Lucknow,2018-01-26,333.0,Very Poor,178.63,105.95,35.09,1.31,8.58,42.45
Lucknow,2018-01-27,344.0,Very Poor,179.67,105.95,36.02,1.28,9.7,57.25
Lucknow,2018-01-28,357.0,Very Poor,202.52,105.95,38.93,1.53,8.36,55.88
Lucknow,2018-01-29,373.0,Very Poor,201.04,105.95,45.62,1.13,9.83,59.69
Lucknow,2018-01-30,344.0,Very Poor,155.06,105.95,34.43,1.14,7.78,66.28
Lucknow,2018-01-31,295.0,Poor,151.75,105.95,26.38,0.98,8.44,71.36
Lucknow,2018-02-01,324.0,Very Poor,162.83,105.95,33.39,1.04,8.27,61.06
Lucknow,2018-02-02,321.0,Very Poor,164.95,105.95,40.26,1.37,9.1,62.13
Lucknow,2018-02-03,370.0,Very Poor,235.22,105.95,54.6,2.02,12.83,56.21
Lucknow,2018-02-04,370.0,Very Poor,163.84,105.95,32.99,1.39,9.75,59.09
Lucknow,2018-02-05,312.0,Very Poor,158.45,105.95,34.06,0.86,10.79,71.31
Lucknow,2018-02-06,323.0,Very Poor,161.37,105.95,28.92,0.69,11.05,59.51
Lucknow,2018-02-07,322.0,Very Poor,125.72,105.95,35.64,1.28,9.24,46.54
Lucknow,2018-02-08,299.0,Poor,169.06,105.95,36.42,0.81,12.08,42.86
Lucknow,2018-02-09,290.0,Poor,137.16,105.95,34.68,0.95,14.02,40.36
Lucknow,2018-02-10,286.0,Poor,123.17,105.95,38.79,1.12,13.01,32.64
Lucknow,2018-02-11,266.0,Poor,125.92,105.95,56.72,1.49,13.29,17.54
Lucknow,2018-02-12,267.0,Poor,124.69,105.95,37.19,1.09,12.54,22.29
Lucknow,2018-02-13,239.0,Poor,115.87,105.95,33.81,1.14,12.22,23.1
Lucknow,2018-02-14,247.0,Poor,120.76,105.95,24.51,0.65,10.56,25.01
Lucknow,2018-02-15,301.0,Very Poor,148.44,105.95,25.39,0.62,13.72,28.0
Lucknow,2018-02-16,359.0,Very Poor,225.93,105.95,21.43,0.68,15.47,30.65
Lucknow,2018-02-17,398.0,Very Poor,226.87,105.95,26.73,0.71,15.7,29.86
Lucknow,2018-02-18,358.0,Very Poor,194.03,105.95,36.45,0.8,15.42,25.56
Lucknow,2018-02-19,386.0,Very Poor,199.58,105.95,37.62,0.8,15.91,30.61
Lucknow,2018-02-20,313.0,Very Poor,143.78,105.95,41.48,0.91,19.75,28.9
Lucknow,2018-02-21,332.0,Very Poor,228.66,105.95,50.36,1.23,19.24,25.85
Lucknow,2018-02-22,394.0,Very Poor,233.24,105.95,48.38,1.15,20.89,23.8
Lucknow,2018-02-23,389.0,Very Poor,228.21,105.95,55.31,1.41,21.32,21.08
Lucknow,2018-02-24,382.0,Very Poor,198.75,105.95,54.01,1.14,21.7,42.51
Lucknow,2018-02-25,348.0,Very Poor,183.9,105.95,31.02,0.87,14.64,94.71
Lucknow,2018-02-26,317.0,Very Poor,101.97,105.95,19.72,0.68,11.36,87.92
Lucknow,2018-02-27,181.0,Moderate,76.71,105.95,25.24,0.72,13.5,89.05
Lucknow,2018-02-28,202.0,Poor,107.99,105.95,28.14,0.85,13.53,98.61
Lucknow,2018-03-01,264.0,Poor,114.94,105.95,26.97,0.78,12.12,94.98
Lucknow,2018-03-02,236.0,Poor,111.57,105.95,21.7,0.89,13.04,98.26
Lucknow,2018-03-03,202.0,Poor,94.86,105.95,20.46,0.68,12.7,88.2
Lucknow,2018-03-04,227.0,Poor,96.12,105.95,25.72,0.73,11.9,77.14
Lucknow,2018-03-05,187.0,Moderate,91.04,105.95,20.32,0.65,11.02,59.88
Lucknow,2018-03-06,250.0,Poor,141.46,105.95,21.47,0.63,12.26,61.54
Lucknow,2018-03-07,288.0,Poor,133.8,105.95,28.95,0.72,13.33,61.47
Lucknow,2018-03-08,340.0,Very Poor,170.76,105.95,44.32,0.87,15.43,42.5
Lucknow,2018-03-09,297.0,Poor,140.81,105.95,33.39,0.73,15.73,40.57
Lucknow,2018-03-10,249.0,Poor,118.16,105.95,26.41,0.63,14.59,38.13
Lucknow,2018-03-11,219.0,Poor,133.03,105.95,28.51,0.69,18.02,30.69
Lucknow,2018-03-12,247.0,Poor,133.07,105.95,29.11,1.05,15.34,36.22
Lucknow,2018-03-13,247.0,Poor,102.13,105.95,31.03,0.68,15.46,34.42
Lucknow,2018-03-14,317.0,Very Poor,166.43,105.95,58.62,0.87,18.86,25.22
Lucknow,2018-03-15,331.0,Very Poor,137.04,105.95,50.15,0.54,20.64,22.33
Lucknow,2018-03-16,233.0,Poor,115.27,105.95,32.71,0.39,15.59,36.08
Lucknow,2018-03-17,273.0,Poor,84.82,105.95,33.09,0.3,13.7,38.68
Lucknow,2018-03-18,142.0,Moderate,77.35,105.95,28.74,0.27,11.51,47.83
Lucknow,2018-03-19,196.0,Moderate,97.05,105.95,34.84,0.31,11.29,48.96
Lucknow,2018-03-20,225.0,Poor,96.72,105.95,35.27,0.49,10.77,39.03
Lucknow,2018-03-21,245.0,Poor,115.04,105.95,56.86,0.58,13.27,24.86
Lucknow,2018-03-22,273.0,Poor,112.45,105.95,36.65,0.4,10.09,32.86
Lucknow,2018-03-23,218.0,Poor,101.79,105.95,28.72,0.34,10.34,46.94
Lucknow,2018-03-24,197.0,Moderate,88.04,105.95,31.61,0.32,11.63,51.96
Lucknow,2018-03-25,198.0,Moderate,93.26,105.95,27.88,0.31,9.9,51.79
Lucknow,2018-03-26,151.0,Moderate,72.45,105.95,31.96,0.34,10.38,51.08
Lucknow,2018-03-27,137.0,Moderate,75.58,105.95,34.22,0.39,10.63,49.84
Lucknow,2018-03-28,214.0,Poor,106.91,105.95,54.89,0.6,13.93,33.71
Lucknow,2018-03-29,271.0,Poor,130.56,105.95,42.21,0.43,13.36,37.69
Lucknow,2018-03-30,256.0,Poor,143.54,105.95,49.41,0.4,11.53,34.3
Lucknow,2018-03-31,201.0,Poor,54.5,105.95,47.7,0.28,10.29,37.38
Lucknow,2018-04-01,106.0,Moderate,70.5,105.95,81.53,0.56,10.62,32.79
Lucknow,2018-04-02,204.0,Poor,100.47,105.95,46.42,0.52,11.45,29.27
Lucknow,2018-04-03,300.0,Poor,158.72,105.95,82.93,0.54,12.52,29.04
Lucknow,2018-04-04,319.0,Very Poor,163.42,105.95,60.3,0.49,13.52,38.72
Lucknow,2018-04-05,252.0,Poor,83.45,105.95,51.18,0.5,9.71,36.67
Lucknow,2018-04-06,153.0,Moderate,74.21,105.95,48.9,0.41,8.36,32.04
Lucknow,2018-04-07,143.0,Moderate,61.52,105.95,43.15,0.41,7.21,30.18
Lucknow,2018-04-08,102.0,Moderate,58.97,105.95,58.47,0.43,8.54,27.04
Lucknow,2018-04-09,146.0,Moderate,80.37,105.95,53.26,0.39,8.84,24.52
Lucknow,2018-04-10,126.0,Moderate,60.77,105.95,49.71,0.51,15.8,29.03
Lucknow,2018-04-11,132.0,Moderate,66.26,105.95,49.9,0.44,10.96,30.1
Lucknow,2018-04-12,97.0,Satisfactory,36.82,105.95,33.17,0.4,8.35,33.5
Lucknow,2018-04-13,91.0,Satisfactory,54.59,105.95,37.3,0.33,10.62,39.79
Lucknow,2018-04-14,97.0,Satisfactory,58.68,105.95,41.55,0.35,10.04,39.31
Lucknow,2018-04-15,113.0,Moderate,67.08,105.95,54.0,0.48,12.0,36.2
Lucknow,2018-04-16,180.0,Moderate,85.99,105.95,59.66,0.56,11.41,28.24
Lucknow,2018-04-17,240.0,Poor,120.71,105.95,59.62,0.43,12.56,36.52
Lucknow,2018-04-18,217.0,Poor,87.72,105.95,36.82,0.29,10.39,38.64
Lucknow,2018-04-19,162.0,Moderate,75.31,105.95,39.18,0.36,10.77,39.54
Lucknow,2018-04-20,231.0,Poor,116.85,105.95,59.83,0.51,11.88,25.02
Lucknow,2018-04-21,207.0,Poor,76.52,105.95,33.34,0.3,9.43,36.23
Lucknow,2018-04-22,194.0,Moderate,91.21,105.95,27.16,0.29,10.77,52.0
Lucknow,2018-04-23,156.0,Moderate,64.98,105.95,33.33,0.3,10.81,56.54
Lucknow,2018-04-24,160.0,Moderate,82.47,105.95,50.62,0.41,12.27,48.87
Lucknow,2018-04-25,236.0,Poor,127.39,105.95,75.06,0.6,14.96,39.88
Lucknow,2018-04-26,281.0,Poor,135.49,105.95,58.11,0.36,12.84,41.64
Lucknow,2018-04-27,226.0,Poor,90.87,105.95,54.16,0.37,10.43,42.34
Lucknow,2018-04-28,195.0,Moderate,79.19,105.95,62.8,0.47,12.83,41.36
Lucknow,2018-04-29,197.0,Moderate,92.34,105.95,59.94,0.42,12.0,43.0
Lucknow,2018-04-30,162.0,Moderate,64.04,105.95,53.32,0.43,9.26,45.07
Lucknow,2018-05-01,98.0,Satisfactory,46.01,105.95,54.06,0.39,10.28,36.99
Lucknow,2018-05-02,108.0,Moderate,74.0,105.95,53.33,0.53,10.77,39.69
Lucknow,2018-05-03,170.0,Moderate,55.94,105.95,53.34,0.38,9.62,31.22
Lucknow,2018-05-04,94.0,Satisfactory,45.38,105.95,64.43,0.36,10.9,33.33
Lucknow,2018-05-05,126.0,Moderate,82.48,105.95,65.69,0.53,10.09,37.24
Lucknow,2018-05-06,196.0,Moderate,93.08,105.95,63.88,0.51,11.07,44.38
Lucknow,2018-05-07,209.0,Poor,111.99,105.95,55.62,0.51,10.68,48.53
Lucknow,2018-05-08,353.0,Very Poor,215.09,105.95,64.5,0.48,13.0,38.59
Lucknow,2018-05-09,322.0,Very Poor,139.75,105.95,42.53,0.34,10.26,48.9
Lucknow,2018-05-10,250.0,Poor,106.67,105.95,49.09,0.33,8.27,52.12
Lucknow,2018-05-11,324.0,Very Poor,171.75,105.95,77.7,0.44,11.04,69.55
Lucknow,2018-05-12,336.0,Very Poor,123.16,105.95,48.53,0.5,13.17,42.32
Lucknow,2018-05-13,301.0,Very Poor,191.59,105.95,43.8,0.44,10.5,39.41
Lucknow,2018-05-14,476.0,Severe,268.33,105.95,48.23,0.42,8.98,39.44
Lucknow,2018-05-15,164.0,Moderate,73.23,105.95,61.01,0.5,9.89,32.0
Lucknow,2018-05-16,204.0,Poor,121.81,105.95,64.0,0.58,10.52,35.11
Lucknow,2018-05-17,301.0,Very Poor,152.65,105.95,45.31,0.47,10.36,40.03
Lucknow,2018-05-18,289.0,Poor,112.66,105.95,52.96,0.57,11.03,39.78
Lucknow,2018-05-19,287.0,Poor,133.45,105.95,48.42,0.4,10.19,52.35
Lucknow,2018-05-20,318.0,Very Poor,157.41,105.95,45.39,0.16,7.18,34.07
Lucknow,2018-05-21,426.0,Severe,298.35,105.95,45.56,0.18,6.2,34.07
Lucknow,2018-05-22,357.0,Very Poor,151.54,105.95,56.21,0.45,9.41,59.43
Lucknow,2018-05-23,257.0,Poor,107.17,105.95,48.21,0.6,10.76,39.26
Lucknow,2018-05-24,291.0,Poor,225.11,105.95,40.81,0.6,8.21,19.04
Lucknow,2018-05-25,250.0,Poor,102.37,105.95,31.65,0.5,8.63,36.92
Lucknow,2018-05-26,242.0,Poor,125.89,105.95,51.6,0.66,9.37,74.57
Lucknow,2018-05-27,273.0,Poor,125.34,105.95,41.14,0.53,7.56,49.39
Lucknow,2018-05-28,269.0,Poor,104.31,105.95,36.21,0.53,7.09,124.7
Lucknow,2018-05-29,246.0,Poor,92.65,105.95,33.23,0.35,7.03,135.66
Lucknow,2018-05-30,214.0,Poor,84.9,105.95,45.48,0.21,6.64,34.07
Lucknow,2018-05-31,174.0,Moderate,81.53,105.95,72.12,0.37,6.46,76.86
Lucknow,2018-06-01,139.0,Moderate,72.29,105.95,60.91,0.43,7.22,74.77
Lucknow,2018-06-02,151.0,Moderate,77.82,105.95,28.84,0.47,7.39,7.48
Lucknow,2018-06-03,179.0,Moderate,94.26,105.95,28.97,0.66,7.86,8.51
Lucknow,2018-06-04,225.0,Poor,117.76,105.95,29.4,0.58,7.28,9.83
Lucknow,2018-06-05,219.0,Poor,96.54,105.95,28.77,0.58,8.05,13.17
Lucknow,2018-06-06,175.0,Moderate,59.98,105.95,20.37,0.66,8.73,13.16
Lucknow,2018-06-07,127.0,Moderate,85.89,105.95,15.65,0.68,9.96,11.79
Lucknow,2018-06-08,161.0,Moderate,62.91,105.95,13.02,0.58,9.92,9.48
Lucknow,2018-06-09,108.0,Moderate,62.85,105.95,16.06,0.56,10.68,10.32
Lucknow,2018-06-10,133.0,Moderate,54.84,105.95,13.45,0.48,10.4,11.82
Lucknow,2018-06-11,107.0,Moderate,57.9,105.95,15.31,0.51,10.0,19.91
Lucknow,2018-06-12,125.0,Moderate,71.02,105.95,25.79,0.58,10.03,22.67
Lucknow,2018-06-13,147.0,Moderate,80.85,105.95,24.58,0.64,9.01,18.83
Lucknow,2018-06-14,181.0,Moderate,100.83,105.95,28.15,1.03,10.09,16.96
Lucknow,2018-06-15,240.0,Poor,124.13,105.95,28.86,1.11,9.1,14.06
Lucknow,2018-06-16,301.0,Very Poor,126.34,105.95,26.36,1.03,9.48,12.78
Lucknow,2018-06-17,321.0,Very Poor,155.05,105.95,28.43,0.82,8.56,14.93
Lucknow,2018-06-18,279.0,Poor,127.74,105.95,31.83,0.87,8.72,15.71
Lucknow,2018-06-19,179.0,Moderate,70.44,105.95,32.94,0.92,7.24,14.85
Lucknow,2018-06-20,186.0,Moderate,90.31,105.95,36.14,0.89,8.89,18.51
Lucknow,2018-06-21,228.0,Poor,107.2,105.95,37.4,0.93,11.23,21.68
Lucknow,2018-06-22,215.0,Poor,86.56,105.95,28.77,0.82,9.06,25.46
Lucknow,2018-06-23,229.0,Poor,140.01,105.95,27.02,0.84,7.89,30.78
Lucknow,2018-06-24,157.0,Moderate,63.36,105.95,27.8,0.84,7.96,29.73
Lucknow,2018-06-25,116.0,Moderate,71.89,105.95,32.87,0.94,8.24,28.16
Lucknow,2018-06-26,184.0,Moderate,83.15,105.95,28.52,0.96,8.46,27.6
Lucknow,2018-06-27,136.0,Moderate,47.6,105.95,26.26,0.78,8.77,19.32
Lucknow,2018-06-28,124.0,Moderate,50.14,105.95,24.33,0.78,8.2,21.49
Lucknow,2018-06-29,93.0,Satisfactory,40.13,105.95,25.51,0.9,7.9,21.56
Lucknow,2018-06-30,83.0,Satisfactory,39.75,105.95,26.48,0.83,7.89,27.47
Lucknow,2018-07-01,125.0,Moderate,38.35,105.95,26.7,0.91,9.93,67.47
Lucknow,2018-07-02,117.0,Moderate,56.83,105.95,26.85,0.7,11.07,52.09
Lucknow,2018-07-03,111.0,Moderate,43.54,105.95,27.02,0.67,6.68,49.14
Lucknow,2018-07-04,81.0,Satisfactory,29.95,105.95,26.46,0.64,5.46,52.85
Lucknow,2018-07-05,74.0,Satisfactory,35.47,105.95,27.49,0.71,5.36,41.84
Lucknow,2018-07-06,110.0,Moderate,69.98,105.95,31.56,0.9,6.03,40.88
Lucknow,2018-07-07,195.0,Moderate,96.52,105.95,30.29,0.9,8.27,45.35
Lucknow,2018-07-08,174.0,Moderate,67.77,105.95,23.81,0.79,7.23,57.16
Lucknow,2018-07-09,132.0,Moderate,48.77,105.95,24.3,0.74,5.88,47.74
Lucknow,2018-07-10,88.0,Satisfactory,33.11,105.95,23.38,0.69,6.69,44.21
Lucknow,2018-07-11,100.0,Satisfactory,32.77,105.95,25.75,0.85,6.62,57.39
Lucknow,2018-07-12,89.0,Satisfactory,26.27,105.95,25.94,0.88,8.67,44.56
Lucknow,2018-07-13,90.0,Satisfactory,27.48,105.95,27.2,0.87,6.54,45.58
Lucknow,2018-07-14,95.0,Satisfactory,32.23,105.95,27.28,1.25,7.59,54.31
Lucknow,2018-07-15,101.0,Moderate,35.31,105.95,26.88,0.99,6.13,53.59
Lucknow,2018-07-16,90.0,Satisfactory,29.57,105.95,27.09,1.02,5.74,50.48
Lucknow,2018-07-17,84.0,Satisfactory,33.6,105.95,26.16,1.0,6.6,30.64
Lucknow,2018-07-18,75.0,Satisfactory,40.93,105.95,27.34,0.73,7.75,22.34
Lucknow,2018-07-19,125.0,Moderate,58.27,105.95,30.03,0.8,8.38,18.59
Lucknow,2018-07-20,94.0,Satisfactory,32.85,105.95,30.06,0.92,7.26,15.08
Lucknow,2018-07-21,71.0,Satisfactory,24.25,105.95,29.87,0.94,6.49,13.76
Lucknow,2018-07-22,77.0,Satisfactory,23.63,105.95,27.46,1.13,5.85,10.97
Lucknow,2018-07-23,76.0,Satisfactory,22.34,105.95,32.02,1.22,6.36,8.76
Lucknow,2018-07-24,80.0,Satisfactory,37.91,105.95,27.5,1.1,5.55,11.42
Lucknow,2018-07-25,78.0,Satisfactory,28.26,105.95,27.73,1.08,6.31,12.88
Lucknow,2018-07-26,77.0,Satisfactory,18.08,105.95,28.61,1.14,6.17,10.88
Lucknow,2018-07-27,72.0,Satisfactory,46.07,105.95,28.22,1.09,6.35,13.84
Lucknow,2018-07-28,83.0,Satisfactory,43.02,105.95,30.75,1.22,5.46,13.61
Lucknow,2018-07-29,99.0,Satisfactory,40.79,105.95,30.41,1.11,5.51,12.36
Lucknow,2018-07-30,73.0,Satisfactory,22.68,105.95,27.87,0.94,4.93,12.74
Lucknow,2018-07-31,84.0,Satisfactory,18.21,105.95,28.27,0.68,5.77,38.62
Lucknow,2018-08-01,41.0,Good,15.6,105.95,26.68,0.59,5.21,19.64
Lucknow,2018-08-02,55.0,Satisfactory,31.51,105.95,29.66,0.76,5.23,22.6
Lucknow,2018-08-03,75.0,Satisfactory,42.01,105.95,28.11,0.74,5.51,11.97
Lucknow,2018-08-04,99.0,Satisfactory,72.38,105.95,28.79,0.78,5.05,11.71
Lucknow,2018-08-05,210.0,Poor,133.47,105.95,26.51,1.01,5.78,10.78
Lucknow,2018-08-06,204.0,Poor,92.95,105.95,27.86,0.81,6.1,12.7
Lucknow,2018-08-07,183.0,Moderate,62.39,105.95,29.47,0.86,7.55,19.71
Lucknow,2018-08-08,99.0,Satisfactory,32.23,105.95,26.33,0.68,7.87,16.2
Lucknow,2018-08-09,80.0,Satisfactory,48.4,105.95,27.2,0.74,7.5,16.25
Lucknow,2018-08-10,96.0,Satisfactory,49.25,105.95,36.65,0.92,6.57,15.47
Lucknow,2018-08-11,94.0,Satisfactory,44.96,105.95,34.12,0.89,5.79,16.01
Lucknow,2018-08-12,77.0,Satisfactory,33.21,105.95,41.08,0.92,5.97,7.65
Lucknow,2018-08-13,80.0,Satisfactory,29.48,105.95,44.17,0.9,7.42,14.01
Lucknow,2018-08-14,73.0,Satisfactory,52.39,105.95,44.57,0.97,8.37,22.36
Lucknow,2018-08-15,122.0,Moderate,53.24,105.95,36.47,0.87,9.32,6.79
Lucknow,2018-08-16,55.0,Satisfactory,18.45,105.95,27.26,0.59,9.56,7.37
Lucknow,2018-08-17,60.0,Satisfactory,42.07,105.95,27.52,0.62,9.14,6.19
Lucknow,2018-08-18,123.0,Moderate,57.75,105.95,29.83,0.85,9.14,5.23
Lucknow,2018-08-19,144.0,Moderate,44.44,105.95,28.22,0.82,8.68,6.53
Lucknow,2018-08-20,69.0,Satisfactory,31.45,105.95,28.04,0.8,8.31,7.92
Lucknow,2018-08-21,82.0,Satisfactory,31.04,105.95,24.24,0.68,7.8,8.9
Lucknow,2018-08-22,89.0,Satisfactory,42.25,105.95,22.78,0.72,7.46,16.37
Lucknow,2018-08-23,97.0,Satisfactory,35.86,105.95,25.31,0.86,7.19,10.55
Lucknow,2018-08-24,88.0,Satisfactory,31.25,105.95,26.75,0.79,7.6,10.44
Lucknow,2018-08-25,78.0,Satisfactory,29.39,105.95,27.9,0.65,12.86,9.56
Lucknow,2018-08-26,163.0,Moderate,159.64,105.95,27.44,0.73,11.13,9.19
Lucknow,2018-08-27,183.0,Moderate,73.24,105.95,27.68,0.88,10.8,23.38
Lucknow,2018-08-28,72.0,Satisfactory,33.84,105.95,24.29,0.65,4.62,27.96
Lucknow,2018-08-29,81.0,Satisfactory,32.44,105.95,24.84,0.75,5.17,24.95
Lucknow,2018-08-30,72.0,Satisfactory,33.21,105.95,28.0,0.74,5.59,8.75
Lucknow,2018-08-31,57.0,Satisfactory,22.04,105.95,30.23,0.87,6.26,9.44
Lucknow,2018-09-01,63.0,Satisfactory,24.62,105.95,27.01,0.9,5.61,13.12
Lucknow,2018-09-02,69.0,Satisfactory,16.66,105.95,28.0,0.82,5.03,14.32
Lucknow,2018-09-03,61.0,Satisfactory,30.93,105.95,30.37,0.84,5.27,11.39
Lucknow,2018-09-04,83.0,Satisfactory,41.71,105.95,29.19,0.99,6.44,9.69
Lucknow,2018-09-05,107.0,Moderate,27.31,105.95,25.52,0.77,6.08,26.17
Lucknow,2018-09-06,101.0,Moderate,46.25,105.95,30.02,1.21,6.34,15.44
Lucknow,2018-09-07,94.0,Satisfactory,31.52,105.95,26.1,0.82,4.85,19.61
Lucknow,2018-09-08,87.0,Satisfactory,36.95,105.95,26.09,0.99,5.0,18.05
Lucknow,2018-09-09,90.0,Satisfactory,26.64,105.95,27.39,1.28,4.78,16.49
Lucknow,2018-09-10,92.0,Satisfactory,39.0,105.95,26.62,1.33,4.54,13.89
Lucknow,2018-09-11,101.0,Moderate,38.68,105.95,25.81,1.58,4.62,17.87
Lucknow,2018-09-12,96.0,Satisfactory,38.51,105.95,27.41,1.34,3.94,23.28
Lucknow,2018-09-13,76.0,Satisfactory,39.92,105.95,25.74,0.72,3.62,17.88
Lucknow,2018-09-14,84.0,Satisfactory,46.81,105.95,23.43,0.68,4.18,19.32
Lucknow,2018-09-15,100.0,Satisfactory,55.15,105.95,23.31,0.76,3.95,20.7
Lucknow,2018-09-16,103.0,Moderate,57.48,105.95,24.46,0.73,3.82,21.74
Lucknow,2018-09-17,130.0,Moderate,68.6,105.95,20.97,0.91,4.08,19.98
Lucknow,2018-09-18,123.0,Moderate,73.05,105.95,21.56,0.89,5.05,24.56
Lucknow,2018-09-19,172.0,Moderate,77.9,105.95,27.9,1.08,4.77,20.78
Lucknow,2018-09-20,173.0,Moderate,87.71,105.95,29.55,1.17,4.36,23.37
Lucknow,2018-09-21,116.0,Moderate,24.6,105.95,17.07,0.82,3.75,15.11
Lucknow,2018-09-22,64.0,Satisfactory,29.47,105.95,18.33,0.87,3.39,14.26
Lucknow,2018-09-23,82.0,Satisfactory,55.13,105.95,21.84,1.11,3.36,20.64
Lucknow,2018-09-24,124.0,Moderate,57.32,105.95,27.21,1.1,4.44,19.56
Lucknow,2018-09-25,109.0,Moderate,39.53,105.95,23.78,0.99,5.61,14.19
Lucknow,2018-09-26,93.0,Satisfactory,41.87,105.95,21.35,1.1,4.0,21.61
Lucknow,2018-09-27,102.0,Moderate,59.19,105.95,27.66,1.06,4.47,23.42
Lucknow,2018-09-28,132.0,Moderate,76.75,105.95,29.35,1.09,4.75,27.33
Lucknow,2018-09-29,224.0,Poor,106.14,105.95,34.36,1.14,4.61,27.64
Lucknow,2018-09-30,177.0,Moderate,81.75,105.95,30.08,0.85,5.15,30.17
Lucknow,2018-10-01,200.0,Moderate,88.36,105.95,30.43,0.97,5.46,38.74
Lucknow,2018-10-02,191.0,Moderate,95.24,105.95,33.28,1.0,4.94,36.84
Lucknow,2018-10-03,228.0,Poor,104.4,105.95,35.35,1.17,4.99,35.07
Lucknow,2018-10-04,249.0,Poor,116.81,105.95,43.65,1.42,4.93,17.01
Lucknow,2018-10-05,226.0,Poor,97.28,105.95,40.02,1.04,5.1,20.68
Lucknow,2018-10-06,251.0,Poor,123.5,105.95,45.87,1.11,6.17,29.63
Lucknow,2018-10-07,270.0,Poor,133.77,105.95,42.11,0.95,5.93,29.79
Lucknow,2018-10-08,272.0,Poor,106.14,105.95,48.29,1.16,6.38,30.61
Lucknow,2018-10-09,235.0,Poor,89.92,105.95,40.53,1.04,6.41,37.14
Lucknow,2018-10-10,233.0,Poor,124.48,105.95,34.22,0.86,6.66,33.67
Lucknow,2018-10-11,262.0,Poor,114.24,105.95,31.93,0.85,7.08,33.75
Lucknow,2018-10-12,175.0,Moderate,75.05,105.95,33.9,1.16,6.55,19.54
Lucknow,2018-10-13,109.0,Moderate,65.19,105.95,31.11,0.87,6.39,28.03
Lucknow,2018-10-14,170.0,Moderate,87.21,105.95,35.56,0.94,5.69,43.29
Lucknow,2018-10-15,218.0,Poor,105.49,105.95,44.6,1.1,6.72,41.59
Lucknow,2018-10-16,292.0,Poor,121.24,105.95,50.16,1.26,7.0,32.5
Lucknow,2018-10-17,306.0,Very Poor,128.3,105.95,46.95,1.57,8.04,41.64
Lucknow,2018-10-18,296.0,Poor,125.01,105.95,49.83,1.58,6.08,37.67
Lucknow,2018-10-19,294.0,Poor,123.98,105.95,51.55,1.31,4.73,28.91
Lucknow,2018-10-20,246.0,Poor,112.69,105.95,47.79,1.28,5.45,31.21
Lucknow,2018-10-21,268.0,Poor,116.62,105.95,54.88,1.3,5.22,30.31
Lucknow,2018-10-22,275.0,Poor,123.77,105.95,41.35,1.19,6.6,31.92
Lucknow,2018-10-23,273.0,Poor,129.95,105.95,53.21,1.15,10.34,30.71
Lucknow,2018-10-24,313.0,Very Poor,166.67,105.95,58.31,1.43,9.36,31.61
Lucknow,2018-10-25,355.0,Very Poor,189.48,105.95,90.95,2.2,8.1,21.2
Lucknow,2018-10-26,342.0,Very Poor,168.41,105.95,75.24,1.5,8.52,25.6
Lucknow,2018-10-27,338.0,Very Poor,174.27,105.95,76.26,1.79,10.29,26.93
Lucknow,2018-10-28,344.0,Very Poor,163.73,105.95,62.28,1.87,7.41,23.82
Lucknow,2018-10-29,329.0,Very Poor,165.78,105.95,67.07,1.83,7.13,20.51
Lucknow,2018-10-30,332.0,Very Poor,147.83,105.95,78.79,1.63,8.71,24.58
Lucknow,2018-10-31,311.0,Very Poor,138.52,105.95,68.95,1.3,9.8,24.6
Lucknow,2018-11-01,307.0,Very Poor,146.28,105.95,70.3,1.55,10.77,28.62
Lucknow,2018-11-02,340.0,Very Poor,186.57,105.95,82.88,2.31,11.77,30.11
Lucknow,2018-11-03,344.0,Very Poor,165.8,105.95,76.48,1.72,7.61,32.63
Lucknow,2018-11-04,321.0,Very Poor,139.28,105.95,50.08,1.2,5.09,48.28
Lucknow,2018-11-05,292.0,Poor,113.48,105.95,39.64,1.19,6.89,47.1
Lucknow,2018-11-06,326.0,Very Poor,185.64,105.95,40.27,1.32,6.35,54.67
Lucknow,2018-11-07,332.0,Very Poor,218.8,105.95,55.44,1.69,13.34,51.55
Lucknow,2018-11-08,485.0,Severe,400.97,105.95,54.59,2.0,16.73,39.74
Lucknow,2018-11-09,430.0,Severe,254.56,105.95,52.55,1.96,10.04,46.86
Lucknow,2018-11-10,412.0,Severe,242.63,105.95,59.83,2.13,10.69,40.94
Lucknow,2018-11-11,367.0,Very Poor,198.19,105.95,62.06,1.8,8.22,40.5
Lucknow,2018-11-12,355.0,Very Poor,214.85,105.95,69.47,2.01,9.17,38.12
Lucknow,2018-11-13,394.0,Very Poor,233.96,105.95,83.09,1.84,10.35,36.14
Lucknow,2018-11-14,367.0,Very Poor,185.54,105.95,59.14,1.88,8.48,33.35
Lucknow,2018-11-15,342.0,Very Poor,159.24,105.95,50.62,2.16,8.04,32.19
Lucknow,2018-11-16,282.0,Poor,110.37,105.95,30.61,1.98,7.51,42.7
Lucknow,2018-11-17,274.0,Poor,155.14,105.95,41.79,2.74,9.33,47.15
Lucknow,2018-11-18,345.0,Very Poor,212.78,105.95,66.97,2.84,11.68,41.96
Lucknow,2018-11-19,371.0,Very Poor,203.65,105.95,87.45,2.98,9.93,36.48
Lucknow,2018-11-20,378.0,Very Poor,242.99,105.95,84.92,2.77,10.39,33.63
Lucknow,2018-11-21,392.0,Very Poor,218.3,105.95,66.59,2.44,9.37,30.57
Lucknow,2018-11-22,341.0,Very Poor,162.5,105.95,65.27,1.95,9.07,26.57
Lucknow,2018-11-23,323.0,Very Poor,142.38,105.95,63.59,1.96,8.49,39.37
Lucknow,2018-11-24,308.0,Very Poor,135.5,105.95,61.83,1.8,9.05,33.89
Lucknow,2018-11-25,294.0,Poor,153.5,105.95,59.19,1.5,9.07,26.0
Lucknow,2018-11-26,366.0,Very Poor,229.22,105.95,73.13,2.51,10.05,19.52
Lucknow,2018-11-27,400.0,Very Poor,255.17,105.95,83.37,2.58,10.39,19.57
Lucknow,2018-11-28,387.0,Very Poor,194.98,105.95,72.25,2.03,10.0,13.86
Lucknow,2018-11-29,326.0,Very Poor,165.85,105.95,57.9,2.05,7.94,16.44
Lucknow,2018-11-30,347.0,Very Poor,199.95,105.95,55.45,2.01,7.15,29.72
Lucknow,2018-12-01,361.0,Very Poor,181.48,105.95,57.18,2.03,7.82,25.7
Lucknow,2018-12-02,354.0,Very Poor,188.15,105.95,74.59,2.18,8.52,21.72
Lucknow,2018-12-03,327.0,Very Poor,163.02,105.95,60.3,2.03,7.83,27.87
Lucknow,2018-12-04,361.0,Very Poor,224.13,105.95,72.27,2.21,8.77,22.96
Lucknow,2018-12-05,373.0,Very Poor,215.02,105.95,56.12,1.97,7.25,28.35
Lucknow,2018-12-06,381.0,Very Poor,217.33,105.95,65.41,2.09,7.77,28.7
Lucknow,2018-12-07,362.0,Very Poor,190.39,105.95,55.29,2.02,7.53,27.51
Lucknow,2018-12-08,353.0,Very Poor,187.66,105.95,64.2,1.83,6.67,25.08
Lucknow,2018-12-09,353.0,Very Poor,191.1,105.95,62.52,2.25,6.98,24.21
Lucknow,2018-12-10,394.0,Very Poor,269.3,105.95,80.22,3.06,9.42,20.17
Lucknow,2018-12-11,381.0,Very Poor,194.03,105.95,71.15,2.27,7.83,21.5
Lucknow,2018-12-12,362.0,Very Poor,191.15,105.95,67.55,2.13,6.82,17.88
Lucknow,2018-12-13,333.0,Very Poor,147.38,105.95,49.54,1.68,6.97,19.2
Lucknow,2018-12-14,269.0,Poor,104.92,105.95,38.27,1.69,7.06,20.41
Lucknow,2018-12-15,235.0,Poor,103.65,105.95,39.05,1.74,6.9,22.84
Lucknow,2018-12-16,252.0,Poor,127.74,105.95,49.22,2.21,7.59,23.53
Lucknow,2018-12-17,317.0,Very Poor,157.84,105.95,56.53,2.33,7.67,24.04
Lucknow,2018-12-18,330.0,Very Poor,145.81,105.95,50.78,2.03,7.36,23.91
Lucknow,2018-12-19,310.0,Very Poor,157.54,105.95,50.68,2.0,7.75,32.04
Lucknow,2018-12-20,349.0,Very Poor,185.2,105.95,53.32,1.74,7.28,28.53
Lucknow,2018-12-21,343.0,Very Poor,180.46,105.95,53.25,0.99,8.74,32.96
Lucknow,2018-12-22,363.0,Very Poor,236.91,105.95,70.06,1.76,9.91,28.51
Lucknow,2018-12-23,414.0,Severe,232.81,105.95,56.29,1.25,8.32,26.44
Lucknow,2018-12-24,345.0,Very Poor,166.0,105.95,53.54,1.13,7.96,33.07
Lucknow,2018-12-25,338.0,Very Poor,165.37,105.95,44.5,1.05,10.46,38.3
Lucknow,2018-12-26,346.0,Very Poor,178.64,105.95,49.62,1.06,9.22,33.34
Lucknow,2018-12-27,324.0,Very Poor,159.21,105.95,46.26,0.87,10.99,28.24
Lucknow,2018-12-28,325.0,Very Poor,153.63,105.95,35.07,0.72,8.72,29.98
Lucknow,2018-12-29,339.0,Very Poor,200.84,105.95,45.98,0.81,13.86,36.71
Lucknow,2018-12-30,388.0,Very Poor,258.08,105.95,60.69,0.95,14.27,32.4
Lucknow,2018-12-31,403.0,Severe,248.51,105.95,61.89,1.01,14.7,31.43
Lucknow,2019-01-01,413.0,Severe,272.75,105.95,62.96,1.03,15.52,29.14
Lucknow,2019-01-02,457.0,Severe,342.7,105.95,78.56,1.26,16.56,23.3
Lucknow,2019-01-03,410.0,Severe,218.08,105.95,58.14,0.99,9.0,24.84
Lucknow,2019-01-04,374.0,Very Poor,205.72,105.95,48.86,1.05,8.46,26.35
Lucknow,2019-01-05,390.0,Very Poor,256.56,105.95,64.58,1.12,9.5,21.6
Lucknow,2019-01-06,383.0,Very Poor,185.35,105.95,38.08,0.89,6.86,27.44
Lucknow,2019-01-07,246.0,Poor,91.92,105.95,34.94,1.06,7.8,21.14
Lucknow,2019-01-08,239.0,Poor,100.13,105.95,35.23,0.91,5.87,25.19
Lucknow,2019-01-09,239.0,Poor,113.44,105.95,35.21,0.92,6.76,30.25
Lucknow,2019-01-10,270.0,Poor,123.15,105.95,45.12,1.1,8.18,35.39
Lucknow,2019-01-11,339.0,Very Poor,189.97,105.95,67.86,1.16,8.36,17.19
Lucknow,2019-01-12,346.0,Very Poor,196.35,105.95,64.1,1.27,14.64,21.35
Lucknow,2019-01-13,396.0,Very Poor,247.31,105.95,57.64,0.95,11.44,21.44
Lucknow,2019-01-14,347.0,Very Poor,123.74,105.95,29.47,0.8,6.75,21.1
Lucknow,2019-01-15,184.0,Moderate,93.46,105.95,36.8,0.85,8.14,23.64
Lucknow,2019-01-16,305.0,Very Poor,201.61,105.95,59.97,1.1,9.01,25.62
Lucknow,2019-01-17,415.0,Severe,266.0,105.95,48.05,0.96,8.31,21.83
Lucknow,2019-01-18,363.0,Very Poor,166.95,105.95,43.9,1.04,6.77,28.03
Lucknow,2019-01-19,310.0,Very Poor,146.52,105.95,47.99,1.2,8.94,30.68
Lucknow,2019-01-20,337.0,Very Poor,200.11,105.95,57.68,1.41,10.39,31.84
Lucknow,2019-01-21,391.0,Very Poor,221.07,105.95,53.49,1.44,8.37,30.66
Lucknow,2019-01-22,350.0,Very Poor,199.91,105.95,36.59,1.17,8.31,40.16
Lucknow,2019-01-23,331.0,Very Poor,107.47,105.95,33.59,1.19,8.18,24.96
Lucknow,2019-01-24,218.0,Poor,117.88,105.95,42.98,1.45,9.77,19.5
Lucknow,2019-01-25,341.0,Very Poor,176.21,105.95,38.96,1.49,9.04,11.27
Lucknow,2019-01-26,208.0,Poor,58.65,105.95,22.82,1.14,6.41,15.62
Lucknow,2019-01-27,142.0,Moderate,74.33,105.95,25.51,1.03,5.81,24.53
Lucknow,2019-01-28,204.0,Poor,98.43,105.95,28.08,1.0,7.05,27.44
Lucknow,2019-01-29,214.0,Poor,103.41,105.95,28.06,1.05,7.75,30.81
Lucknow,2019-01-30,285.0,Poor,130.59,105.95,39.6,0.96,8.53,24.29
Lucknow,2019-01-31,334.0,Very Poor,173.26,105.95,60.3,1.14,9.86,15.54
Lucknow,2019-02-01,329.0,Very Poor,170.24,105.95,57.06,1.29,9.8,18.87
Lucknow,2019-02-02,316.0,Very Poor,165.91,105.95,46.98,0.97,9.25,22.52
Lucknow,2019-02-03,354.0,Very Poor,181.48,105.95,33.37,0.84,6.58,19.59
Lucknow,2019-02-04,283.0,Poor,133.58,105.95,36.58,1.13,6.89,19.64
Lucknow,2019-02-05,280.0,Poor,173.33,105.95,57.52,1.25,8.62,19.34
Lucknow,2019-02-06,374.0,Very Poor,204.17,105.95,59.33,1.95,10.4,8.89
Lucknow,2019-02-07,274.0,Poor,70.36,105.95,33.02,1.01,7.33,14.14
Lucknow,2019-02-08,132.0,Moderate,87.57,105.95,39.51,1.16,7.85,15.71
Lucknow,2019-02-09,204.0,Poor,81.51,105.95,27.17,0.75,6.73,26.11
Lucknow,2019-02-10,175.0,Moderate,70.83,105.95,29.99,0.82,6.83,28.68
Lucknow,2019-02-11,189.0,Moderate,101.7,105.95,44.08,0.98,8.57,29.79
Lucknow,2019-02-12,253.0,Poor,129.67,105.95,60.47,1.38,10.07,25.59
Lucknow,2019-02-13,311.0,Very Poor,171.14,105.95,57.48,1.58,9.9,22.79
Lucknow,2019-02-14,367.0,Very Poor,206.21,105.95,51.57,1.62,9.37,19.44
Lucknow,2019-02-15,304.0,Very Poor,111.88,105.95,32.71,0.84,6.82,22.07
Lucknow,2019-02-16,170.0,Moderate,66.67,105.95,26.45,0.77,6.41,24.59
Lucknow,2019-02-17,166.0,Moderate,85.17,105.95,21.48,0.74,5.16,24.89
Lucknow,2019-02-18,161.0,Moderate,82.72,105.95,35.84,0.96,6.77,25.9
Lucknow,2019-02-19,228.0,Poor,119.84,105.95,45.19,1.28,7.62,25.7
Lucknow,2019-02-20,330.0,Very Poor,168.15,105.95,50.2,1.24,7.43,23.11
Lucknow,2019-02-21,271.0,Poor,102.76,105.95,51.08,1.16,8.61,20.83
Lucknow,2019-02-22,258.0,Poor,135.37,105.95,38.45,1.07,7.48,27.55
Lucknow,2019-02-23,198.0,Moderate,71.89,105.95,22.49,0.7,5.74,35.48
Lucknow,2019-02-24,139.0,Moderate,71.83,105.95,40.99,0.79,7.03,33.63
Lucknow,2019-02-25,183.0,Moderate,103.62,105.95,67.36,1.19,7.92,29.92
Lucknow,2019-02-26,239.0,Poor,105.19,105.95,54.95,1.33,7.86,34.13
Lucknow,2019-02-27,196.0,Moderate,56.13,105.95,29.85,1.68,7.53,30.93
Lucknow,2019-02-28,122.0,Moderate,41.13,105.95,25.1,1.56,5.77,32.48
Lucknow,2019-03-01,136.0,Moderate,80.97,105.95,41.59,1.51,6.55,31.31
Lucknow,2019-03-02,274.0,Poor,150.97,105.95,58.75,1.6,9.54,29.87
Lucknow,2019-03-03,319.0,Very Poor,142.49,105.95,31.52,1.51,8.29,24.5
Lucknow,2019-03-04,230.0,Poor,95.72,105.95,25.97,1.32,8.17,22.58
Lucknow,2019-03-05,228.0,Poor,94.8,105.95,30.31,1.1,9.53,27.63
Lucknow,2019-03-06,173.0,Moderate,85.41,105.95,31.28,1.05,11.23,34.01
Lucknow,2019-03-07,220.0,Poor,107.74,105.95,34.56,1.29,8.87,35.45
Lucknow,2019-03-08,288.0,Poor,134.05,105.95,40.62,1.2,9.7,28.26
Lucknow,2019-03-09,234.0,Poor,95.73,105.95,39.4,1.01,10.92,24.54
Lucknow,2019-03-10,198.0,Moderate,87.66,105.95,39.07,1.05,10.5,28.93
Lucknow,2019-03-11,222.0,Poor,114.03,105.95,51.18,1.59,11.57,33.53
Lucknow,2019-03-12,279.0,Poor,119.49,105.95,50.69,1.25,12.22,37.18
Lucknow,2019-03-13,207.0,Poor,95.71,105.95,48.46,1.14,12.57,37.47
Lucknow,2019-03-14,218.0,Poor,111.27,105.95,44.45,1.63,11.09,33.1
Lucknow,2019-03-15,212.0,Poor,77.39,105.95,38.8,1.0,9.74,39.39
Lucknow,2019-03-16,130.0,Moderate,61.98,105.95,37.47,0.95,9.37,38.74
Lucknow,2019-03-17,149.0,Moderate,83.08,105.95,29.17,1.14,11.81,43.96
Lucknow,2019-03-18,237.0,Poor,107.51,105.95,29.06,1.19,11.73,44.76
Lucknow,2019-03-19,212.0,Poor,99.81,105.95,31.67,1.29,11.56,44.18
Lucknow,2019-03-20,254.0,Poor,110.71,105.95,49.06,2.04,10.38,40.83
Lucknow,2019-03-21,270.0,Poor,114.58,105.95,34.14,1.51,8.01,44.33
Lucknow,2019-03-22,139.0,Moderate,59.16,105.95,21.08,1.22,7.39,47.14
Lucknow,2019-03-23,110.0,Moderate,58.24,105.95,16.2,1.01,7.65,52.6
Lucknow,2019-03-24,134.0,Moderate,66.42,105.95,26.21,1.15,8.7,37.14
Lucknow,2019-03-25,190.0,Moderate,97.85,105.95,46.89,1.76,9.21,30.84
Lucknow,2019-03-26,217.0,Poor,77.36,105.95,39.58,1.12,8.7,29.4
Lucknow,2019-03-27,172.0,Moderate,84.31,105.95,32.99,1.28,9.23,36.16
Lucknow,2019-03-28,215.0,Poor,109.08,105.95,54.82,1.37,10.35,34.49
Lucknow,2019-03-29,304.0,Very Poor,159.65,105.95,90.13,1.83,12.14,33.22
Lucknow,2019-03-30,315.0,Very Poor,142.6,105.95,67.79,1.68,10.69,43.71
Lucknow,2019-03-31,261.0,Poor,86.06,105.95,105.89,1.29,8.89,35.92
Lucknow,2019-04-01,137.0,Moderate,62.23,105.95,98.09,1.17,10.1,39.72
Lucknow,2019-04-02,204.0,Poor,107.33,105.95,106.43,1.5,9.21,38.18
Lucknow,2019-04-03,291.0,Poor,136.13,105.95,55.58,1.97,10.67,44.11
Lucknow,2019-04-04,336.0,Very Poor,175.0,105.95,55.78,2.07,7.76,40.34
Lucknow,2019-04-05,315.0,Very Poor,132.84,105.95,35.22,1.68,7.29,42.04
Lucknow,2019-04-06,232.0,Poor,109.96,105.95,31.29,1.6,8.04,33.79
Lucknow,2019-04-07,195.0,Moderate,72.32,105.95,30.7,1.3,6.75,32.68
Lucknow,2019-04-08,153.0,Moderate,62.99,105.95,38.28,1.53,6.6,40.69
Lucknow,2019-04-09,155.0,Moderate,75.07,105.95,43.93,1.61,6.91,53.66
Lucknow,2019-04-10,197.0,Moderate,84.56,105.95,39.37,1.65,6.81,53.46
Lucknow,2019-04-11,197.0,Moderate,99.92,105.95,41.73,1.36,7.25,48.94
Lucknow,2019-04-12,278.0,Poor,129.92,105.95,37.55,1.87,8.25,34.46
Lucknow,2019-04-13,253.0,Poor,96.67,105.95,43.17,1.14,7.44,37.47
Lucknow,2019-04-14,169.0,Moderate,74.99,105.95,28.8,1.09,7.58,41.94
Lucknow,2019-04-15,150.0,Moderate,70.01,105.95,33.33,1.14,7.29,38.41
Lucknow,2019-04-16,171.0,Moderate,82.71,105.95,26.79,1.1,5.86,27.93
Lucknow,2019-04-17,136.0,Moderate,46.96,105.95,30.69,1.16,5.38,29.37
Lucknow,2019-04-18,115.0,Moderate,54.78,105.95,27.78,1.06,5.69,39.08
Lucknow,2019-04-19,95.0,Satisfactory,48.72,105.95,30.36,1.05,6.65,43.57
Lucknow,2019-04-20,132.0,Moderate,79.74,105.95,29.53,1.28,8.06,47.16
Lucknow,2019-04-21,230.0,Poor,107.92,105.95,36.21,1.48,7.82,46.26
Lucknow,2019-04-22,258.0,Poor,140.88,105.95,49.29,1.62,9.92,46.37
Lucknow,2019-04-23,314.0,Very Poor,123.56,105.95,35.22,1.24,8.04,42.78
Lucknow,2019-04-24,223.0,Poor,86.39,105.95,36.59,1.24,7.71,46.65
Lucknow,2019-04-25,218.0,Poor,121.98,105.95,38.49,1.54,10.23,47.59
Lucknow,2019-04-26,298.0,Poor,126.11,105.95,38.0,1.45,10.62,37.25
Lucknow,2019-04-27,222.0,Poor,148.62,105.95,22.33,0.88,8.43,39.02
Lucknow,2019-04-28,283.0,Poor,145.0,105.95,21.97,0.96,8.2,38.15
Lucknow,2019-04-29,287.0,Poor,138.55,105.95,30.78,1.33,8.28,37.53
Lucknow,2019-04-30,287.0,Poor,151.26,105.95,50.61,1.7,11.83,44.06
Lucknow,2019-05-01,322.0,Very Poor,167.31,105.95,38.12,1.63,9.23,33.47
Lucknow,2019-05-02,277.0,Poor,93.19,105.95,29.42,1.31,7.74,34.24
Lucknow,2019-05-03,151.0,Moderate,64.16,105.95,27.25,1.09,7.64,30.11
Lucknow,2019-05-04,141.0,Moderate,61.07,105.95,27.6,1.25,7.49,31.6
Lucknow,2019-05-05,124.0,Moderate,57.79,105.95,27.59,1.1,6.78,51.09
Lucknow,2019-05-06,112.0,Moderate,49.24,105.95,20.81,1.04,5.58,60.4
Lucknow,2019-05-07,121.0,Moderate,67.74,105.95,32.39,1.3,6.84,50.92
Lucknow,2019-05-08,183.0,Moderate,85.04,105.95,33.07,1.12,7.45,45.54
Lucknow,2019-05-09,197.0,Moderate,97.59,105.95,25.31,1.03,7.29,47.37
Lucknow,2019-05-10,219.0,Poor,91.98,105.95,25.98,1.15,7.77,39.75
Lucknow,2019-05-11,210.0,Poor,82.16,105.95,32.83,1.61,9.18,31.5
Lucknow,2019-05-12,164.0,Moderate,78.3,105.95,23.23,1.4,6.72,47.31
Lucknow,2019-05-13,183.0,Moderate,72.91,105.95,24.94,1.24,5.09,37.99
Lucknow,2019-05-14,178.0,Moderate,71.58,105.95,19.31,1.27,6.31,43.47
Lucknow,2019-05-15,198.0,Moderate,85.72,105.95,22.09,1.5,6.83,45.17
Lucknow,2019-05-16,223.0,Poor,86.79,105.95,18.63,1.26,6.56,42.82
Lucknow,2019-05-17,192.0,Moderate,84.52,105.95,19.65,1.11,6.59,37.23
Lucknow,2019-05-18,167.0,Moderate,63.96,105.95,16.72,1.06,5.52,27.47
Lucknow,2019-05-19,144.0,Moderate,82.43,105.95,15.15,1.15,5.62,39.72
Lucknow,2019-05-20,196.0,Moderate,86.76,105.95,18.12,1.38,6.45,44.33
Lucknow,2019-05-21,189.0,Moderate,84.27,105.95,20.14,1.42,7.8,44.1
Lucknow,2019-05-22,203.0,Poor,90.35,105.95,22.26,1.47,8.52,38.63
Lucknow,2019-05-23,189.0,Moderate,73.06,105.95,29.43,1.32,7.02,35.97
Lucknow,2019-05-24,150.0,Moderate,70.32,105.95,27.1,1.15,4.63,31.33
Lucknow,2019-05-25,142.0,Moderate,63.6,105.95,26.3,1.38,4.58,35.36
Lucknow,2019-05-26,125.0,Moderate,63.22,105.95,26.49,1.26,4.92,40.74
Lucknow,2019-05-27,160.0,Moderate,83.69,105.95,27.86,1.49,5.65,38.31
Lucknow,2019-05-28,211.0,Poor,86.09,105.95,26.58,1.67,6.61,40.29
Lucknow,2019-05-29,175.0,Moderate,86.52,105.95,28.12,1.2,6.92,43.66
Lucknow,2019-05-30,231.0,Poor,111.94,105.95,26.13,1.24,5.95,40.37
Lucknow,2019-05-31,230.0,Poor,92.22,105.95,23.99,0.92,4.23,50.75
Lucknow,2019-06-01,167.0,Moderate,68.09,105.95,22.19,0.88,4.81,49.58
Lucknow,2019-06-02,176.0,Moderate,96.37,105.95,21.19,1.12,4.68,51.18
Lucknow,2019-06-03,184.0,Moderate,76.36,105.95,20.99,1.04,4.73,51.5
Lucknow,2019-06-04,174.0,Moderate,95.09,105.95,22.47,0.91,5.59,50.36
Lucknow,2019-06-05,195.0,Moderate,84.49,105.95,21.32,0.9,6.67,52.26
Lucknow,2019-06-06,205.0,Poor,102.45,105.95,20.87,0.9,5.1,50.88
Lucknow,2019-06-07,145.0,Moderate,47.49,105.95,21.55,0.77,4.45,46.9
Lucknow,2019-06-08,104.0,Moderate,61.01,105.95,22.05,0.97,6.32,52.49
Lucknow,2019-06-09,151.0,Moderate,82.55,105.95,22.69,0.97,5.03,56.29
Lucknow,2019-06-10,183.0,Moderate,84.51,105.95,21.84,1.0,8.71,50.92
Lucknow,2019-06-11,173.0,Moderate,72.91,105.95,20.28,0.71,8.01,49.19
Lucknow,2019-06-12,144.0,Moderate,59.04,105.95,20.82,0.93,4.6,40.71
Lucknow,2019-06-13,162.0,Moderate,94.34,105.95,21.79,0.9,4.33,39.25
Lucknow,2019-06-14,202.0,Poor,75.84,105.95,20.54,0.93,3.64,34.76
Lucknow,2019-06-15,225.0,Poor,115.06,105.95,23.81,0.84,6.06,50.72
Lucknow,2019-06-16,199.0,Moderate,66.13,105.95,21.13,0.74,3.43,34.18
Lucknow,2019-06-17,113.0,Moderate,58.23,105.95,18.65,0.84,3.93,26.62
Lucknow,2019-06-18,114.0,Moderate,66.8,105.95,26.68,1.04,4.55,43.19
Lucknow,2019-06-19,160.0,Moderate,78.08,105.95,23.5,1.26,5.82,42.75
Lucknow,2019-06-20,138.0,Moderate,60.93,105.95,22.01,1.18,6.34,47.38
Lucknow,2019-06-21,164.0,Moderate,81.44,105.95,24.04,1.43,5.06,49.3
Lucknow,2019-06-22,207.0,Poor,82.08,105.95,25.72,1.04,4.48,35.87
Lucknow,2019-06-23,112.0,Moderate,41.2,105.95,26.77,1.02,3.06,31.48
Lucknow,2019-06-24,115.0,Moderate,71.26,105.95,31.43,1.15,4.71,43.74
Lucknow,2019-06-25,151.0,Moderate,63.03,105.95,27.36,1.26,5.08,34.39
Lucknow,2019-06-26,143.0,Moderate,73.65,105.95,33.25,1.14,4.55,31.31
Lucknow,2019-06-27,161.0,Moderate,79.54,105.95,30.24,1.06,5.11,42.03
Lucknow,2019-06-28,199.0,Moderate,91.73,105.95,26.47,1.07,4.28,64.68
Lucknow,2019-06-29,226.0,Poor,108.96,105.95,26.17,1.23,4.7,33.39
Lucknow,2019-06-30,239.0,Poor,87.76,105.95,21.59,1.17,4.72,42.98
Lucknow,2019-07-01,124.0,Moderate,67.45,105.95,20.34,1.1,4.37,39.57
Lucknow,2019-07-02,172.0,Moderate,75.85,105.95,20.45,1.24,4.37,25.61
Lucknow,2019-07-03,104.0,Moderate,32.12,105.95,20.67,1.08,5.13,21.47
Lucknow,2019-07-04,94.0,Satisfactory,42.34,105.95,22.68,1.04,5.67,24.11
Lucknow,2019-07-05,98.0,Satisfactory,50.97,105.95,28.71,1.57,7.37,26.49
Lucknow,2019-07-06,105.0,Moderate,31.56,105.95,28.67,1.23,5.74,40.07
Lucknow,2019-07-07,107.0,Moderate,20.26,105.95,28.66,1.35,4.67,14.2
Lucknow,2019-07-08,104.0,Moderate,27.27,105.95,26.64,1.38,4.46,31.5
Lucknow,2019-07-09,80.0,Satisfactory,23.2,105.95,26.16,1.14,3.96,11.11
Lucknow,2019-07-10,90.0,Satisfactory,35.86,105.95,25.66,1.26,4.57,14.5
Lucknow,2019-07-11,92.0,Satisfactory,41.57,105.95,27.09,1.06,3.03,15.33
Lucknow,2019-07-12,91.0,Satisfactory,47.8,105.95,28.82,1.22,3.82,20.69
Lucknow,2019-07-13,95.0,Satisfactory,51.37,105.95,22.37,1.28,5.73,22.49
Lucknow,2019-07-14,84.0,Satisfactory,54.98,105.95,22.05,1.11,5.81,17.6
Lucknow,2019-07-15,114.0,Moderate,55.45,105.95,23.03,1.37,5.98,31.84
Lucknow,2019-07-16,78.0,Satisfactory,37.99,105.95,24.0,1.05,6.3,24.56
Lucknow,2019-07-17,102.0,Moderate,46.6,105.95,23.89,0.89,4.97,24.45
Lucknow,2019-07-18,88.0,Satisfactory,45.67,105.95,25.97,0.88,5.03,28.11
Lucknow,2019-07-19,103.0,Moderate,60.65,105.95,24.98,1.0,6.51,23.27
Lucknow,2019-07-20,112.0,Moderate,52.96,105.95,24.47,0.82,6.48,36.02
Lucknow,2019-07-21,86.0,Satisfactory,39.05,105.95,23.01,0.79,14.1,28.19
Lucknow,2019-07-22,81.0,Satisfactory,40.14,105.95,22.39,1.0,14.27,36.33
Lucknow,2019-07-23,86.0,Satisfactory,44.28,105.95,21.66,0.93,8.93,31.33
Lucknow,2019-07-24,78.0,Satisfactory,23.53,105.95,23.2,0.92,3.98,33.65
Lucknow,2019-07-25,72.0,Satisfactory,19.09,105.95,22.15,0.89,4.12,33.36
Lucknow,2019-07-26,79.0,Satisfactory,22.01,105.95,19.05,0.83,5.05,37.51
Lucknow,2019-07-27,67.0,Satisfactory,25.45,105.95,19.92,0.8,4.68,31.56
Lucknow,2019-07-28,95.0,Satisfactory,36.63,105.95,17.69,1.12,5.19,20.97
Lucknow,2019-07-29,80.0,Satisfactory,20.89,105.95,17.66,0.96,5.06,19.34
Lucknow,2019-07-30,75.0,Satisfactory,24.05,105.95,19.71,1.05,4.65,28.68
Lucknow,2019-07-31,91.0,Satisfactory,30.74,105.95,17.66,1.31,4.01,32.6
Lucknow,2019-08-01,91.0,Satisfactory,46.89,105.95,20.03,1.16,4.28,22.55
Lucknow,2019-08-02,145.0,Moderate,75.32,105.95,19.13,1.13,5.88,34.08
Lucknow,2019-08-03,108.0,Moderate,41.9,105.95,18.09,1.06,5.57,31.81
Lucknow,2019-08-04,108.0,Moderate,36.86,105.95,19.88,1.13,5.46,43.73
Lucknow,2019-08-05,103.0,Moderate,38.05,105.95,21.92,1.36,5.58,37.16
Lucknow,2019-08-06,86.0,Satisfactory,25.74,105.95,17.34,1.21,5.39,24.45
Lucknow,2019-08-07,98.0,Satisfactory,26.5,105.95,17.16,1.62,6.02,25.04
Lucknow,2019-08-08,107.0,Moderate,27.16,105.95,21.18,1.59,5.44,25.33
Lucknow,2019-08-09,94.0,Satisfactory,26.69,105.95,17.36,1.4,4.82,27.54
Lucknow,2019-08-10,92.0,Satisfactory,33.83,105.95,18.28,1.8,5.09,24.37
Lucknow,2019-08-11,100.0,Satisfactory,36.43,105.95,19.76,1.78,4.27,19.8
Lucknow,2019-08-12,103.0,Moderate,27.48,105.95,21.88,2.37,4.29,23.17
Lucknow,2019-08-13,116.0,Moderate,26.94,105.95,20.51,2.77,3.85,24.96
Lucknow,2019-08-14,105.0,Moderate,27.9,105.95,19.63,2.01,4.18,24.87
Lucknow,2019-08-15,83.0,Satisfactory,27.22,105.95,19.13,1.08,3.71,33.65
Lucknow,2019-08-16,81.0,Satisfactory,17.57,105.95,19.0,1.29,4.16,20.28
Lucknow,2019-08-17,60.0,Satisfactory,21.25,105.95,18.33,1.1,3.89,20.82
Lucknow,2019-08-18,64.0,Satisfactory,23.98,105.95,21.17,1.0,3.62,20.15
Lucknow,2019-08-19,69.0,Satisfactory,34.31,105.95,22.21,1.07,4.15,21.69
Lucknow,2019-08-20,80.0,Satisfactory,33.56,105.95,21.78,1.13,4.33,19.55
Lucknow,2019-08-21,74.0,Satisfactory,32.74,105.95,30.85,1.08,4.27,19.34
Lucknow,2019-08-22,78.0,Satisfactory,28.99,105.95,18.5,1.11,3.64,21.46
Lucknow,2019-08-23,72.0,Satisfactory,32.59,105.95,19.81,1.13,4.61,28.83
Lucknow,2019-08-24,78.0,Satisfactory,28.96,105.95,17.83,0.97,6.26,36.69
Lucknow,2019-08-25,74.0,Satisfactory,24.95,105.95,15.28,0.78,5.98,43.38
Lucknow,2019-08-26,66.0,Satisfactory,29.82,105.95,19.25,0.98,5.85,32.03
Lucknow,2019-08-27,85.0,Satisfactory,36.52,105.95,24.37,1.03,5.08,29.05
Lucknow,2019-08-28,73.0,Satisfactory,34.82,105.95,23.64,0.9,4.89,31.39
Lucknow,2019-08-29,93.0,Satisfactory,34.99,105.95,23.51,1.54,4.56,29.97
Lucknow,2019-08-30,104.0,Moderate,38.3,105.95,21.34,2.29,5.47,26.45
Lucknow,2019-08-31,110.0,Moderate,44.99,105.95,24.77,2.65,6.45,25.16
Lucknow,2019-09-01,103.0,Moderate,46.37,105.95,26.67,2.51,5.01,26.21
Lucknow,2019-09-02,102.0,Moderate,36.07,105.95,21.93,1.91,4.9,24.49
Lucknow,2019-09-03,85.0,Satisfactory,40.88,105.95,19.38,0.97,4.82,23.47
Lucknow,2019-09-04,73.0,Satisfactory,33.81,105.95,20.93,0.93,5.87,24.92
Lucknow,2019-09-05,72.0,Satisfactory,36.0,105.95,18.91,1.01,4.78,30.05
Lucknow,2019-09-06,75.0,Satisfactory,41.64,105.95,17.35,1.09,4.83,29.74
Lucknow,2019-09-07,73.0,Satisfactory,28.29,105.95,18.2,1.08,4.47,25.21
Lucknow,2019-09-08,63.0,Satisfactory,22.19,105.95,18.21,1.1,4.21,25.75
Lucknow,2019-09-09,67.0,Satisfactory,26.93,105.95,18.53,0.96,4.42,26.43
Lucknow,2019-09-10,74.0,Satisfactory,35.24,105.95,18.6,1.02,4.65,35.66
Lucknow,2019-09-11,76.0,Satisfactory,45.2,105.95,17.89,1.03,5.05,34.3
Lucknow,2019-09-12,92.0,Satisfactory,50.13,105.95,17.84,1.03,4.06,31.22
Lucknow,2019-09-13,95.0,Satisfactory,26.46,105.95,18.02,1.08,5.11,22.44
Lucknow,2019-09-14,77.0,Satisfactory,30.97,105.95,17.13,0.97,5.13,30.95
Lucknow,2019-09-15,81.0,Satisfactory,34.33,105.95,16.81,0.79,4.61,29.4
Lucknow,2019-09-16,69.0,Satisfactory,28.45,105.95,18.11,0.91,4.71,24.53
Lucknow,2019-09-17,69.0,Satisfactory,32.1,105.95,17.52,0.92,4.07,26.48
Lucknow,2019-09-18,81.0,Satisfactory,25.43,105.95,19.72,1.09,4.59,32.39
Lucknow,2019-09-19,72.0,Satisfactory,28.32,105.95,20.64,1.07,4.7,24.93
Lucknow,2019-09-20,86.0,Satisfactory,33.75,105.95,22.21,1.01,5.28,19.91
Lucknow,2019-09-21,89.0,Satisfactory,37.33,105.95,22.11,0.95,5.6,20.55
Lucknow,2019-09-22,81.0,Satisfactory,28.43,105.95,21.21,0.97,4.85,23.77
Lucknow,2019-09-23,72.0,Satisfactory,33.05,105.95,21.38,0.93,6.11,23.93
Lucknow,2019-09-24,85.0,Satisfactory,34.53,105.95,22.6,1.03,4.99,22.55
Lucknow,2019-09-25,92.0,Satisfactory,33.36,105.95,20.5,1.09,3.94,25.16
Lucknow,2019-09-26,70.0,Satisfactory,21.75,105.95,18.64,0.91,4.19,26.03
Lucknow,2019-09-27,67.0,Satisfactory,12.76,105.95,18.32,0.97,4.46,22.06
Lucknow,2019-09-28,54.0,Satisfactory,16.17,105.95,16.9,0.84,3.04,23.48
Lucknow,2019-09-29,52.0,Satisfactory,16.06,105.95,16.65,0.67,3.02,23.23
Lucknow,2019-09-30,52.0,Satisfactory,17.44,105.95,21.12,0.78,3.9,19.91
Lucknow,2019-10-01,65.0,Satisfactory,30.24,105.95,23.71,0.97,5.04,19.96
Lucknow,2019-10-02,66.0,Satisfactory,29.31,105.95,22.62,0.81,3.73,23.17
Lucknow,2019-10-03,76.0,Satisfactory,36.25,105.95,21.23,1.12,4.52,22.97
Lucknow,2019-10-04,91.0,Satisfactory,40.55,105.95,21.78,1.35,4.4,21.49
Lucknow,2019-10-05,104.0,Moderate,63.48,105.95,20.84,1.23,3.74,31.16
Lucknow,2019-10-06,126.0,Moderate,64.84,105.95,25.5,1.19,3.93,31.45
Lucknow,2019-10-07,146.0,Moderate,80.3,105.95,29.57,1.18,5.04,29.82
Lucknow,2019-10-08,167.0,Moderate,84.3,105.95,28.62,1.18,5.65,35.11
Lucknow,2019-10-09,197.0,Moderate,89.18,105.95,25.94,1.36,4.46,31.29
Lucknow,2019-10-10,149.0,Moderate,63.28,105.95,30.13,1.38,5.5,30.3
Lucknow,2019-10-11,160.0,Moderate,84.96,105.95,37.12,1.48,6.61,28.13
Lucknow,2019-10-12,162.0,Moderate,70.45,105.95,33.32,1.16,4.46,32.11
Lucknow,2019-10-13,160.0,Moderate,85.66,105.95,34.97,1.08,4.56,43.56
Lucknow,2019-10-14,208.0,Poor,92.1,105.95,35.65,1.1,5.75,35.88
Lucknow,2019-10-15,198.0,Moderate,84.95,105.95,30.27,1.12,4.11,35.32
Lucknow,2019-10-16,198.0,Moderate,88.51,105.95,29.76,1.27,8.83,33.1
Lucknow,2019-10-17,222.0,Poor,100.53,105.95,32.92,1.32,4.86,36.99
Lucknow,2019-10-18,226.0,Poor,97.48,105.95,38.47,1.36,4.22,27.79
Lucknow,2019-10-19,210.0,Poor,100.9,105.95,45.03,1.37,5.17,26.61
Lucknow,2019-10-20,260.0,Poor,132.03,105.95,36.05,1.36,5.37,23.94
Lucknow,2019-10-21,301.0,Very Poor,130.14,105.95,36.43,1.19,4.38,29.96
Lucknow,2019-10-22,288.0,Poor,132.12,105.95,48.15,1.19,6.85,28.34
Lucknow,2019-10-23,280.0,Poor,136.04,105.95,56.8,1.19,6.27,26.49
Lucknow,2019-10-24,293.0,Poor,119.54,105.95,58.47,1.24,5.88,26.03
Lucknow,2019-10-25,235.0,Poor,92.62,105.95,38.17,1.02,6.15,32.01
Lucknow,2019-10-26,180.0,Moderate,74.94,105.95,62.62,1.32,6.64,26.0
Lucknow,2019-10-27,193.0,Moderate,115.56,105.95,64.36,0.99,9.5,26.24
Lucknow,2019-10-28,356.0,Very Poor,212.66,105.95,67.87,1.42,11.27,28.37
Lucknow,2019-10-29,356.0,Very Poor,172.24,105.95,68.2,1.22,9.43,26.64
Lucknow,2019-10-30,330.0,Very Poor,180.88,105.95,61.6,1.28,7.83,24.85
Lucknow,2019-10-31,364.0,Very Poor,226.63,105.95,80.61,1.16,9.22,24.81
Lucknow,2019-11-01,383.0,Very Poor,239.79,105.95,81.36,1.33,11.59,37.76
Lucknow,2019-11-02,428.0,Severe,296.73,105.95,94.87,1.22,13.13,49.12
Lucknow,2019-11-03,431.0,Severe,262.62,105.95,67.88,0.73,9.95,55.48
Lucknow,2019-11-04,453.0,Severe,382.96,105.95,55.83,0.99,7.8,47.57
Lucknow,2019-11-05,455.0,Severe,230.03,105.95,49.05,0.84,8.92,41.37
Lucknow,2019-11-06,353.0,Very Poor,184.59,105.95,57.36,0.93,9.32,24.88
Lucknow,2019-11-07,369.0,Very Poor,221.38,105.95,72.7,1.33,13.16,29.59
Lucknow,2019-11-08,362.0,Very Poor,188.06,105.95,66.58,1.27,14.77,32.97
Lucknow,2019-11-09,332.0,Very Poor,161.6,105.95,60.77,1.18,10.19,31.36
Lucknow,2019-11-10,265.0,Poor,105.68,105.95,44.77,1.53,7.82,26.51
Lucknow,2019-11-11,245.0,Poor,137.17,105.95,39.5,1.63,8.25,39.84
Lucknow,2019-11-12,307.0,Very Poor,180.1,105.95,49.0,1.56,10.11,47.48
Lucknow,2019-11-13,362.0,Very Poor,205.01,105.95,58.81,2.1,13.71,42.41
Lucknow,2019-11-14,357.0,Very Poor,178.75,105.95,66.02,1.31,15.81,54.08
Lucknow,2019-11-15,342.0,Very Poor,160.59,105.95,56.97,1.66,15.97,47.44
Lucknow,2019-11-16,326.0,Very Poor,150.74,105.95,57.04,1.42,14.16,44.06
Lucknow,2019-11-17,289.0,Poor,104.57,105.95,45.35,0.89,9.9,41.61
Lucknow,2019-11-18,187.0,Moderate,90.98,105.95,42.48,1.56,7.92,42.89
Lucknow,2019-11-19,225.0,Poor,110.45,105.95,54.57,1.56,12.68,39.72
Lucknow,2019-11-20,300.0,Poor,160.93,105.95,46.02,1.54,11.39,51.19
Lucknow,2019-11-21,330.0,Very Poor,159.64,105.95,49.1,1.14,11.22,48.28
Lucknow,2019-11-22,327.0,Very Poor,152.58,105.95,54.4,1.05,11.77,42.84
Lucknow,2019-11-23,330.0,Very Poor,149.87,105.95,48.49,1.26,9.73,38.32
Lucknow,2019-11-24,292.0,Poor,118.61,105.95,42.33,0.79,8.64,43.71
Lucknow,2019-11-25,276.0,Poor,157.04,105.95,63.58,1.13,10.04,47.0
Lucknow,2019-11-26,365.0,Very Poor,230.11,105.95,76.96,1.63,18.23,49.53
Lucknow,2019-11-27,373.0,Very Poor,207.97,105.95,46.79,1.32,13.69,50.64
Lucknow,2019-11-28,377.0,Very Poor,212.9,105.95,37.0,1.09,9.28,49.72
Lucknow,2019-11-29,262.0,Poor,73.1,105.95,34.38,1.15,10.41,35.63
Lucknow,2019-11-30,178.0,Moderate,83.77,105.95,35.81,1.06,9.31,30.34
Lucknow,2019-12-01,207.0,Poor,97.5,105.95,32.7,1.22,6.17,45.73
Lucknow,2019-12-02,246.0,Poor,107.21,105.95,38.19,1.42,7.81,49.6
Lucknow,2019-12-03,275.0,Poor,134.98,105.95,39.7,1.82,6.73,56.45
Lucknow,2019-12-04,291.0,Poor,153.91,105.95,56.83,2.1,8.96,46.86
Lucknow,2019-12-05,340.0,Very Poor,186.49,105.95,71.21,0.95,15.7,41.39
Lucknow,2019-12-06,362.0,Very Poor,198.7,105.95,59.47,1.02,16.09,28.97
Lucknow,2019-12-07,343.0,Very Poor,161.68,105.95,56.84,1.18,20.77,26.27
Lucknow,2019-12-08,352.0,Very Poor,184.31,105.95,53.69,1.12,18.48,22.69
Lucknow,2019-12-09,308.0,Very Poor,148.87,105.95,53.29,1.3,12.07,24.75
Lucknow,2019-12-10,314.0,Very Poor,162.21,105.95,56.73,1.9,14.18,15.74
Lucknow,2019-12-11,361.0,Very Poor,207.35,105.95,87.6,1.82,15.6,18.73
Lucknow,2019-12-12,348.0,Very Poor,159.23,105.95,81.37,1.24,16.29,16.58
Lucknow,2019-12-13,304.0,Very Poor,107.6,105.95,17.29,1.08,11.24,19.93
Lucknow,2019-12-14,147.0,Moderate,58.15,105.95,15.38,1.18,10.77,20.46
Lucknow,2019-12-15,126.0,Moderate,66.88,105.95,19.78,1.25,13.06,17.99
Lucknow,2019-12-16,153.0,Moderate,76.28,105.95,18.23,1.69,9.81,18.38
Lucknow,2019-12-17,164.0,Moderate,82.48,105.95,10.94,1.76,8.51,18.36
Lucknow,2019-12-18,170.0,Moderate,92.47,105.95,12.47,1.93,8.12,17.47
Lucknow,2019-12-19,251.0,Poor,139.59,105.95,19.67,1.35,11.74,13.58
Lucknow,2019-12-20,323.0,Very Poor,185.45,105.95,30.62,1.86,12.57,12.75
Lucknow,2019-12-21,366.0,Very Poor,215.0,105.95,42.09,1.89,27.4,17.22
Lucknow,2019-12-22,365.0,Very Poor,177.24,105.95,30.53,1.73,12.27,13.55
Lucknow,2019-12-23,306.0,Very Poor,140.5,105.95,19.6,1.56,13.91,12.52
Lucknow,2019-12-24,315.0,Very Poor,158.8,105.95,19.94,1.52,15.12,11.28
Lucknow,2019-12-25,307.0,Very Poor,186.34,105.95,18.74,1.63,24.4,11.47
Lucknow,2019-12-26,327.0,Very Poor,162.49,105.95,33.24,1.06,11.49,16.71
Lucknow,2019-12-27,326.0,Very Poor,180.21,105.95,74.98,1.11,10.2,34.48
Lucknow,2019-12-28,352.0,Very Poor,184.93,105.95,82.19,1.53,12.63,25.59
Lucknow,2019-12-29,339.0,Very Poor,148.01,105.95,76.29,1.18,12.61,29.92
Lucknow,2019-12-30,320.0,Very Poor,157.85,105.95,59.32,1.23,10.24,29.28
Lucknow,2019-12-31,350.0,Very Poor,244.22,105.95,92.38,1.91,21.58,26.22
Lucknow,2020-01-01,442.0,Severe,286.23,105.95,86.74,2.35,26.48,26.13
Lucknow,2020-01-02,361.0,Very Poor,182.39,105.95,83.43,2.5,28.94,23.98
Lucknow,2020-01-03,313.0,Very Poor,123.99,105.95,80.79,1.38,8.49,19.37
Lucknow,2020-01-04,245.0,Poor,109.44,105.95,76.78,1.9,11.96,20.27
Lucknow,2020-01-05,210.0,Poor,99.13,105.95,67.26,1.52,9.43,19.38
Lucknow,2020-01-06,262.0,Poor,135.19,105.95,70.42,2.35,15.94,19.15
Lucknow,2020-01-07,308.0,Very Poor,156.42,105.95,104.77,1.45,18.43,18.09
Lucknow,2020-01-08,344.0,Very Poor,190.4,105.95,77.03,1.18,13.23,22.01
Lucknow,2020-01-09,247.0,Poor,100.5,105.95,50.72,1.15,9.52,28.78
Lucknow,2020-01-10,198.0,Moderate,107.48,105.95,46.27,1.38,9.53,29.36
Lucknow,2020-01-11,281.0,Poor,179.95,105.95,79.2,1.52,12.16,30.66
Lucknow,2020-01-12,377.0,Very Poor,227.28,105.95,86.61,1.76,27.16,30.04
Lucknow,2020-01-13,377.0,Very Poor,210.89,105.95,56.48,1.23,20.11,24.18
Lucknow,2020-01-14,323.0,Very Poor,165.2,105.95,82.31,1.85,7.87,34.9
Lucknow,2020-01-15,354.0,Very Poor,179.18,105.95,97.65,2.24,9.84,17.6
Lucknow,2020-01-16,294.0,Poor,103.3,105.95,49.16,1.59,6.44,30.7
Lucknow,2020-01-17,122.0,Moderate,54.54,105.95,61.42,1.86,10.21,30.24
Lucknow,2020-01-18,161.0,Moderate,79.13,105.95,56.21,1.45,10.02,16.38
Lucknow,2020-01-19,138.0,Moderate,68.76,105.95,55.46,1.37,8.2,14.33
Lucknow,2020-01-20,191.0,Moderate,110.74,105.95,56.48,1.42,8.96,20.22
Lucknow,2020-01-21,256.0,Poor,139.53,105.95,81.18,1.32,11.34,23.55
Lucknow,2020-01-22,356.0,Very Poor,166.91,105.95,73.59,1.74,13.29,21.36
Lucknow,2020-01-23,249.0,Poor,91.35,105.95,45.54,1.07,10.29,28.89
Lucknow,2020-01-24,156.0,Moderate,90.23,105.95,53.63,1.45,11.11,29.38
Lucknow,2020-01-25,267.0,Poor,132.72,105.95,77.48,1.68,11.22,28.27
Lucknow,2020-01-26,303.0,Very Poor,153.83,105.95,80.18,2.25,10.76,23.44
Lucknow,2020-01-27,337.0,Very Poor,150.69,105.95,84.52,2.12,11.15,23.99
Lucknow,2020-01-28,325.0,Very Poor,168.34,105.95,48.86,1.88,10.07,34.09
Lucknow,2020-01-29,313.0,Very Poor,137.5,105.95,28.59,1.92,7.79,36.45
Lucknow,2020-01-30,195.0,Moderate,52.72,105.95,36.79,2.45,6.94,29.62
Lucknow,2020-01-31,147.0,Moderate,70.64,105.95,45.07,2.82,10.6,28.41
Lucknow,2020-02-01,224.0,Poor,111.69,105.95,47.88,2.29,8.9,24.82
Lucknow,2020-02-02,216.0,Poor,102.35,105.95,41.78,1.62,8.33,26.28
Lucknow,2020-02-03,239.0,Poor,126.7,105.95,54.62,1.75,9.01,23.89
Lucknow,2020-02-04,307.0,Very Poor,151.07,105.95,65.73,2.51,10.4,24.37
Lucknow,2020-02-05,278.0,Poor,126.3,105.95,42.87,1.67,9.27,26.77
Lucknow,2020-02-06,230.0,Poor,117.93,105.95,44.36,1.71,7.83,25.75
Lucknow,2020-02-07,309.0,Very Poor,144.71,105.95,45.01,1.38,6.4,35.96
Lucknow,2020-02-08,248.0,Poor,127.6,105.95,53.58,1.33,7.71,26.75
Lucknow,2020-02-09,272.0,Poor,135.9,105.95,77.57,1.41,7.32,26.62
Lucknow,2020-02-10,275.0,Poor,128.8,105.95,69.99,1.29,6.96,28.12
Lucknow,2020-02-11,267.0,Poor,125.22,105.95,65.86,1.53,9.3,27.96
Lucknow,2020-02-12,253.0,Poor,117.26,105.95,55.38,1.1,10.3,29.97
Lucknow,2020-02-13,244.0,Poor,105.78,105.95,47.2,1.02,8.81,24.55
Lucknow,2020-02-14,192.0,Moderate,102.62,105.95,31.79,0.84,10.2,26.94
Lucknow,2020-02-15,214.0,Poor,78.38,105.95,37.93,1.03,9.76,23.03
Lucknow,2020-02-16,209.0,Poor,118.46,105.95,53.08,1.18,8.15,24.11
Lucknow,2020-02-17,283.0,Poor,131.9,105.95,47.02,1.14,7.32,25.15
Lucknow,2020-02-18,232.0,Poor,94.18,105.95,38.99,0.96,8.1,39.35
Lucknow,2020-02-19,249.0,Poor,109.26,105.95,64.63,1.25,11.26,40.48
Lucknow,2020-02-20,227.0,Poor,110.53,105.95,36.81,0.82,7.15,55.78
Lucknow,2020-02-21,198.0,Moderate,76.06,105.95,15.99,1.06,8.27,55.98
Lucknow,2020-02-22,103.0,Moderate,43.32,105.95,22.72,1.13,8.27,37.41
Lucknow,2020-02-23,173.0,Moderate,112.99,105.95,32.13,1.19,7.23,21.28
Lucknow,2020-02-24,222.0,Poor,100.96,105.95,35.17,1.36,6.47,26.32
Lucknow,2020-02-25,167.0,Moderate,50.83,105.95,20.95,1.17,5.31,39.24
Lucknow,2020-02-26,97.0,Satisfactory,43.62,105.95,32.74,1.24,5.29,37.33
Lucknow,2020-02-27,92.0,Satisfactory,50.0,105.95,35.33,1.28,6.44,35.12
Lucknow,2020-02-28,116.0,Moderate,63.36,105.95,44.43,1.29,6.4,42.81
Lucknow,2020-02-29,147.0,Moderate,76.54,105.95,40.11,1.35,6.87,47.24
Lucknow,2020-03-01,148.0,Moderate,66.13,105.95,34.18,1.25,6.22,42.76
Lucknow,2020-03-02,136.0,Moderate,65.34,105.95,41.53,1.19,6.52,37.2
Lucknow,2020-03-03,144.0,Moderate,77.06,105.95,41.29,1.12,7.18,38.34
Lucknow,2020-03-04,191.0,Moderate,89.44,105.95,45.89,1.1,8.28,42.33
Lucknow,2020-03-05,182.0,Moderate,83.4,105.95,33.11,1.1,5.96,38.37
Lucknow,2020-03-06,125.0,Moderate,46.58,105.95,23.29,1.08,4.83,38.6
Lucknow,2020-03-07,80.0,Satisfactory,33.25,105.95,20.67,1.18,5.36,39.7
Lucknow,2020-03-08,91.0,Satisfactory,61.96,105.95,24.5,1.08,6.77,37.03
Lucknow,2020-03-09,128.0,Moderate,45.29,105.95,25.74,1.1,5.9,36.14
Lucknow,2020-03-10,163.0,Moderate,95.33,105.95,27.43,1.12,6.98,31.35
Lucknow,2020-03-11,165.0,Moderate,65.48,105.95,31.13,1.1,8.3,35.62
Lucknow,2020-03-12,112.0,Moderate,62.4,105.95,30.62,1.09,7.94,45.8
Lucknow,2020-03-13,111.0,Moderate,44.03,105.95,20.47,1.09,5.19,34.83
Lucknow,2020-03-14,74.0,Satisfactory,40.6,105.95,21.79,1.09,5.9,29.84
Lucknow,2020-03-15,96.0,Satisfactory,44.07,105.95,19.24,1.1,6.45,34.5
Lucknow,2020-03-16,86.0,Satisfactory,51.06,105.95,24.55,1.08,5.95,31.11
Lucknow,2020-03-17,134.0,Moderate,75.48,105.95,32.31,1.06,7.61,31.53
Lucknow,2020-03-18,164.0,Moderate,74.41,105.95,29.84,1.03,6.88,34.27
Lucknow,2020-03-19,183.0,Moderate,108.53,105.95,30.95,1.16,6.4,39.61
Lucknow,2020-03-20,252.0,Poor,115.54,105.95,40.02,1.13,7.88,44.36
Lucknow,2020-03-21,219.0,Poor,80.01,105.95,23.66,1.03,5.51,38.06
Lucknow,2020-03-22,128.0,Moderate,60.47,105.95,16.31,1.07,4.27,35.96
Lucknow,2020-03-23,122.0,Moderate,72.86,105.95,13.21,1.05,4.55,37.21
Lucknow,2020-03-24,207.0,Poor,100.15,105.95,16.12,1.07,4.6,34.65
Lucknow,2020-03-25,237.0,Poor,88.32,105.95,13.21,0.99,4.89,31.82
Lucknow,2020-03-26,108.0,Moderate,45.41,105.95,8.3,1.01,6.54,37.84
Lucknow,2020-03-27,77.0,Satisfactory,45.85,105.95,8.91,1.0,7.84,25.53
Lucknow,2020-03-28,73.0,Satisfactory,35.31,105.95,10.39,1.01,4.93,32.18
Lucknow,2020-03-29,64.0,Satisfactory,33.5,105.95,8.84,0.99,5.46,38.54
Lucknow,2020-03-30,69.0,Satisfactory,39.91,105.95,8.8,1.02,5.94,42.16
Lucknow,2020-03-31,85.0,Satisfactory,46.17,105.95,8.99,1.01,6.21,37.28
Lucknow,2020-04-01,116.0,Moderate,66.67,105.95,18.07,0.99,5.92,27.68
Lucknow,2020-04-02,115.0,Moderate,49.02,105.95,10.05,0.96,6.27,33.27
Lucknow,2020-04-03,81.0,Satisfactory,36.76,105.95,11.08,0.97,6.07,35.36
Lucknow,2020-04-04,71.0,Satisfactory,37.82,105.95,10.56,0.99,6.43,33.08
Lucknow,2020-04-05,91.0,Satisfactory,54.39,105.95,12.55,0.99,6.64,29.91
Lucknow,2020-04-06,90.0,Satisfactory,46.26,105.95,11.21,0.99,6.49,31.38
Lucknow,2020-04-07,75.0,Satisfactory,41.85,105.95,12.09,0.98,5.85,27.77
Lucknow,2020-04-08,77.0,Satisfactory,46.3,105.95,17.44,1.01,6.72,27.87
Lucknow,2020-04-09,94.0,Satisfactory,43.45,105.95,12.21,0.92,6.66,30.0
Lucknow,2020-04-10,81.0,Satisfactory,53.91,105.95,15.51,1.0,7.23,37.27
Lucknow,2020-04-11,121.0,Moderate,65.52,105.95,21.42,0.99,8.08,29.1
Lucknow,2020-04-12,151.0,Moderate,62.39,105.95,17.93,0.98,6.93,24.84
Lucknow,2020-04-13,93.0,Satisfactory,55.36,105.95,21.13,1.04,7.6,18.6
Lucknow,2020-04-14,157.0,Moderate,80.7,105.95,25.73,0.88,7.33,22.11
Lucknow,2020-04-15,138.0,Moderate,65.8,105.95,20.53,0.91,7.25,20.48
Lucknow,2020-04-16,160.0,Moderate,84.4,105.95,21.96,0.87,8.79,22.13
Lucknow,2020-04-17,211.0,Poor,79.72,105.95,25.3,0.99,10.04,19.8
Lucknow,2020-04-18,140.0,Moderate,64.07,105.95,16.42,1.04,8.71,21.16
Lucknow,2020-04-19,125.0,Moderate,59.38,105.95,19.31,1.07,10.59,21.52
Lucknow,2020-04-20,91.0,Satisfactory,49.13,105.95,14.48,1.03,6.62,19.7
Lucknow,2020-04-21,81.0,Satisfactory,43.27,105.95,13.5,1.0,6.54,22.41
Lucknow,2020-04-22,84.0,Satisfactory,52.6,105.95,16.38,1.0,6.36,23.51
Lucknow,2020-04-23,112.0,Moderate,68.37,105.95,23.71,1.05,8.37,24.39
Lucknow,2020-04-24,142.0,Moderate,64.63,105.95,15.6,1.02,6.67,33.12
Lucknow,2020-04-25,120.0,Moderate,62.85,105.95,16.97,1.05,8.67,24.99
Lucknow,2020-04-26,95.0,Satisfactory,45.35,105.95,10.89,1.0,5.78,23.97
Lucknow,2020-04-27,69.0,Satisfactory,29.19,105.95,12.94,0.96,6.16,23.11
Lucknow,2020-04-28,64.0,Satisfactory,41.72,105.95,12.78,0.98,6.71,23.16
Lucknow,2020-04-29,74.0,Satisfactory,44.77,105.95,13.74,1.0,6.54,23.39
Lucknow,2020-04-30,83.0,Satisfactory,49.27,105.95,15.08,0.98,8.36,31.42
Lucknow,2020-05-01,82.0,Satisfactory,45.79,105.95,11.85,1.0,5.44,28.24
Lucknow,2020-05-02,67.0,Satisfactory,37.81,105.95,11.21,1.01,6.0,26.78
Lucknow,2020-05-03,63.0,Satisfactory,39.83,105.95,11.84,1.0,7.72,28.22
Lucknow,2020-05-04,73.0,Satisfactory,42.14,105.95,15.63,1.07,7.42,19.64
Lucknow,2020-05-05,83.0,Satisfactory,35.49,105.95,13.75,0.99,6.38,21.55
Lucknow,2020-05-06,64.0,Satisfactory,32.63,105.95,14.18,0.87,6.14,26.63
Lucknow,2020-05-07,73.0,Satisfactory,39.25,105.95,13.8,0.85,6.02,33.77
Lucknow,2020-05-08,77.0,Satisfactory,50.91,105.95,14.74,0.82,7.13,40.69
Lucknow,2020-05-09,103.0,Moderate,56.14,105.95,12.32,0.88,7.08,44.38
Lucknow,2020-05-10,122.0,Moderate,63.31,105.95,8.97,0.88,7.05,38.5
Lucknow,2020-05-11,140.0,Moderate,59.8,105.95,12.38,0.87,7.18,33.78
Lucknow,2020-05-12,106.0,Moderate,58.92,105.95,12.95,0.81,7.7,34.29
Lucknow,2020-05-13,143.0,Moderate,59.92,105.95,16.64,0.88,9.44,31.25
Lucknow,2020-05-14,107.0,Moderate,55.4,105.95,14.28,0.92,8.0,22.81
Lucknow,2020-05-15,142.0,Moderate,77.19,105.95,19.73,0.83,8.44,22.08
Lucknow,2020-05-16,143.0,Moderate,52.42,105.95,18.53,0.82,5.39,21.61
Lucknow,2020-05-17,107.0,Moderate,64.24,105.95,22.86,0.89,5.94,22.52
Lucknow,2020-05-18,151.0,Moderate,68.13,105.95,22.77,0.83,7.35,26.95
Lucknow,2020-05-19,113.0,Moderate,59.78,105.95,23.51,0.87,7.79,28.31
Lucknow,2020-05-20,209.0,Poor,101.41,105.95,15.03,0.81,10.59,28.45
Lucknow,2020-05-21,152.0,Moderate,60.52,105.95,13.77,0.83,8.71,35.42
Lucknow,2020-05-22,158.0,Moderate,81.15,105.95,14.57,1.01,8.22,39.65
Lucknow,2020-05-23,164.0,Moderate,57.56,105.95,9.61,1.14,5.57,36.74
Lucknow,2020-05-24,134.0,Moderate,71.25,105.95,17.58,1.33,6.25,33.04
Lucknow,2020-05-25,173.0,Moderate,67.24,105.95,18.61,1.1,5.89,31.37
Lucknow,2020-05-26,147.0,Moderate,71.23,105.95,18.97,1.17,6.39,38.78
Lucknow,2020-05-27,205.0,Poor,107.05,105.95,14.3,1.18,6.03,37.29
Lucknow,2020-05-28,135.0,Moderate,38.92,105.95,8.42,1.02,4.66,36.68
Lucknow,2020-05-29,78.0,Satisfactory,46.61,105.95,9.2,1.08,4.95,36.09
Lucknow,2020-05-30,97.0,Satisfactory,46.72,105.95,11.29,1.24,5.62,29.22
Lucknow,2020-05-31,81.0,Satisfactory,37.56,105.95,12.38,1.15,4.31,26.35
Lucknow,2020-06-01,85.0,Satisfactory,47.72,105.95,14.45,1.19,5.78,38.02
Lucknow,2020-06-02,99.0,Satisfactory,48.38,105.95,16.23,1.07,5.57,40.95
Lucknow,2020-06-03,110.0,Moderate,65.45,105.95,18.09,1.13,7.3,37.94
Lucknow,2020-06-04,142.0,Moderate,61.74,105.95,10.59,1.09,5.65,39.31
Lucknow,2020-06-05,100.0,Satisfactory,51.38,105.95,16.4,1.11,5.57,37.11
Lucknow,2020-06-06,84.0,Satisfactory,31.01,105.95,14.54,1.13,5.69,30.8
Lucknow,2020-06-07,70.0,Satisfactory,29.99,105.95,13.52,1.12,5.82,36.71
Lucknow,2020-06-08,77.0,Satisfactory,53.23,105.95,16.9,1.12,6.52,34.27
Lucknow,2020-06-09,148.0,Moderate,79.9,105.95,22.28,1.19,4.98,42.58
Lucknow,2020-06-10,193.0,Moderate,91.02,105.95,15.44,1.13,6.39,51.12
Lucknow,2020-06-11,183.0,Moderate,79.09,105.95,15.07,1.18,6.0,44.3
Lucknow,2020-06-12,166.0,Moderate,71.59,105.95,10.4,1.19,6.89,42.83
Lucknow,2020-06-13,117.0,Moderate,51.8,105.95,10.32,1.06,6.05,47.41
Lucknow,2020-06-14,91.0,Satisfactory,41.87,105.95,9.22,1.03,6.44,45.48
Lucknow,2020-06-15,79.0,Satisfactory,46.39,105.95,11.68,1.07,6.84,48.03
Lucknow,2020-06-16,76.0,Satisfactory,31.6,105.95,9.35,1.11,5.93,51.25
Lucknow,2020-06-17,73.0,Satisfactory,39.69,105.95,12.42,1.14,6.76,46.7
Lucknow,2020-06-18,75.0,Satisfactory,35.98,105.95,9.99,1.18,6.05,51.53
Lucknow,2020-06-19,70.0,Satisfactory,35.25,105.95,8.1,1.07,5.3,48.21
Lucknow,2020-06-20,78.0,Satisfactory,36.49,105.95,7.85,1.01,5.34,54.11
Lucknow,2020-06-21,71.0,Satisfactory,29.43,105.95,7.92,1.06,5.08,49.52
Lucknow,2020-06-22,64.0,Satisfactory,29.44,105.95,7.97,1.02,5.27,49.16
Lucknow,2020-06-23,72.0,Satisfactory,34.52,105.95,11.73,1.11,5.17,47.86
Lucknow,2020-06-24,90.0,Satisfactory,45.74,105.95,23.96,1.2,4.86,47.33
Lucknow,2020-06-25,116.0,Moderate,54.97,105.95,28.99,1.16,4.93,42.23
Lucknow,2020-06-26,81.0,Satisfactory,38.9,105.95,20.1,0.98,3.97,46.84
Lucknow,2020-06-27,74.0,Satisfactory,32.23,105.95,19.22,0.8,3.77,56.36
Lucknow,2020-06-28,77.0,Satisfactory,34.58,105.95,17.67,0.81,2.85,56.4
Lucknow,2020-06-29,65.0,Satisfactory,30.19,105.95,18.47,0.8,3.36,43.61
Lucknow,2020-06-30,69.0,Satisfactory,38.27,105.95,11.94,0.72,4.31,41.17
Lucknow,2020-07-01,76.0,Satisfactory,34.97,105.95,14.44,0.73,6.02,36.07
Mumbai,2015-01-01,123.0,,51.67,105.95,26.41,0.0,7.71,34.07
Mumbai,2015-01-02,123.0,,51.67,105.95,26.41,0.0,7.71,34.07
Mumbai,2015-01-03,123.0,,51.67,105.95,26.41,0.0,7.71,34.07
Mumbai,2015-01-04,123.0,,51.67,105.95,26.41,0.0,7.71,34.07
Mumbai,2015-01-05,123.0,,51.67,105.95,26.41,0.0,7.71,34.07
Mumbai,2015-01-06,123.0,,51.67,105.95,26.41,0.0,7.71,34.07
Mumbai,2015-01-07,123.0,,51.67,105.95,26.41,0.0,7.71,34.07
Mumbai,2015-01-08,123.0,,51.67,105.95,26.41,0.0,7.71,34.07
Mumbai,2015-01-09,123.0,,51.67,105.95,26.41,0.0,7.71,34.07
Mumbai,2015-01-10,123.0,,51.67,105.95,26.41,0.0,7.71,34.07
Mumbai,2015-01-11,123.0,,51.67,105.95,26.41,0.0,7.71,34.07
Mumbai,2015-01-12,123.0,,51.67,105.95,26.41,0.0,7.71,34.07
Mumbai,2015-01-13,123.0,,51.67,105.95,26.41,0.0,7.71,34.07
Mumbai,2015-01-14,123.0,,51.67,105.95,26.41,0.0,7.71,34.07
Mumbai,2015-01-15,123.0,,51.67,105.95,26.41,0.0,7.71,34.07
Mumbai,2015-01-16,123.0,,51.67,105.95,26.41,0.0,7.71,34.07
Mumbai,2015-01-17,123.0,,51.67,105.95,26.41,0.0,7.71,34.07
Mumbai,2015-01-18,123.0,,51.67,105.95,26.41,0.0,7.71,34.07
Mumbai,2015-01-19,123.0,,51.67,105.95,26.41,0.0,7.71,34.07
Mumbai,2015-01-20,123.0,,51.67,105.95,26.41,0.0,7.71,34.07
Mumbai,2015-01-21,123.0,,51.67,105.95,26.41,0.0,7.71,34.07
Mumbai,2015-01-22,123.0,,51.67,105.95,26.41,0.0,7.71,34.07
Mumbai,2015-01-23,123.0,,51.67,105.95,26.41,0.0,7.71,34.07
Mumbai,2015-01-24,123.0,,51.67,105.95,26.41,0.0,7.71,34.07
Mumbai,2015-01-25,123.0,,51.67,105.95,26.41,0.0,7.71,34.07
Mumbai,2015-01-26,123.0,,51.67,105.95,26.41,0.0,7.71,34.07
Mumbai,2015-01-27,123.0,,51.67,105.95,26.41,0.0,7.71,34.07
Mumbai,2015-01-28,123.0,,51.67,105.95,26.41,0.0,7.71,34.07
Mumbai,2015-01-29,123.0,,51.67,105.95,26.41,0.0,7.71,34.07
Mumbai,2015-01-30,123.0,,51.67,105.95,26.41,0.0,7.71,34.07
Mumbai,2015-01-31,123.0,,51.67,105.95,26.41,0.0,7.71,34.07
Mumbai,2015-02-01,123.0,,51.67,105.95,26.41,0.0,7.71,34.07
Mumbai,2015-02-02,123.0,,51.67,105.95,26.41,0.0,7.71,34.07
Mumbai,2015-02-03,123.0,,51.67,105.95,26.41,0.0,7.71,34.07
Mumbai,2015-02-04,123.0,,51.67,105.95,26.41,0.0,7.71,34.07
Mumbai,2015-02-05,123.0,,51.67,105.95,26.41,0.0,7.71,34.07
Mumbai,2015-02-06,123.0,,51.67,105.95,26.41,0.0,7.71,34.07
Mumbai,2015-02-07,123.0,,51.67,105.95,26.41,0.0,7.71,34.07
Mumbai,2015-02-08,123.0,,51.67,105.95,26.41,0.0,7.71,34.07
Mumbai,2015-02-09,123.0,,51.67,105.95,26.41,0.0,7.71,34.07
Mumbai,2015-02-10,123.0,,51.67,105.95,26.41,0.0,7.71,34.07
Mumbai,2015-02-11,123.0,,51.67,105.95,26.41,0.0,7.71,34.07
Mumbai,2015-02-12,123.0,,51.67,105.95,26.41,0.0,7.71,34.07
Mumbai,2015-02-13,123.0,,51.67,105.95,26.41,0.0,7.71,34.07
Mumbai,2015-02-14,123.0,,51.67,105.95,26.41,0.0,7.71,34.07
Mumbai,2015-02-15,123.0,,51.67,105.95,26.41,0.0,7.71,34.07
Mumbai,2015-02-16,123.0,,51.67,105.95,26.41,0.0,7.71,34.07
Mumbai,2015-02-17,123.0,,51.67,105.95,26.41,0.0,7.71,34.07
Mumbai,2015-02-18,123.0,,51.67,105.95,26.41,0.0,7.71,34.07
Mumbai,2015-02-19,123.0,,51.67,105.95,26.41,0.0,7.71,34.07
Mumbai,2015-02-20,123.0,,51.67,105.95,26.41,0.0,7.71,34.07
Mumbai,2015-02-21,123.0,,51.67,105.95,26.41,0.0,7.71,34.07
Mumbai,2015-02-22,123.0,,51.67,105.95,26.41,0.0,7.71,34.07
Mumbai,2015-02-23,123.0,,51.67,105.95,26.41,0.0,7.71,34.07
Mumbai,2015-02-24,123.0,,51.67,105.95,26.41,0.0,7.71,34.07
Mumbai,2015-02-25,123.0,,51.67,105.95,26.41,0.0,7.71,34.07
Mumbai,2015-02-26,123.0,,51.67,105.95,26.41,0.0,7.71,34.07
Mumbai,2015-02-27,123.0,,51.67,105.95,26.41,0.0,7.71,34.07
Mumbai,2015-02-28,123.0,,51.67,105.95,26.41,0.0,7.71,34.07
Mumbai,2015-03-01,123.0,,51.67,105.95,26.41,0.0,7.71,34.07
Mumbai,2015-03-02,123.0,,51.67,105.95,26.41,0.0,7.71,34.07
Mumbai,2015-03-03,123.0,,51.67,105.95,26.41,0.0,7.71,34.07
Mumbai,2015-03-04,123.0,,51.67,105.95,26.41,0.0,7.71,34.07
Mumbai,2015-03-05,123.0,,51.67,105.95,26.41,0.0,7.71,34.07
Mumbai,2015-03-06,123.0,,51.67,105.95,26.41,0.0,7.71,34.07
Mumbai,2015-03-07,123.0,,51.67,105.95,26.41,0.0,7.71,34.07
Mumbai,2015-03-08,123.0,,51.67,105.95,26.41,0.0,7.71,34.07
Mumbai,2015-03-09,123.0,,51.67,105.95,26.41,0.0,7.71,34.07
Mumbai,2015-03-10,123.0,,51.67,105.95,26.41,0.0,7.71,34.07
Mumbai,2015-03-11,123.0,,51.67,105.95,26.41,0.0,7.71,34.07
Mumbai,2015-03-12,123.0,,51.67,105.95,26.41,0.0,7.71,34.07
Mumbai,2015-03-13,123.0,,51.67,105.95,26.41,0.0,7.71,34.07
Mumbai,2015-03-14,123.0,,51.67,105.95,26.41,0.0,7.71,34.07
Mumbai,2015-03-15,123.0,,51.67,105.95,26.41,0.0,7.71,34.07
Mumbai,2015-03-16,123.0,,51.67,105.95,26.41,0.0,7.71,34.07
Mumbai,2015-03-17,123.0,,51.67,105.95,26.41,0.0,7.71,34.07
Mumbai,2015-03-18,123.0,,51.67,105.95,26.41,0.0,7.71,34.07
Mumbai,2015-03-19,123.0,,51.67,105.95,26.41,0.0,7.71,34.07
Mumbai,2015-03-20,123.0,,51.67,105.95,26.41,0.0,7.71,34.07
Mumbai,2015-03-21,123.0,,51.67,105.95,26.41,0.0,7.71,34.07
Mumbai,2015-03-22,123.0,,51.67,105.95,26.41,0.0,7.71,34.07
Mumbai,2015-03-23,123.0,,51.67,105.95,26.41,0.0,7.71,34.07
Mumbai,2015-03-24,123.0,,51.67,105.95,26.41,0.0,7.71,34.07
Mumbai,2015-03-25,123.0,,51.67,105.95,26.41,0.0,7.71,34.07
Mumbai,2015-03-26,123.0,,51.67,105.95,26.41,0.0,7.71,34.07
Mumbai,2015-03-27,123.0,,51.67,105.95,26.41,0.0,7.71,34.07
Mumbai,2015-03-28,123.0,,51.67,105.95,26.41,0.0,7.71,34.07
Mumbai,2015-03-29,123.0,,51.67,105.95,26.41,0.0,7.71,34.07
Mumbai,2015-03-30,123.0,,51.67,105.95,26.41,0.0,7.71,34.07
Mumbai,2015-03-31,123.0,,51.67,105.95,26.41,0.0,7.71,34.07
Mumbai,2015-04-01,123.0,,51.67,105.95,26.41,0.0,7.71,34.07
Mumbai,2015-04-02,123.0,,51.67,105.95,26.41,0.0,7.71,34.07
Mumbai,2015-04-03,123.0,,51.67,105.95,26.41,0.0,7.71,34.07
Mumbai,2015-04-04,123.0,,51.67,105.95,26.41,0.0,7.71,34.07
Mumbai,2015-04-05,123.0,,51.67,105.95,26.41,0.0,7.71,34.07
Mumbai,2015-04-06,123.0,,51.67,105.95,26.41,0.0,7.71,34.07
Mumbai,2015-04-07,123.0,,51.67,105.95,26.41,0.0,7.71,34.07
Mumbai,2015-04-08,123.0,,51.67,105.95,26.41,0.0,7.71,34.07
Mumbai,2015-04-09,123.0,,51.67,105.95,26.41,0.0,7.71,34.07
Mumbai,2015-04-10,123.0,,51.67,105.95,26.41,0.0,7.71,34.07
Mumbai,2015-04-11,123.0,,51.67,105.95,26.41,0.0,7.71,34.07
Mumbai,2015-04-12,123.0,,51.67,105.95,26.41,0.0,7.71,34.07
Mumbai,2015-04-13,123.0,,51.67,105.95,26.41,0.0,7.71,34.07
Mumbai,2015-04-14,123.0,,51.67,105.95,26.41,0.0,7.71,34.07
Mumbai,2015-04-15,123.0,,51.67,105.95,26.41,0.0,7.71,34.07
Mumbai,2015-04-16,123.0,,51.67,105.95,26.41,0.0,7.71,34.07
Mumbai,2015-04-17,123.0,,51.67,105.95,26.41,0.0,7.71,34.07
Mumbai,2015-04-18,123.0,,51.67,105.95,26.41,0.0,7.71,34.07
Mumbai,2015-04-19,123.0,,51.67,105.95,26.41,0.0,7.71,34.07
Mumbai,2015-04-20,123.0,,51.67,105.95,26.41,0.0,7.71,34.07
Mumbai,2015-04-21,123.0,,51.67,105.95,26.41,0.0,7.71,34.07
Mumbai,2015-04-22,123.0,,51.67,105.95,26.41,0.0,7.71,34.07
Mumbai,2015-04-23,123.0,,51.67,105.95,26.41,0.0,7.71,34.07
Mumbai,2015-04-24,123.0,,51.67,105.95,26.41,0.0,7.71,34.07
Mumbai,2015-04-25,123.0,,51.67,105.95,26.41,0.0,7.71,34.07
Mumbai,2015-04-26,123.0,,51.67,105.95,26.41,0.0,7.71,34.07
Mumbai,2015-04-27,123.0,,51.67,105.95,26.41,0.0,7.71,34.07
Mumbai,2015-04-28,123.0,,51.67,105.95,26.41,0.0,7.71,34.07
Mumbai,2015-04-29,123.0,,51.67,105.95,26.41,0.0,7.71,34.07
Mumbai,2015-04-30,123.0,,51.67,105.95,26.41,0.0,7.71,34.07
Mumbai,2015-05-01,123.0,,51.67,105.95,26.41,0.0,7.71,34.07
Mumbai,2015-05-02,123.0,,51.67,105.95,26.41,0.0,7.71,34.07
Mumbai,2015-05-03,123.0,,51.67,105.95,26.41,0.0,7.71,34.07
Mumbai,2015-05-04,123.0,,51.67,105.95,26.41,0.0,7.71,34.07
Mumbai,2015-05-05,123.0,,51.67,105.95,26.41,0.0,7.71,34.07
Mumbai,2015-05-06,123.0,,51.67,105.95,26.41,0.0,7.71,34.07
Mumbai,2015-05-07,123.0,,51.67,105.95,26.41,0.0,7.71,34.07
Mumbai,2015-05-08,123.0,,51.67,105.95,26.41,0.0,7.71,34.07
Mumbai,2015-05-09,123.0,,51.67,105.95,26.41,0.0,7.71,34.07
Mumbai,2015-05-10,123.0,,51.67,105.95,26.41,0.0,7.71,34.07
Mumbai,2015-05-11,123.0,,51.67,105.95,26.41,0.0,7.71,34.07
Mumbai,2015-05-12,123.0,,51.67,105.95,26.41,0.0,7.71,34.07
Mumbai,2015-05-13,123.0,,51.67,105.95,26.41,0.0,7.71,34.07
Mumbai,2015-05-14,123.0,,51.67,105.95,26.41,0.0,7.71,34.07
Mumbai,2015-05-15,123.0,,51.67,105.95,26.41,0.0,7.71,34.07
Mumbai,2015-05-16,123.0,,51.67,105.95,26.41,0.0,7.71,34.07
Mumbai,2015-05-17,123.0,,51.67,105.95,26.41,0.0,7.71,34.07
Mumbai,2015-05-18,123.0,,51.67,105.95,26.41,0.0,7.71,34.07
Mumbai,2015-05-19,123.0,,51.67,105.95,26.41,0.0,7.71,34.07
Mumbai,2015-05-20,123.0,,51.67,105.95,26.41,0.0,7.71,34.07
Mumbai,2015-05-21,123.0,,51.67,105.95,26.41,0.0,7.71,34.07
Mumbai,2015-05-22,123.0,,51.67,105.95,26.41,0.0,7.71,34.07
Mumbai,2015-05-23,123.0,,51.67,105.95,26.41,0.0,7.71,34.07
Mumbai,2015-05-24,123.0,,51.67,105.95,26.41,0.0,7.71,34.07
Mumbai,2015-05-25,123.0,,51.67,105.95,26.41,0.0,7.71,34.07
Mumbai,2015-05-26,123.0,,51.67,105.95,26.41,0.0,7.71,34.07
Mumbai,2015-05-27,123.0,,51.67,105.95,26.41,0.0,7.71,34.07
Mumbai,2015-05-28,123.0,,51.67,105.95,26.41,0.0,7.71,34.07
Mumbai,2015-05-29,123.0,,51.67,105.95,26.41,0.0,7.71,34.07
Mumbai,2015-05-30,123.0,,51.67,105.95,26.41,0.0,7.71,34.07
Mumbai,2015-05-31,123.0,,51.67,105.95,26.41,0.0,7.71,34.07
Mumbai,2015-06-01,123.0,,51.67,105.95,26.41,0.0,7.71,34.07
Mumbai,2015-06-02,123.0,,51.67,105.95,26.41,0.0,7.71,34.07
Mumbai,2015-06-03,123.0,,51.67,105.95,26.41,0.0,7.71,34.07
Mumbai,2015-06-04,123.0,,51.67,105.95,26.41,0.0,7.71,34.07
Mumbai,2015-06-05,123.0,,51.67,105.95,26.41,0.0,7.71,34.07
Mumbai,2015-06-06,123.0,,51.67,105.95,26.41,0.0,7.71,34.07
Mumbai,2015-06-07,123.0,,51.67,105.95,26.41,0.0,7.71,34.07
Mumbai,2015-06-08,123.0,,51.67,105.95,26.41,0.0,7.71,34.07
Mumbai,2015-06-09,123.0,,51.67,105.95,26.41,0.0,7.71,34.07
Mumbai,2015-06-10,123.0,,51.67,105.95,26.41,0.0,7.71,34.07
Mumbai,2015-06-11,123.0,,51.67,105.95,26.41,0.0,7.71,34.07
Mumbai,2015-06-12,123.0,,51.67,105.95,26.41,0.0,7.71,34.07
Mumbai,2015-06-13,123.0,,51.67,105.95,26.41,0.0,7.71,34.07
Mumbai,2015-06-14,123.0,,51.67,105.95,26.41,0.0,7.71,34.07
Mumbai,2015-06-15,123.0,,51.67,105.95,26.41,0.0,7.71,34.07
Mumbai,2015-06-16,123.0,,51.67,105.95,26.41,0.0,7.71,34.07
Mumbai,2015-06-17,123.0,,51.67,105.95,26.41,0.0,7.71,34.07
Mumbai,2015-06-18,123.0,,51.67,105.95,26.41,0.0,7.71,34.07
Mumbai,2015-06-19,123.0,,51.67,105.95,26.41,0.0,7.71,34.07
Mumbai,2015-06-20,123.0,,51.67,105.95,26.41,0.0,7.71,34.07
Mumbai,2015-06-21,123.0,,51.67,105.95,26.41,0.0,7.71,34.07
Mumbai,2015-06-22,123.0,,51.67,105.95,26.41,0.0,7.71,34.07
Mumbai,2015-06-23,123.0,,51.67,105.95,26.41,0.0,7.71,34.07
Mumbai,2015-06-24,123.0,,51.67,105.95,26.41,0.0,7.71,34.07
Mumbai,2015-06-25,123.0,,51.67,105.95,26.41,0.0,7.71,34.07
Mumbai,2015-06-26,123.0,,51.67,105.95,26.41,0.0,7.71,34.07
Mumbai,2015-06-27,123.0,,51.67,105.95,26.41,0.0,7.71,34.07
Mumbai,2015-06-28,123.0,,51.67,105.95,26.41,0.0,7.71,34.07
Mumbai,2015-06-29,123.0,,51.67,105.95,26.41,0.0,7.71,34.07
Mumbai,2015-06-30,123.0,,51.67,105.95,26.41,0.0,7.71,34.07
Mumbai,2015-07-01,123.0,,51.67,105.95,26.41,0.0,7.71,34.07
Mumbai,2015-07-02,123.0,,51.67,105.95,26.41,0.0,7.71,34.07
Mumbai,2015-07-03,123.0,,51.67,105.95,26.41,0.0,7.71,34.07
Mumbai,2015-07-04,123.0,,51.67,105.95,26.41,0.0,7.71,34.07
Mumbai,2015-07-05,123.0,,51.67,105.95,26.41,0.0,7.71,34.07
Mumbai,2015-07-06,123.0,,51.67,105.95,26.41,0.0,7.71,34.07
Mumbai,2015-07-07,123.0,,51.67,105.95,26.41,0.0,7.71,34.07
Mumbai,2015-07-08,123.0,,51.67,105.95,26.41,0.0,7.71,34.07
Mumbai,2015-07-09,123.0,,51.67,105.95,26.41,0.0,7.71,34.07
Mumbai,2015-07-10,123.0,,51.67,105.95,26.41,0.0,7.71,34.07
Mumbai,2015-07-11,123.0,,51.67,105.95,26.41,0.0,7.71,34.07
Mumbai,2015-07-12,123.0,,51.67,105.95,26.41,0.0,7.71,34.07
Mumbai,2015-07-13,123.0,,51.67,105.95,26.41,0.0,7.71,34.07
Mumbai,2015-07-14,123.0,,51.67,105.95,26.41,0.0,7.71,34.07
Mumbai,2015-07-15,123.0,,51.67,105.95,26.41,0.0,7.71,34.07
Mumbai,2015-07-16,123.0,,51.67,105.95,26.41,0.0,7.71,34.07
Mumbai,2015-07-17,123.0,,51.67,105.95,26.41,0.0,7.71,34.07
Mumbai,2015-07-18,123.0,,51.67,105.95,26.41,0.0,7.71,34.07
Mumbai,2015-07-19,123.0,,51.67,105.95,26.41,0.0,7.71,34.07
Mumbai,2015-07-20,123.0,,51.67,105.95,26.41,0.0,7.71,34.07
Mumbai,2015-07-21,123.0,,51.67,105.95,26.41,0.0,7.71,34.07
Mumbai,2015-07-22,123.0,,51.67,105.95,26.41,0.0,7.71,34.07
Mumbai,2015-07-23,123.0,,51.67,105.95,26.41,0.0,7.71,34.07
Mumbai,2015-07-24,123.0,,51.67,105.95,26.41,0.0,7.71,34.07
Mumbai,2015-07-25,123.0,,51.67,105.95,26.41,0.0,7.71,34.07
Mumbai,2015-07-26,123.0,,51.67,105.95,26.41,0.0,7.71,34.07
Mumbai,2015-07-27,123.0,,51.67,105.95,26.41,0.0,7.71,34.07
Mumbai,2015-07-28,123.0,,51.67,105.95,26.41,0.0,7.71,34.07
Mumbai,2015-07-29,123.0,,51.67,105.95,26.41,0.0,7.71,34.07
Mumbai,2015-07-30,123.0,,51.67,105.95,26.41,0.0,7.71,34.07
Mumbai,2015-07-31,123.0,,51.67,105.95,26.41,0.0,7.71,34.07
Mumbai,2015-08-01,123.0,,51.67,105.95,26.41,0.0,7.71,34.07
Mumbai,2015-08-02,123.0,,51.67,105.95,26.41,0.0,7.71,34.07
Mumbai,2015-08-03,123.0,,51.67,105.95,26.41,0.0,7.71,34.07
Mumbai,2015-08-04,123.0,,51.67,105.95,26.41,0.0,7.71,34.07
Mumbai,2015-08-05,123.0,,51.67,105.95,26.41,0.0,7.71,34.07
Mumbai,2015-08-06,123.0,,51.67,105.95,26.41,0.0,7.71,34.07
Mumbai,2015-08-07,123.0,,51.67,105.95,26.41,0.0,7.71,34.07
Mumbai,2015-08-08,123.0,,51.67,105.95,26.41,0.0,7.71,34.07
Mumbai,2015-08-09,123.0,,51.67,105.95,26.41,0.0,7.71,34.07
Mumbai,2015-08-10,123.0,,51.67,105.95,26.41,0.0,7.71,34.07
Mumbai,2015-08-11,123.0,,51.67,105.95,26.41,0.0,7.71,34.07
Mumbai,2015-08-12,123.0,,51.67,105.95,26.41,0.0,7.71,34.07
Mumbai,2015-08-13,123.0,,51.67,105.95,26.41,0.0,7.71,34.07
Mumbai,2015-08-14,123.0,,51.67,105.95,26.41,0.0,7.71,34.07
Mumbai,2015-08-15,123.0,,51.67,105.95,26.41,0.0,7.71,34.07
Mumbai,2015-08-16,123.0,,51.67,105.95,26.41,0.0,7.71,34.07
Mumbai,2015-08-17,123.0,,51.67,105.95,26.41,0.0,7.71,34.07
Mumbai,2015-08-18,123.0,,51.67,105.95,26.41,0.0,7.71,34.07
Mumbai,2015-08-19,123.0,,51.67,105.95,26.41,0.0,7.71,34.07
Mumbai,2015-08-20,123.0,,51.67,105.95,26.41,0.0,7.71,34.07
Mumbai,2015-08-21,123.0,,51.67,105.95,26.41,0.0,7.71,34.07
Mumbai,2015-08-22,123.0,,51.67,105.95,26.41,0.0,7.71,34.07
Mumbai,2015-08-23,123.0,,51.67,105.95,26.41,0.0,7.71,34.07
Mumbai,2015-08-24,123.0,,51.67,105.95,26.41,0.0,7.71,34.07
Mumbai,2015-08-25,123.0,,51.67,105.95,26.41,0.0,7.71,34.07
Mumbai,2015-08-26,123.0,,51.67,105.95,26.41,0.0,7.71,34.07
Mumbai,2015-08-27,123.0,,51.67,105.95,26.41,0.0,7.71,34.07
Mumbai,2015-08-28,123.0,,51.67,105.95,26.41,0.0,7.71,34.07
Mumbai,2015-08-29,123.0,,51.67,105.95,26.41,0.0,7.71,34.07
Mumbai,2015-08-30,123.0,,51.67,105.95,26.41,0.0,7.71,34.07
Mumbai,2015-08-31,123.0,,51.67,105.95,26.41,0.0,7.71,34.07
Mumbai,2015-09-01,123.0,,51.67,105.95,26.41,0.0,7.71,34.07
Mumbai,2015-09-02,123.0,,51.67,105.95,26.41,0.0,7.71,34.07
Mumbai,2015-09-03,123.0,,51.67,105.95,26.41,0.0,7.71,34.07
Mumbai,2015-09-04,123.0,,51.67,105.95,26.41,0.0,7.71,34.07
Mumbai,2015-09-05,123.0,,51.67,105.95,26.41,0.0,7.71,34.07
Mumbai,2015-09-06,123.0,,51.67,105.95,26.41,0.0,7.71,34.07
Mumbai,2015-09-07,123.0,,51.67,105.95,26.41,0.0,7.71,34.07
Mumbai,2015-09-08,123.0,,51.67,105.95,26.41,0.0,7.71,34.07
Mumbai,2015-09-09,123.0,,51.67,105.95,26.41,0.0,7.71,34.07
Mumbai,2015-09-10,123.0,,51.67,105.95,26.41,0.0,7.71,34.07
Mumbai,2015-09-11,123.0,,51.67,105.95,26.41,0.0,7.71,34.07
Mumbai,2015-09-12,123.0,,51.67,105.95,26.41,0.0,7.71,34.07
Mumbai,2015-09-13,123.0,,51.67,105.95,26.41,0.0,7.71,34.07
Mumbai,2015-09-14,123.0,,51.67,105.95,26.41,0.0,7.71,34.07
Mumbai,2015-09-15,123.0,,51.67,105.95,26.41,0.0,7.71,34.07
Mumbai,2015-09-16,123.0,,51.67,105.95,26.41,0.0,7.71,34.07
Mumbai,2015-09-17,123.0,,51.67,105.95,26.41,0.0,7.71,34.07
Mumbai,2015-09-18,123.0,,51.67,105.95,26.41,0.0,7.71,34.07
Mumbai,2015-09-19,123.0,,51.67,105.95,26.41,0.0,7.71,34.07
Mumbai,2015-09-20,123.0,,51.67,105.95,26.41,0.0,7.71,34.07
Mumbai,2015-09-21,123.0,,51.67,105.95,26.41,0.0,7.71,34.07
Mumbai,2015-09-22,123.0,,51.67,105.95,26.41,0.0,7.71,34.07
Mumbai,2015-09-23,123.0,,51.67,105.95,26.41,0.0,7.71,34.07
Mumbai,2015-09-24,123.0,,51.67,105.95,26.41,0.0,7.71,34.07
Mumbai,2015-09-25,123.0,,51.67,105.95,26.41,0.0,7.71,34.07
Mumbai,2015-09-26,123.0,,51.67,105.95,26.41,0.0,7.71,34.07
Mumbai,2015-09-27,123.0,,51.67,105.95,26.41,0.0,7.71,34.07
Mumbai,2015-09-28,123.0,,51.67,105.95,26.41,0.0,7.71,34.07
Mumbai,2015-09-29,123.0,,51.67,105.95,26.41,0.0,7.71,34.07
Mumbai,2015-09-30,123.0,,51.67,105.95,26.41,0.0,7.71,34.07
Mumbai,2015-10-01,123.0,,51.67,105.95,26.41,0.0,7.71,34.07
Mumbai,2015-10-02,123.0,,51.67,105.95,26.41,0.0,7.71,34.07
Mumbai,2015-10-03,123.0,,51.67,105.95,26.41,0.0,7.71,34.07
Mumbai,2015-10-04,123.0,,51.67,105.95,26.41,0.0,7.71,34.07
Mumbai,2015-10-05,123.0,,51.67,105.95,26.41,0.0,7.71,34.07
Mumbai,2015-10-06,123.0,,51.67,105.95,26.41,0.0,7.71,34.07
Mumbai,2015-10-07,123.0,,51.67,105.95,26.41,0.0,7.71,34.07
Mumbai,2015-10-08,123.0,,51.67,105.95,26.41,0.0,7.71,34.07
Mumbai,2015-10-09,123.0,,51.67,105.95,26.41,0.0,7.71,34.07
Mumbai,2015-10-10,123.0,,51.67,105.95,26.41,0.0,7.71,34.07
Mumbai,2015-10-11,123.0,,51.67,105.95,26.41,0.0,7.71,34.07
Mumbai,2015-10-12,123.0,,51.67,105.95,26.41,0.0,7.71,34.07
Mumbai,2015-10-13,123.0,,51.67,105.95,26.41,0.0,7.71,34.07
Mumbai,2015-10-14,123.0,,51.67,105.95,26.41,0.0,7.71,34.07
Mumbai,2015-10-15,123.0,,51.67,105.95,26.41,0.0,7.71,34.07
Mumbai,2015-10-16,123.0,,51.67,105.95,26.41,0.0,7.71,34.07
Mumbai,2015-10-17,123.0,,51.67,105.95,26.41,0.0,7.71,34.07
Mumbai,2015-10-18,123.0,,51.67,105.95,26.41,0.0,7.71,34.07
Mumbai,2015-10-19,123.0,,51.67,105.95,26.41,0.0,7.71,34.07
Mumbai,2015-10-20,123.0,,51.67,105.95,26.41,0.0,7.71,34.07
Mumbai,2015-10-21,123.0,,51.67,105.95,26.41,0.0,7.71,34.07
Mumbai,2015-10-22,123.0,,51.67,105.95,26.41,0.0,7.71,34.07
Mumbai,2015-10-23,123.0,,51.67,105.95,26.41,0.0,7.71,34.07
Mumbai,2015-10-24,123.0,,51.67,105.95,26.41,0.0,7.71,34.07
Mumbai,2015-10-25,123.0,,51.67,105.95,26.41,0.0,7.71,34.07
Mumbai,2015-10-26,123.0,,51.67,105.95,26.41,0.0,7.71,34.07
Mumbai,2015-10-27,123.0,,51.67,105.95,26.41,0.0,7.71,34.07
Mumbai,2015-10-28,123.0,,51.67,105.95,26.41,0.0,7.71,34.07
Mumbai,2015-10-29,123.0,,51.67,105.95,26.41,0.0,7.71,34.07
Mumbai,2015-10-30,123.0,,51.67,105.95,26.41,0.0,7.71,34.07
Mumbai,2015-10-31,123.0,,51.67,105.95,26.41,0.0,7.71,34.07
Mumbai,2015-11-01,123.0,,51.67,105.95,26.41,0.0,7.71,34.07
Mumbai,2015-11-02,123.0,,51.67,105.95,26.41,0.0,7.71,34.07
Mumbai,2015-11-03,123.0,,51.67,105.95,26.41,0.0,7.71,34.07
Mumbai,2015-11-04,123.0,,51.67,105.95,26.41,0.0,7.71,34.07
Mumbai,2015-11-05,123.0,,51.67,105.95,26.41,0.0,7.71,34.07
Mumbai,2015-11-06,123.0,,51.67,105.95,26.41,0.0,7.71,34.07
Mumbai,2015-11-07,123.0,,51.67,105.95,26.41,0.0,7.71,34.07
Mumbai,2015-11-08,123.0,,51.67,105.95,26.41,0.0,7.71,34.07
Mumbai,2015-11-09,123.0,,51.67,105.95,26.41,0.0,7.71,34.07
Mumbai,2015-11-10,123.0,,51.67,105.95,26.41,0.0,7.71,34.07
Mumbai,2015-11-11,123.0,,51.67,105.95,26.41,0.0,7.71,34.07
Mumbai,2015-11-12,123.0,,51.67,105.95,26.41,0.0,7.71,34.07
Mumbai,2015-11-13,123.0,,51.67,105.95,26.41,0.0,7.71,34.07
Mumbai,2015-11-14,123.0,,51.67,105.95,26.41,0.0,7.71,34.07
Mumbai,2015-11-15,123.0,,51.67,105.95,26.41,0.0,7.71,34.07
Mumbai,2015-11-16,123.0,,51.67,105.95,26.41,0.0,7.71,34.07
Mumbai,2015-11-17,123.0,,51.67,105.95,26.41,0.0,7.71,34.07
Mumbai,2015-11-18,123.0,,51.67,105.95,26.41,0.0,7.71,34.07
Mumbai,2015-11-19,123.0,,51.67,105.95,26.41,0.0,7.71,34.07
Mumbai,2015-11-20,123.0,,51.67,105.95,26.41,0.0,7.71,34.07
Mumbai,2015-11-21,123.0,,51.67,105.95,26.41,0.0,7.71,34.07
Mumbai,2015-11-22,123.0,,51.67,105.95,26.41,0.0,7.71,34.07
Mumbai,2015-11-23,123.0,,51.67,105.95,26.41,0.0,7.71,34.07
Mumbai,2015-11-24,123.0,,51.67,105.95,26.41,0.0,7.71,34.07
Mumbai,2015-11-25,123.0,,51.67,105.95,26.41,0.0,7.71,34.07
Mumbai,2015-11-26,123.0,,51.67,105.95,26.41,0.0,7.71,34.07
Mumbai,2015-11-27,123.0,,51.67,105.95,26.41,0.0,7.71,34.07
Mumbai,2015-11-28,123.0,,51.67,105.95,26.41,0.0,7.71,34.07
Mumbai,2015-11-29,123.0,,51.67,105.95,26.41,0.0,7.71,34.07
Mumbai,2015-11-30,123.0,,51.67,105.95,26.41,0.0,7.71,34.07
Mumbai,2015-12-01,123.0,,51.67,105.95,26.41,0.0,7.71,34.07
Mumbai,2015-12-02,123.0,,51.67,105.95,26.41,0.0,7.71,34.07
Mumbai,2015-12-03,123.0,,51.67,105.95,26.41,0.0,7.71,34.07
Mumbai,2015-12-04,123.0,,51.67,105.95,26.41,0.0,7.71,34.07
Mumbai,2015-12-05,123.0,,51.67,105.95,26.41,0.0,7.71,34.07
Mumbai,2015-12-06,123.0,,51.67,105.95,26.41,0.0,7.71,34.07
Mumbai,2015-12-07,123.0,,51.67,105.95,26.41,0.0,7.71,34.07
Mumbai,2015-12-08,123.0,,51.67,105.95,26.41,0.0,7.71,34.07
Mumbai,2015-12-09,123.0,,51.67,105.95,26.41,0.0,7.71,34.07
Mumbai,2015-12-10,123.0,,51.67,105.95,26.41,0.0,7.71,34.07
Mumbai,2015-12-11,123.0,,51.67,105.95,26.41,0.0,7.71,34.07
Mumbai,2015-12-12,123.0,,51.67,105.95,26.41,0.0,7.71,34.07
Mumbai,2015-12-13,123.0,,51.67,105.95,26.41,0.0,7.71,34.07
Mumbai,2015-12-14,123.0,,51.67,105.95,26.41,0.0,7.71,34.07
Mumbai,2015-12-15,123.0,,51.67,105.95,26.41,0.0,7.71,34.07
Mumbai,2015-12-16,123.0,,51.67,105.95,26.41,0.0,7.71,34.07
Mumbai,2015-12-17,123.0,,51.67,105.95,26.41,0.0,7.71,34.07
Mumbai,2015-12-18,123.0,,51.67,105.95,26.41,0.0,7.71,34.07
Mumbai,2015-12-19,123.0,,51.67,105.95,26.41,0.0,7.71,34.07
Mumbai,2015-12-20,123.0,,51.67,105.95,26.41,0.0,7.71,34.07
Mumbai,2015-12-21,123.0,,51.67,105.95,26.41,0.0,7.71,34.07
Mumbai,2015-12-22,123.0,,51.67,105.95,26.41,0.0,7.71,34.07
Mumbai,2015-12-23,123.0,,51.67,105.95,26.41,0.0,7.71,34.07
Mumbai,2015-12-24,123.0,,51.67,105.95,26.41,0.0,7.71,34.07
Mumbai,2015-12-25,123.0,,51.67,105.95,26.41,0.0,7.71,34.07
Mumbai,2015-12-26,123.0,,51.67,105.95,26.41,0.0,7.71,34.07
Mumbai,2015-12-27,123.0,,51.67,105.95,26.41,0.0,7.71,34.07
Mumbai,2015-12-28,123.0,,51.67,105.95,26.41,0.0,7.71,34.07
Mumbai,2015-12-29,123.0,,51.67,105.95,26.41,0.0,7.71,34.07
Mumbai,2015-12-30,123.0,,51.67,105.95,26.41,0.0,7.71,34.07
Mumbai,2015-12-31,123.0,,51.67,105.95,26.41,0.0,7.71,34.07
Mumbai,2016-01-01,123.0,,51.67,105.95,26.41,0.0,7.71,34.07
Mumbai,2016-01-02,123.0,,51.67,105.95,26.41,0.0,7.71,34.07
Mumbai,2016-01-03,123.0,,51.67,105.95,26.41,0.0,7.71,34.07
Mumbai,2016-01-04,123.0,,51.67,105.95,26.41,0.0,7.71,34.07
Mumbai,2016-01-05,123.0,,51.67,105.95,26.41,0.0,7.71,34.07
Mumbai,2016-01-06,123.0,,51.67,105.95,26.41,0.0,7.71,34.07
Mumbai,2016-01-07,123.0,,51.67,105.95,26.41,0.0,7.71,34.07
Mumbai,2016-01-08,123.0,,51.67,105.95,26.41,0.0,7.71,34.07
Mumbai,2016-01-09,123.0,,51.67,105.95,26.41,0.0,7.71,34.07
Mumbai,2016-01-10,123.0,,51.67,105.95,26.41,0.0,7.71,34.07
Mumbai,2016-01-11,123.0,,51.67,105.95,26.41,0.0,7.71,34.07
Mumbai,2016-01-12,123.0,,51.67,105.95,26.41,0.0,7.71,34.07
Mumbai,2016-01-13,123.0,,51.67,105.95,26.41,0.0,7.71,34.07
Mumbai,2016-01-14,123.0,,51.67,105.95,26.41,0.0,7.71,34.07
Mumbai,2016-01-15,123.0,,51.67,105.95,26.41,0.0,7.71,34.07
Mumbai,2016-01-16,123.0,,51.67,105.95,26.41,0.0,7.71,34.07
Mumbai,2016-01-17,123.0,,51.67,105.95,26.41,0.0,7.71,34.07
Mumbai,2016-01-18,123.0,,51.67,105.95,26.41,0.0,7.71,34.07
Mumbai,2016-01-19,123.0,,51.67,105.95,26.41,0.0,7.71,34.07
Mumbai,2016-01-20,123.0,,51.67,105.95,26.41,0.0,7.71,34.07
Mumbai,2016-01-21,123.0,,51.67,105.95,26.41,0.0,7.71,34.07
Mumbai,2016-01-22,123.0,,51.67,105.95,26.41,0.0,7.71,34.07
Mumbai,2016-01-23,123.0,,51.67,105.95,26.41,0.0,7.71,34.07
Mumbai,2016-01-24,123.0,,51.67,105.95,26.41,0.0,7.71,34.07
Mumbai,2016-01-25,123.0,,51.67,105.95,26.41,0.0,7.71,34.07
Mumbai,2016-01-26,123.0,,51.67,105.95,26.41,0.0,7.71,34.07
Mumbai,2016-01-27,123.0,,51.67,105.95,26.41,0.0,7.71,34.07
Mumbai,2016-01-28,123.0,,51.67,105.95,26.41,0.0,7.71,34.07
Mumbai,2016-01-29,123.0,,51.67,105.95,26.41,0.0,7.71,34.07
Mumbai,2016-01-30,123.0,,51.67,105.95,26.41,0.0,7.71,34.07
Mumbai,2016-01-31,123.0,,51.67,105.95,26.41,0.0,7.71,34.07
Mumbai,2016-02-01,123.0,,51.67,105.95,26.41,0.0,7.71,34.07
Mumbai,2016-02-02,123.0,,51.67,105.95,26.41,0.0,7.71,34.07
Mumbai,2016-02-03,123.0,,51.67,105.95,26.41,0.0,7.71,34.07
Mumbai,2016-02-04,123.0,,51.67,105.95,26.41,0.0,7.71,34.07
Mumbai,2016-02-05,123.0,,51.67,105.95,26.41,0.0,7.71,34.07
Mumbai,2016-02-06,123.0,,51.67,105.95,26.41,0.0,7.71,34.07
Mumbai,2016-02-07,123.0,,51.67,105.95,26.41,0.0,7.71,34.07
Mumbai,2016-02-08,123.0,,51.67,105.95,26.41,0.0,7.71,34.07
Mumbai,2016-02-09,123.0,,51.67,105.95,26.41,0.0,7.71,34.07
Mumbai,2016-02-10,123.0,,51.67,105.95,26.41,0.0,7.71,34.07
Mumbai,2016-02-11,123.0,,51.67,105.95,26.41,0.0,7.71,34.07
Mumbai,2016-02-12,123.0,,51.67,105.95,26.41,0.0,7.71,34.07
Mumbai,2016-02-13,123.0,,51.67,105.95,26.41,0.0,7.71,34.07
Mumbai,2016-02-14,123.0,,51.67,105.95,26.41,0.0,7.71,34.07
Mumbai,2016-02-15,123.0,,51.67,105.95,26.41,0.0,7.71,34.07
Mumbai,2016-02-16,123.0,,51.67,105.95,26.41,0.0,7.71,34.07
Mumbai,2016-02-17,123.0,,51.67,105.95,26.41,0.0,7.71,34.07
Mumbai,2016-02-18,123.0,,51.67,105.95,26.41,0.0,7.71,34.07
Mumbai,2016-02-19,123.0,,51.67,105.95,26.41,0.0,7.71,34.07
Mumbai,2016-02-20,123.0,,51.67,105.95,26.41,0.0,7.71,34.07
Mumbai,2016-02-21,123.0,,51.67,105.95,26.41,0.0,7.71,34.07
Mumbai,2016-02-22,123.0,,51.67,105.95,26.41,0.0,7.71,34.07
Mumbai,2016-02-23,123.0,,51.67,105.95,26.41,0.0,7.71,34.07
Mumbai,2016-02-24,123.0,,51.67,105.95,26.41,0.0,7.71,34.07
Mumbai,2016-02-25,123.0,,51.67,105.95,26.41,0.0,7.71,34.07
Mumbai,2016-02-26,123.0,,51.67,105.95,26.41,0.0,7.71,34.07
Mumbai,2016-02-27,123.0,,51.67,105.95,26.41,0.0,7.71,34.07
Mumbai,2016-02-28,123.0,,51.67,105.95,26.41,0.0,7.71,34.07
Mumbai,2016-02-29,123.0,,51.67,105.95,26.41,0.0,7.71,34.07
Mumbai,2016-03-01,123.0,,51.67,105.95,26.41,0.0,7.71,34.07
Mumbai,2016-03-02,123.0,,51.67,105.95,26.41,0.0,7.71,34.07
Mumbai,2016-03-03,123.0,,51.67,105.95,26.41,0.0,7.71,34.07
Mumbai,2016-03-04,123.0,,51.67,105.95,26.41,0.0,7.71,34.07
Mumbai,2016-03-05,123.0,,51.67,105.95,26.41,0.0,7.71,34.07
Mumbai,2016-03-06,123.0,,51.67,105.95,26.41,0.0,7.71,34.07
Mumbai,2016-03-07,123.0,,51.67,105.95,26.41,0.0,7.71,34.07
Mumbai,2016-03-08,123.0,,51.67,105.95,26.41,0.0,7.71,34.07
Mumbai,2016-03-09,123.0,,51.67,105.95,26.41,0.0,7.71,34.07
Mumbai,2016-03-10,123.0,,51.67,105.95,26.41,0.0,7.71,34.07
Mumbai,2016-03-11,123.0,,51.67,105.95,26.41,0.0,7.71,34.07
Mumbai,2016-03-12,123.0,,51.67,105.95,26.41,0.0,7.71,34.07
Mumbai,2016-03-13,123.0,,51.67,105.95,26.41,0.0,7.71,34.07
Mumbai,2016-03-14,123.0,,51.67,105.95,26.41,0.0,7.71,34.07
Mumbai,2016-03-15,123.0,,51.67,105.95,26.41,0.0,7.71,34.07
Mumbai,2016-03-16,123.0,,51.67,105.95,26.41,0.0,7.71,34.07
Mumbai,2016-03-17,123.0,,51.67,105.95,26.41,0.0,7.71,34.07
Mumbai,2016-03-18,123.0,,51.67,105.95,26.41,0.0,7.71,34.07
Mumbai,2016-03-19,123.0,,51.67,105.95,26.41,0.0,7.71,34.07
Mumbai,2016-03-20,123.0,,51.67,105.95,26.41,0.0,7.71,34.07
Mumbai,2016-03-21,123.0,,51.67,105.95,26.41,0.0,7.71,34.07
Mumbai,2016-03-22,123.0,,51.67,105.95,26.41,0.0,7.71,34.07
Mumbai,2016-03-23,123.0,,51.67,105.95,26.41,0.0,7.71,34.07
Mumbai,2016-03-24,123.0,,51.67,105.95,26.41,0.0,7.71,34.07
Mumbai,2016-03-25,123.0,,51.67,105.95,26.41,0.0,7.71,34.07
Mumbai,2016-03-26,123.0,,51.67,105.95,26.41,0.0,7.71,34.07
Mumbai,2016-03-27,123.0,,51.67,105.95,26.41,0.0,7.71,34.07
Mumbai,2016-03-28,123.0,,51.67,105.95,26.41,0.0,7.71,34.07
Mumbai,2016-03-29,123.0,,51.67,105.95,26.41,0.0,7.71,34.07
Mumbai,2016-03-30,123.0,,51.67,105.95,26.41,0.0,7.71,34.07
Mumbai,2016-03-31,123.0,,51.67,105.95,26.41,0.0,7.71,34.07
Mumbai,2016-04-01,123.0,,51.67,105.95,26.41,0.0,7.71,34.07
Mumbai,2016-04-02,123.0,,51.67,105.95,26.41,0.0,7.71,34.07
Mumbai,2016-04-03,123.0,,51.67,105.95,26.41,0.0,7.71,34.07
Mumbai,2016-04-04,123.0,,51.67,105.95,26.41,0.0,7.71,34.07
Mumbai,2016-04-05,123.0,,51.67,105.95,26.41,0.0,7.71,34.07
Mumbai,2016-04-06,123.0,,51.67,105.95,26.41,0.0,7.71,34.07
Mumbai,2016-04-07,123.0,,51.67,105.95,26.41,0.0,7.71,34.07
Mumbai,2016-04-08,123.0,,51.67,105.95,26.41,0.0,7.71,34.07
Mumbai,2016-04-09,123.0,,51.67,105.95,26.41,0.0,7.71,34.07
Mumbai,2016-04-10,123.0,,51.67,105.95,26.41,0.0,7.71,34.07
Mumbai,2016-04-11,123.0,,51.67,105.95,26.41,0.0,7.71,34.07
Mumbai,2016-04-12,123.0,,51.67,105.95,26.41,0.0,7.71,34.07
Mumbai,2016-04-13,123.0,,51.67,105.95,26.41,0.0,7.71,34.07
Mumbai,2016-04-14,123.0,,51.67,105.95,26.41,0.0,7.71,34.07
Mumbai,2016-04-15,123.0,,51.67,105.95,26.41,0.0,7.71,34.07
Mumbai,2016-04-16,123.0,,51.67,105.95,26.41,0.0,7.71,34.07
Mumbai,2016-04-17,123.0,,51.67,105.95,26.41,0.0,7.71,34.07
Mumbai,2016-04-18,123.0,,51.67,105.95,26.41,0.0,7.71,34.07
Mumbai,2016-04-19,123.0,,51.67,105.95,26.41,0.0,7.71,34.07
Mumbai,2016-04-20,123.0,,51.67,105.95,26.41,0.0,7.71,34.07
Mumbai,2016-04-21,123.0,,51.67,105.95,26.41,0.0,7.71,34.07
Mumbai,2016-04-22,123.0,,51.67,105.95,26.41,0.0,7.71,34.07
Mumbai,2016-04-23,123.0,,51.67,105.95,26.41,0.0,7.71,34.07
Mumbai,2016-04-24,123.0,,51.67,105.95,26.41,0.0,7.71,34.07
Mumbai,2016-04-25,123.0,,51.67,105.95,26.41,0.0,7.71,34.07
Mumbai,2016-04-26,123.0,,51.67,105.95,26.41,0.0,7.71,34.07
Mumbai,2016-04-27,123.0,,51.67,105.95,26.41,0.0,7.71,34.07
Mumbai,2016-04-28,123.0,,51.67,105.95,26.41,0.0,7.71,34.07
Mumbai,2016-04-29,123.0,,51.67,105.95,26.41,0.0,7.71,34.07
Mumbai,2016-04-30,123.0,,51.67,105.95,26.41,0.0,7.71,34.07
Mumbai,2016-05-01,123.0,,51.67,105.95,26.41,0.0,7.71,34.07
Mumbai,2016-05-02,123.0,,51.67,105.95,26.41,0.0,7.71,34.07
Mumbai,2016-05-03,123.0,,51.67,105.95,26.41,0.0,7.71,34.07
Mumbai,2016-05-04,123.0,,51.67,105.95,26.41,0.0,7.71,34.07
Mumbai,2016-05-05,123.0,,51.67,105.95,26.41,0.0,7.71,34.07
Mumbai,2016-05-06,123.0,,51.67,105.95,26.41,0.0,7.71,34.07
Mumbai,2016-05-07,123.0,,51.67,105.95,26.41,0.0,7.71,34.07
Mumbai,2016-05-08,123.0,,51.67,105.95,26.41,0.0,7.71,34.07
Mumbai,2016-05-09,123.0,,51.67,105.95,26.41,0.0,7.71,34.07
Mumbai,2016-05-10,123.0,,51.67,105.95,26.41,0.0,7.71,34.07
Mumbai,2016-05-11,123.0,,51.67,105.95,26.41,0.0,7.71,34.07
Mumbai,2016-05-12,123.0,,51.67,105.95,26.41,0.0,7.71,34.07
Mumbai,2016-05-13,123.0,,51.67,105.95,26.41,0.0,7.71,34.07
Mumbai,2016-05-14,123.0,,51.67,105.95,26.41,0.0,7.71,34.07
Mumbai,2016-05-15,123.0,,51.67,105.95,26.41,0.0,7.71,34.07
Mumbai,2016-05-16,123.0,,51.67,105.95,26.41,0.0,7.71,34.07
Mumbai,2016-05-17,123.0,,51.67,105.95,26.41,0.0,7.71,34.07
Mumbai,2016-05-18,123.0,,51.67,105.95,26.41,0.0,7.71,34.07
Mumbai,2016-05-19,123.0,,51.67,105.95,26.41,0.0,7.71,34.07
Mumbai,2016-05-20,123.0,,51.67,105.95,26.41,0.0,7.71,34.07
Mumbai,2016-05-21,123.0,,51.67,105.95,26.41,0.0,7.71,34.07
Mumbai,2016-05-22,123.0,,51.67,105.95,26.41,0.0,7.71,34.07
Mumbai,2016-05-23,123.0,,51.67,105.95,26.41,0.0,7.71,34.07
Mumbai,2016-05-24,123.0,,51.67,105.95,26.41,0.0,7.71,34.07
Mumbai,2016-05-25,123.0,,51.67,105.95,26.41,0.0,7.71,34.07
Mumbai,2016-05-26,123.0,,51.67,105.95,26.41,0.0,7.71,34.07
Mumbai,2016-05-27,123.0,,51.67,105.95,26.41,0.0,7.71,34.07
Mumbai,2016-05-28,123.0,,51.67,105.95,26.41,0.0,7.71,34.07
Mumbai,2016-05-29,123.0,,51.67,105.95,26.41,0.0,7.71,34.07
Mumbai,2016-05-30,123.0,,51.67,105.95,26.41,0.0,7.71,34.07
Mumbai,2016-05-31,123.0,,51.67,105.95,26.41,0.0,7.71,34.07
Mumbai,2016-06-01,123.0,,51.67,105.95,26.41,0.0,7.71,34.07
Mumbai,2016-06-02,123.0,,51.67,105.95,26.41,0.0,7.71,34.07
Mumbai,2016-06-03,123.0,,51.67,105.95,26.41,0.0,7.71,34.07
Mumbai,2016-06-04,123.0,,51.67,105.95,26.41,0.0,7.71,34.07
Mumbai,2016-06-05,123.0,,51.67,105.95,26.41,0.0,7.71,34.07
Mumbai,2016-06-06,123.0,,51.67,105.95,26.41,0.0,7.71,34.07
Mumbai,2016-06-07,123.0,,51.67,105.95,26.41,0.0,7.71,34.07
Mumbai,2016-06-08,123.0,,51.67,105.95,26.41,0.0,7.71,34.07
Mumbai,2016-06-09,123.0,,51.67,105.95,26.41,0.0,7.71,34.07
Mumbai,2016-06-10,123.0,,51.67,105.95,26.41,0.0,7.71,34.07
Mumbai,2016-06-11,123.0,,51.67,105.95,26.41,0.0,7.71,34.07
Mumbai,2016-06-12,123.0,,51.67,105.95,26.41,0.0,7.71,34.07
Mumbai,2016-06-13,123.0,,51.67,105.95,26.41,0.0,7.71,34.07
Mumbai,2016-06-14,123.0,,51.67,105.95,26.41,0.0,7.71,34.07
Mumbai,2016-06-15,123.0,,51.67,105.95,26.41,0.0,7.71,34.07
Mumbai,2016-06-16,123.0,,51.67,105.95,26.41,0.0,7.71,34.07
Mumbai,2016-06-17,123.0,,51.67,105.95,26.41,0.0,7.71,34.07
Mumbai,2016-06-18,123.0,,51.67,105.95,26.41,0.0,7.71,34.07
Mumbai,2016-06-19,123.0,,51.67,105.95,26.41,0.0,7.71,34.07
Mumbai,2016-06-20,123.0,,51.67,105.95,26.41,0.0,7.71,34.07
Mumbai,2016-06-21,123.0,,51.67,105.95,26.41,0.0,7.71,34.07
Mumbai,2016-06-22,123.0,,51.67,105.95,26.41,1.0,7.71,34.07
Mumbai,2016-06-23,123.0,,51.67,105.95,26.41,1.0,7.71,34.07
Mumbai,2016-06-24,123.0,,51.67,105.95,26.41,0.0,7.71,34.07
Mumbai,2016-06-25,123.0,,51.67,105.95,26.41,1.0,7.71,34.07
Mumbai,2016-06-26,123.0,,51.67,105.95,26.41,1.0,7.71,34.07
Mumbai,2016-06-27,123.0,,51.67,105.95,26.41,1.0,7.71,34.07
Mumbai,2016-06-28,123.0,,51.67,105.95,26.41,1.0,7.71,34.07
Mumbai,2016-06-29,123.0,,51.67,105.95,26.41,1.0,7.71,34.07
Mumbai,2016-06-30,123.0,,51.67,105.95,26.41,1.0,7.71,34.07
Mumbai,2016-07-01,123.0,,51.67,105.95,26.41,1.0,7.71,34.07
Mumbai,2016-07-02,123.0,,51.67,105.95,26.41,0.0,7.71,34.07
Mumbai,2016-07-03,123.0,,51.67,105.95,26.41,0.0,7.71,34.07
Mumbai,2016-07-04,123.0,,51.67,105.95,26.41,0.0,7.71,34.07
Mumbai,2016-07-05,123.0,,51.67,105.95,26.41,0.0,7.71,34.07
Mumbai,2016-07-06,123.0,,51.67,105.95,26.41,0.0,7.71,34.07
Mumbai,2016-07-07,123.0,,51.67,105.95,26.41,0.0,7.71,34.07
Mumbai,2016-07-08,123.0,,51.67,105.95,26.41,0.0,7.71,34.07
Mumbai,2016-07-09,123.0,,51.67,105.95,26.41,0.0,7.71,34.07
Mumbai,2016-07-10,123.0,,51.67,105.95,26.41,0.0,7.71,34.07
Mumbai,2016-07-11,123.0,,51.67,105.95,26.41,0.0,7.71,34.07
Mumbai,2016-07-12,123.0,,51.67,105.95,26.41,0.0,7.71,34.07
Mumbai,2016-07-13,123.0,,51.67,105.95,26.41,0.0,7.71,34.07
Mumbai,2016-07-14,123.0,,51.67,105.95,26.41,0.0,7.71,34.07
Mumbai,2016-07-15,123.0,,51.67,105.95,26.41,0.0,7.71,34.07
Mumbai,2016-07-16,123.0,,51.67,105.95,26.41,0.0,7.71,34.07
Mumbai,2016-07-17,123.0,,51.67,105.95,26.41,0.0,7.71,34.07
Mumbai,2016-07-18,123.0,,51.67,105.95,26.41,0.0,7.71,34.07
Mumbai,2016-07-19,123.0,,51.67,105.95,26.41,0.0,7.71,34.07
Mumbai,2016-07-20,123.0,,51.67,105.95,26.41,0.0,7.71,34.07
Mumbai,2016-07-21,123.0,,51.67,105.95,26.41,0.0,7.71,34.07
Mumbai,2016-07-22,123.0,,51.67,105.95,26.41,0.0,7.71,34.07
Mumbai,2016-07-23,123.0,,51.67,105.95,26.41,0.0,7.71,34.07
Mumbai,2016-07-24,123.0,,51.67,105.95,26.41,0.0,7.71,34.07
Mumbai,2016-07-25,123.0,,51.67,105.95,26.41,0.0,7.71,34.07
Mumbai,2016-07-26,123.0,,51.67,105.95,26.41,0.0,7.71,34.07
Mumbai,2016-07-27,123.0,,51.67,105.95,26.41,0.0,7.71,34.07
Mumbai,2016-07-28,123.0,,51.67,105.95,26.41,0.0,7.71,34.07
Mumbai,2016-07-29,123.0,,51.67,105.95,26.41,0.0,7.71,34.07
Mumbai,2016-07-30,123.0,,51.67,105.95,26.41,0.0,7.71,34.07
Mumbai,2016-07-31,123.0,,51.67,105.95,26.41,0.0,7.71,34.07
Mumbai,2016-08-01,123.0,,51.67,105.95,26.41,0.0,7.71,34.07
Mumbai,2016-08-02,123.0,,51.67,105.95,26.41,0.0,7.71,34.07
Mumbai,2016-08-03,123.0,,51.67,105.95,26.41,0.0,7.71,34.07
Mumbai,2016-08-04,123.0,,51.67,105.95,26.41,0.0,7.71,34.07
Mumbai,2016-08-05,123.0,,51.67,105.95,26.41,0.0,7.71,34.07
Mumbai,2016-08-06,123.0,,51.67,105.95,26.41,0.0,7.71,34.07
Mumbai,2016-08-07,123.0,,51.67,105.95,26.41,0.0,7.71,34.07
Mumbai,2016-08-08,123.0,,51.67,105.95,26.41,0.0,7.71,34.07
Mumbai,2016-08-09,123.0,,51.67,105.95,26.41,0.0,7.71,34.07
Mumbai,2016-08-10,123.0,,51.67,105.95,26.41,0.0,7.71,34.07
Mumbai,2016-08-11,123.0,,51.67,105.95,26.41,0.0,7.71,34.07
Mumbai,2016-08-12,123.0,,51.67,105.95,26.41,0.0,7.71,34.07
Mumbai,2016-08-13,123.0,,51.67,105.95,26.41,0.0,7.71,34.07
Mumbai,2016-08-14,123.0,,51.67,105.95,26.41,0.0,7.71,34.07
Mumbai,2016-08-15,123.0,,51.67,105.95,26.41,0.0,7.71,34.07
Mumbai,2016-08-16,123.0,,51.67,105.95,26.41,0.0,7.71,34.07
Mumbai,2016-08-17,123.0,,51.67,105.95,26.41,0.0,7.71,34.07
Mumbai,2016-08-18,123.0,,51.67,105.95,26.41,0.0,7.71,34.07
Mumbai,2016-08-19,123.0,,51.67,105.95,26.41,0.0,7.71,34.07
Mumbai,2016-08-20,123.0,,51.67,105.95,26.41,0.0,7.71,34.07
Mumbai,2016-08-21,123.0,,51.67,105.95,26.41,0.0,7.71,34.07
Mumbai,2016-08-22,123.0,,51.67,105.95,26.41,0.0,7.71,34.07
Mumbai,2016-08-23,123.0,,51.67,105.95,26.41,0.0,7.71,34.07
Mumbai,2016-08-24,123.0,,51.67,105.95,26.41,0.0,7.71,34.07
Mumbai,2016-08-25,123.0,,51.67,105.95,26.41,0.0,7.71,34.07
Mumbai,2016-08-26,123.0,,51.67,105.95,26.41,0.0,7.71,34.07
Mumbai,2016-08-27,123.0,,51.67,105.95,26.41,0.0,7.71,34.07
Mumbai,2016-08-28,123.0,,51.67,105.95,26.41,0.0,7.71,34.07
Mumbai,2016-08-29,123.0,,51.67,105.95,26.41,0.0,7.71,34.07
Mumbai,2016-08-30,123.0,,51.67,105.95,26.41,0.0,7.71,34.07
Mumbai,2016-08-31,123.0,,51.67,105.95,26.41,0.0,7.71,34.07
Mumbai,2016-09-01,123.0,,51.67,105.95,26.41,0.0,7.71,34.07
Mumbai,2016-09-02,123.0,,51.67,105.95,26.41,0.0,7.71,34.07
Mumbai,2016-09-03,123.0,,51.67,105.95,26.41,0.0,7.71,34.07
Mumbai,2016-09-04,123.0,,51.67,105.95,26.41,0.0,7.71,34.07
Mumbai,2016-09-05,123.0,,51.67,105.95,26.41,0.0,7.71,34.07
Mumbai,2016-09-06,123.0,,51.67,105.95,26.41,0.0,7.71,34.07
Mumbai,2016-09-07,123.0,,51.67,105.95,26.41,0.0,7.71,34.07
Mumbai,2016-09-08,123.0,,51.67,105.95,26.41,0.0,7.71,34.07
Mumbai,2016-09-09,123.0,,51.67,105.95,26.41,0.0,7.71,34.07
Mumbai,2016-09-10,123.0,,51.67,105.95,26.41,0.0,7.71,34.07
Mumbai,2016-09-11,123.0,,51.67,105.95,26.41,0.0,7.71,34.07
Mumbai,2016-09-12,123.0,,51.67,105.95,26.41,0.0,7.71,34.07
Mumbai,2016-09-13,123.0,,51.67,105.95,26.41,0.0,7.71,34.07
Mumbai,2016-09-14,123.0,,51.67,105.95,26.41,0.0,7.71,34.07
Mumbai,2016-09-15,123.0,,51.67,105.95,26.41,0.0,7.71,34.07
Mumbai,2016-09-16,123.0,,51.67,105.95,26.41,0.0,7.71,34.07
Mumbai,2016-09-17,123.0,,51.67,105.95,26.41,0.0,7.71,34.07
Mumbai,2016-09-18,123.0,,51.67,105.95,26.41,0.0,7.71,34.07
Mumbai,2016-09-19,123.0,,51.67,105.95,26.41,0.0,7.71,34.07
Mumbai,2016-09-20,123.0,,51.67,105.95,26.41,0.0,7.71,34.07
Mumbai,2016-09-21,123.0,,51.67,105.95,26.41,0.0,7.71,34.07
Mumbai,2016-09-22,123.0,,51.67,105.95,26.41,0.0,7.71,34.07
Mumbai,2016-09-23,123.0,,51.67,105.95,26.41,0.0,7.71,34.07
Mumbai,2016-09-24,123.0,,51.67,105.95,26.41,0.0,7.71,34.07
Mumbai,2016-09-25,123.0,,51.67,105.95,26.41,0.0,7.71,34.07
Mumbai,2016-09-26,123.0,,51.67,105.95,26.41,0.0,7.71,34.07
Mumbai,2016-09-27,123.0,,51.67,105.95,26.41,0.0,7.71,34.07
Mumbai,2016-09-28,123.0,,51.67,105.95,26.41,0.0,7.71,34.07
Mumbai,2016-09-29,123.0,,51.67,105.95,26.41,0.0,7.71,34.07
Mumbai,2016-09-30,123.0,,51.67,105.95,26.41,0.0,7.71,34.07
Mumbai,2016-10-01,123.0,,51.67,105.95,26.41,0.0,7.71,34.07
Mumbai,2016-10-02,123.0,,51.67,105.95,26.41,0.0,7.71,34.07
Mumbai,2016-10-03,123.0,,51.67,105.95,26.41,0.0,7.71,34.07
Mumbai,2016-10-04,123.0,,51.67,105.95,26.41,0.0,7.71,34.07
Mumbai,2016-10-05,123.0,,51.67,105.95,26.41,0.0,7.71,34.07
Mumbai,2016-10-06,123.0,,51.67,105.95,26.41,0.0,7.71,34.07
Mumbai,2016-10-07,123.0,,51.67,105.95,26.41,0.0,7.71,34.07
Mumbai,2016-10-08,123.0,,51.67,105.95,26.41,0.0,7.71,34.07
Mumbai,2016-10-09,123.0,,51.67,105.95,26.41,0.0,7.71,34.07
Mumbai,2016-10-10,123.0,,51.67,105.95,26.41,0.0,7.71,34.07
Mumbai,2016-10-11,123.0,,51.67,105.95,26.41,0.0,7.71,34.07
Mumbai,2016-10-12,123.0,,51.67,105.95,26.41,0.0,7.71,34.07
Mumbai,2016-10-13,123.0,,51.67,105.95,26.41,0.0,7.71,34.07
Mumbai,2016-10-14,123.0,,51.67,105.95,26.41,0.0,7.71,34.07
Mumbai,2016-10-15,123.0,,51.67,105.95,26.41,0.0,7.71,34.07
Mumbai,2016-10-16,123.0,,51.67,105.95,26.41,0.0,7.71,34.07
Mumbai,2016-10-17,123.0,,51.67,105.95,26.41,0.0,7.71,34.07
Mumbai,2016-10-18,123.0,,51.67,105.95,26.41,0.0,7.71,34.07
Mumbai,2016-10-19,123.0,,51.67,105.95,26.41,0.0,7.71,34.07
Mumbai,2016-10-20,123.0,,51.67,105.95,26.41,0.0,7.71,34.07
Mumbai,2016-10-21,123.0,,51.67,105.95,26.41,0.0,7.71,34.07
Mumbai,2016-10-22,123.0,,51.67,105.95,26.41,0.0,7.71,34.07
Mumbai,2016-10-23,123.0,,51.67,105.95,26.41,0.0,7.71,34.07
Mumbai,2016-10-24,123.0,,51.67,105.95,26.41,0.0,7.71,34.07
Mumbai,2016-10-25,123.0,,51.67,105.95,26.41,0.0,7.71,34.07
Mumbai,2016-10-26,123.0,,51.67,105.95,26.41,0.0,7.71,34.07
Mumbai,2016-10-27,123.0,,51.67,105.95,26.41,0.0,7.71,34.07
Mumbai,2016-10-28,123.0,,51.67,105.95,26.41,0.0,7.71,34.07
Mumbai,2016-10-29,123.0,,51.67,105.95,26.41,0.0,7.71,34.07
Mumbai,2016-10-30,123.0,,51.67,105.95,26.41,0.0,7.71,34.07
Mumbai,2016-10-31,123.0,,51.67,105.95,26.41,0.0,7.71,34.07
Mumbai,2016-11-01,123.0,,51.67,105.95,26.41,0.0,7.71,34.07
Mumbai,2016-11-02,123.0,,51.67,105.95,26.41,0.0,7.71,34.07
Mumbai,2016-11-03,123.0,,51.67,105.95,26.41,0.0,7.71,34.07
Mumbai,2016-11-04,123.0,,51.67,105.95,26.41,0.0,7.71,34.07
Mumbai,2016-11-05,123.0,,51.67,105.95,26.41,0.0,7.71,34.07
Mumbai,2016-11-06,123.0,,51.67,105.95,26.41,0.0,7.71,34.07
Mumbai,2016-11-07,123.0,,51.67,105.95,26.41,0.0,7.71,34.07
Mumbai,2016-11-08,123.0,,51.67,105.95,26.41,0.0,7.71,34.07
Mumbai,2016-11-09,123.0,,51.67,105.95,26.41,0.0,7.71,34.07
Mumbai,2016-11-10,123.0,,51.67,105.95,26.41,0.0,7.71,34.07
Mumbai,2016-11-11,123.0,,51.67,105.95,26.41,0.0,7.71,34.07
Mumbai,2016-11-12,123.0,,51.67,105.95,26.41,0.0,7.71,34.07
Mumbai,2016-11-13,123.0,,51.67,105.95,26.41,0.0,7.71,34.07
Mumbai,2016-11-14,123.0,,51.67,105.95,26.41,0.0,7.71,34.07
Mumbai,2016-11-15,123.0,,51.67,105.95,26.41,0.0,7.71,34.07
Mumbai,2016-11-16,123.0,,51.67,105.95,26.41,0.0,7.71,34.07
Mumbai,2016-11-17,123.0,,51.67,105.95,26.41,0.0,7.71,34.07
Mumbai,2016-11-18,123.0,,51.67,105.95,26.41,0.0,7.71,34.07
Mumbai,2016-11-19,123.0,,51.67,105.95,26.41,0.0,7.71,34.07
Mumbai,2016-11-20,123.0,,51.67,105.95,26.41,0.0,7.71,34.07
Mumbai,2016-11-21,123.0,,51.67,105.95,26.41,0.0,7.71,34.07
Mumbai,2016-11-22,123.0,,51.67,105.95,26.41,0.0,7.71,34.07
Mumbai,2016-11-23,123.0,,51.67,105.95,26.41,0.0,7.71,34.07
Mumbai,2016-11-24,123.0,,51.67,105.95,26.41,0.0,7.71,34.07
Mumbai,2016-11-25,123.0,,51.67,105.95,26.41,0.0,7.71,34.07
Mumbai,2016-11-26,123.0,,51.67,105.95,26.41,0.0,7.71,34.07
Mumbai,2016-11-27,123.0,,51.67,105.95,26.41,0.0,7.71,34.07
Mumbai,2016-11-28,123.0,,51.67,105.95,26.41,0.0,7.71,34.07
Mumbai,2016-11-29,123.0,,51.67,105.95,26.41,0.0,7.71,34.07
Mumbai,2016-11-30,123.0,,51.67,105.95,26.41,0.0,7.71,34.07
Mumbai,2016-12-01,123.0,,51.67,105.95,26.41,0.0,7.71,34.07
Mumbai,2016-12-02,123.0,,51.67,105.95,26.41,0.0,7.71,34.07
Mumbai,2016-12-03,123.0,,51.67,105.95,26.41,0.0,7.71,34.07
Mumbai,2016-12-04,123.0,,51.67,105.95,26.41,0.0,7.71,34.07
Mumbai,2016-12-05,123.0,,51.67,105.95,26.41,0.0,7.71,34.07
Mumbai,2016-12-06,123.0,,51.67,105.95,26.41,0.0,7.71,34.07
Mumbai,2016-12-07,123.0,,51.67,105.95,26.41,0.0,7.71,34.07
Mumbai,2016-12-08,123.0,,51.67,105.95,26.41,0.0,7.71,34.07
Mumbai,2016-12-09,123.0,,51.67,105.95,26.41,0.0,7.71,34.07
Mumbai,2016-12-10,123.0,,51.67,105.95,26.41,0.0,7.71,34.07
Mumbai,2016-12-11,123.0,,51.67,105.95,26.41,0.0,7.71,34.07
Mumbai,2016-12-12,123.0,,51.67,105.95,26.41,0.0,7.71,34.07
Mumbai,2016-12-13,123.0,,51.67,105.95,26.41,0.0,7.71,34.07
Mumbai,2016-12-14,123.0,,51.67,105.95,26.41,0.0,7.71,34.07
Mumbai,2016-12-15,123.0,,51.67,105.95,26.41,0.0,7.71,34.07
Mumbai,2016-12-16,123.0,,51.67,105.95,26.41,0.0,7.71,34.07
Mumbai,2016-12-17,123.0,,51.67,105.95,26.41,0.0,7.71,34.07
Mumbai,2016-12-18,123.0,,51.67,105.95,26.41,0.0,7.71,34.07
Mumbai,2016-12-19,123.0,,51.67,105.95,26.41,0.0,7.71,34.07
Mumbai,2016-12-20,123.0,,51.67,105.95,26.41,0.0,7.71,34.07
Mumbai,2016-12-21,123.0,,51.67,105.95,26.41,0.0,7.71,34.07
Mumbai,2016-12-22,123.0,,51.67,105.95,26.41,0.0,7.71,34.07
Mumbai,2016-12-23,123.0,,51.67,105.95,26.41,0.0,7.71,34.07
Mumbai,2016-12-24,123.0,,51.67,105.95,26.41,0.0,7.71,34.07
Mumbai,2016-12-25,123.0,,51.67,105.95,26.41,0.0,7.71,34.07
Mumbai,2016-12-26,123.0,,51.67,105.95,26.41,0.0,7.71,34.07
Mumbai,2016-12-27,123.0,,51.67,105.95,26.41,0.0,7.71,34.07
Mumbai,2016-12-28,123.0,,51.67,105.95,26.41,0.0,7.71,34.07
Mumbai,2016-12-29,123.0,,51.67,105.95,26.41,0.0,7.71,34.07
Mumbai,2016-12-30,123.0,,51.67,105.95,26.41,0.0,7.71,34.07
Mumbai,2016-12-31,123.0,,51.67,105.95,26.41,0.0,7.71,34.07
Mumbai,2017-01-01,123.0,,51.67,105.95,26.41,0.0,7.71,34.07
Mumbai,2017-01-02,123.0,,51.67,105.95,26.41,0.0,7.71,34.07
Mumbai,2017-01-03,123.0,,51.67,105.95,26.41,0.0,7.71,34.07
Mumbai,2017-01-04,123.0,,51.67,105.95,26.41,0.0,7.71,34.07
Mumbai,2017-01-05,123.0,,51.67,105.95,26.41,0.0,7.71,34.07
Mumbai,2017-01-06,123.0,,51.67,105.95,26.41,0.0,7.71,34.07
Mumbai,2017-01-07,123.0,,51.67,105.95,26.41,0.0,7.71,34.07
Mumbai,2017-01-08,123.0,,51.67,105.95,26.41,0.0,7.71,34.07
Mumbai,2017-01-09,123.0,,51.67,105.95,26.41,0.0,7.71,34.07
Mumbai,2017-01-10,123.0,,51.67,105.95,26.41,0.0,7.71,34.07
Mumbai,2017-01-11,123.0,,51.67,105.95,26.41,0.0,7.71,34.07
Mumbai,2017-01-12,123.0,,51.67,105.95,26.41,0.0,7.71,34.07
Mumbai,2017-01-13,123.0,,51.67,105.95,26.41,0.0,7.71,34.07
Mumbai,2017-01-14,123.0,,51.67,105.95,26.41,0.0,7.71,34.07
Mumbai,2017-01-15,123.0,,51.67,105.95,26.41,0.0,7.71,34.07
Mumbai,2017-01-16,123.0,,51.67,105.95,26.41,0.0,7.71,34.07
Mumbai,2017-01-17,123.0,,51.67,105.95,26.41,0.0,7.71,34.07
Mumbai,2017-01-18,123.0,,51.67,105.95,26.41,0.0,7.71,34.07
Mumbai,2017-01-19,123.0,,51.67,105.95,26.41,0.0,7.71,34.07
Mumbai,2017-01-20,123.0,,51.67,105.95,26.41,0.0,7.71,34.07
Mumbai,2017-01-21,123.0,,51.67,105.95,26.41,0.0,7.71,34.07
Mumbai,2017-01-22,123.0,,51.67,105.95,26.41,0.0,7.71,34.07
Mumbai,2017-01-23,123.0,,51.67,105.95,26.41,0.0,7.71,34.07
Mumbai,2017-01-24,123.0,,51.67,105.95,26.41,0.0,7.71,34.07
Mumbai,2017-01-25,123.0,,51.67,105.95,26.41,0.0,7.71,34.07
Mumbai,2017-01-26,123.0,,51.67,105.95,26.41,0.0,7.71,34.07
Mumbai,2017-01-27,123.0,,51.67,105.95,26.41,0.0,7.71,34.07
Mumbai,2017-01-28,123.0,,51.67,105.95,26.41,0.0,7.71,34.07
Mumbai,2017-01-29,123.0,,51.67,105.95,26.41,0.0,7.71,34.07
Mumbai,2017-01-30,123.0,,51.67,105.95,26.41,0.0,7.71,34.07
Mumbai,2017-01-31,123.0,,51.67,105.95,26.41,0.0,7.71,34.07
Mumbai,2017-02-01,123.0,,51.67,105.95,26.41,0.0,7.71,34.07
Mumbai,2017-02-02,123.0,,51.67,105.95,26.41,0.0,7.71,34.07
Mumbai,2017-02-03,123.0,,51.67,105.95,26.41,0.0,7.71,34.07
Mumbai,2017-02-04,123.0,,51.67,105.95,26.41,0.0,7.71,34.07
Mumbai,2017-02-05,123.0,,51.67,105.95,26.41,0.0,7.71,34.07
Mumbai,2017-02-06,123.0,,51.67,105.95,26.41,0.0,7.71,34.07
Mumbai,2017-02-07,123.0,,51.67,105.95,26.41,0.0,7.71,34.07
Mumbai,2017-02-08,123.0,,51.67,105.95,26.41,0.0,7.71,34.07
Mumbai,2017-02-09,123.0,,51.67,105.95,26.41,0.0,7.71,34.07
Mumbai,2017-02-10,123.0,,51.67,105.95,26.41,0.0,7.71,34.07
Mumbai,2017-02-11,123.0,,51.67,105.95,26.41,0.0,7.71,34.07
Mumbai,2017-02-12,123.0,,51.67,105.95,26.41,0.0,7.71,34.07
Mumbai,2017-02-13,123.0,,51.67,105.95,26.41,0.0,7.71,34.07
Mumbai,2017-02-14,123.0,,51.67,105.95,26.41,0.0,7.71,34.07
Mumbai,2017-02-15,123.0,,51.67,105.95,26.41,0.0,7.71,34.07
Mumbai,2017-02-16,123.0,,51.67,105.95,26.41,0.0,7.71,34.07
Mumbai,2017-02-17,123.0,,51.67,105.95,26.41,0.0,7.71,34.07
Mumbai,2017-02-18,123.0,,51.67,105.95,26.41,0.0,7.71,34.07
Mumbai,2017-02-19,123.0,,51.67,105.95,26.41,0.0,7.71,34.07
Mumbai,2017-02-20,123.0,,51.67,105.95,26.41,0.0,7.71,34.07
Mumbai,2017-02-21,123.0,,51.67,105.95,26.41,0.0,7.71,34.07
Mumbai,2017-02-22,123.0,,51.67,105.95,26.41,0.0,7.71,34.07
Mumbai,2017-02-23,123.0,,51.67,105.95,26.41,0.0,7.71,34.07
Mumbai,2017-02-24,123.0,,51.67,105.95,26.41,0.0,7.71,34.07
Mumbai,2017-02-25,123.0,,51.67,105.95,26.41,0.0,7.71,34.07
Mumbai,2017-02-26,123.0,,51.67,105.95,26.41,0.0,7.71,34.07
Mumbai,2017-02-27,123.0,,51.67,105.95,26.41,0.0,7.71,34.07
Mumbai,2017-02-28,123.0,,51.67,105.95,26.41,0.0,7.71,34.07
Mumbai,2017-03-01,123.0,,51.67,105.95,26.41,0.0,7.71,34.07
Mumbai,2017-03-02,123.0,,51.67,105.95,26.41,0.0,7.71,34.07
Mumbai,2017-03-03,123.0,,51.67,105.95,26.41,0.0,7.71,34.07
Mumbai,2017-03-04,123.0,,51.67,105.95,26.41,0.0,7.71,34.07
Mumbai,2017-03-05,123.0,,51.67,105.95,26.41,0.0,7.71,34.07
Mumbai,2017-03-06,123.0,,51.67,105.95,26.41,0.0,7.71,34.07
Mumbai,2017-03-07,123.0,,51.67,105.95,26.41,0.0,7.71,34.07
Mumbai,2017-03-08,123.0,,51.67,105.95,26.41,0.0,7.71,34.07
Mumbai,2017-03-09,123.0,,51.67,105.95,26.41,0.0,7.71,34.07
Mumbai,2017-03-10,123.0,,51.67,105.95,26.41,0.0,7.71,34.07
Mumbai,2017-03-11,123.0,,51.67,105.95,26.41,0.0,7.71,34.07
Mumbai,2017-03-12,123.0,,51.67,105.95,26.41,0.0,7.71,34.07
Mumbai,2017-03-13,123.0,,51.67,105.95,26.41,0.0,7.71,34.07
Mumbai,2017-03-14,123.0,,51.67,105.95,26.41,0.0,7.71,34.07
Mumbai,2017-03-15,123.0,,51.67,105.95,26.41,0.0,7.71,34.07
Mumbai,2017-03-16,123.0,,51.67,105.95,26.41,0.0,7.71,34.07
Mumbai,2017-03-17,123.0,,51.67,105.95,26.41,0.0,7.71,34.07
Mumbai,2017-03-18,123.0,,51.67,105.95,26.41,0.0,7.71,34.07
Mumbai,2017-03-19,123.0,,51.67,105.95,26.41,0.0,7.71,34.07
Mumbai,2017-03-20,123.0,,51.67,105.95,26.41,0.0,7.71,34.07
Mumbai,2017-03-21,123.0,,51.67,105.95,26.41,0.0,7.71,34.07
Mumbai,2017-03-22,123.0,,51.67,105.95,26.41,0.0,7.71,34.07
Mumbai,2017-03-23,123.0,,51.67,105.95,26.41,0.0,7.71,34.07
Mumbai,2017-03-24,123.0,,51.67,105.95,26.41,0.0,7.71,34.07
Mumbai,2017-03-25,123.0,,51.67,105.95,26.41,0.0,7.71,34.07
Mumbai,2017-03-26,123.0,,51.67,105.95,26.41,0.0,7.71,34.07
Mumbai,2017-03-27,123.0,,51.67,105.95,26.41,0.0,7.71,34.07
Mumbai,2017-03-28,123.0,,51.67,105.95,26.41,0.0,7.71,34.07
Mumbai,2017-03-29,123.0,,51.67,105.95,26.41,0.0,7.71,34.07
Mumbai,2017-03-30,123.0,,51.67,105.95,26.41,0.0,7.71,34.07
Mumbai,2017-03-31,123.0,,51.67,105.95,26.41,0.0,7.71,34.07
Mumbai,2017-04-01,123.0,,51.67,105.95,26.41,0.0,7.71,34.07
Mumbai,2017-04-02,123.0,,51.67,105.95,26.41,0.0,7.71,34.07
Mumbai,2017-04-03,123.0,,51.67,105.95,26.41,0.0,7.71,34.07
Mumbai,2017-04-04,123.0,,51.67,105.95,26.41,0.0,7.71,34.07
Mumbai,2017-04-05,123.0,,51.67,105.95,26.41,0.0,7.71,34.07
Mumbai,2017-04-06,123.0,,51.67,105.95,26.41,0.0,7.71,34.07
Mumbai,2017-04-07,123.0,,51.67,105.95,26.41,0.0,7.71,34.07
Mumbai,2017-04-08,123.0,,51.67,105.95,26.41,0.0,7.71,34.07
Mumbai,2017-04-09,123.0,,51.67,105.95,26.41,0.0,7.71,34.07
Mumbai,2017-04-10,123.0,,51.67,105.95,26.41,0.0,7.71,34.07
Mumbai,2017-04-11,123.0,,51.67,105.95,26.41,0.0,7.71,34.07
Mumbai,2017-04-12,123.0,,51.67,105.95,26.41,0.0,7.71,34.07
Mumbai,2017-04-13,123.0,,51.67,105.95,26.41,0.0,7.71,34.07
Mumbai,2017-04-14,123.0,,51.67,105.95,26.41,0.0,7.71,34.07
Mumbai,2017-04-15,123.0,,51.67,105.95,26.41,0.0,7.71,34.07
Mumbai,2017-04-16,123.0,,51.67,105.95,26.41,0.0,7.71,34.07
Mumbai,2017-04-17,123.0,,51.67,105.95,26.41,0.0,7.71,34.07
Mumbai,2017-04-18,123.0,,51.67,105.95,26.41,0.0,7.71,34.07
Mumbai,2017-04-19,123.0,,51.67,105.95,26.41,0.0,7.71,34.07
Mumbai,2017-04-20,123.0,,51.67,105.95,26.41,0.0,7.71,34.07
Mumbai,2017-04-21,123.0,,51.67,105.95,26.41,0.0,7.71,34.07
Mumbai,2017-04-22,123.0,,51.67,105.95,26.41,0.0,7.71,34.07
Mumbai,2017-04-23,123.0,,51.67,105.95,26.41,0.0,7.71,34.07
Mumbai,2017-04-24,123.0,,51.67,105.95,26.41,0.0,7.71,34.07
Mumbai,2017-04-25,123.0,,51.67,105.95,26.41,0.0,7.71,34.07
Mumbai,2017-04-26,123.0,,51.67,105.95,26.41,0.0,7.71,34.07
Mumbai,2017-04-27,123.0,,51.67,105.95,26.41,0.0,7.71,34.07
Mumbai,2017-04-28,123.0,,51.67,105.95,26.41,0.0,7.71,34.07
Mumbai,2017-04-29,123.0,,51.67,105.95,26.41,0.0,7.71,34.07
Mumbai,2017-04-30,123.0,,51.67,105.95,26.41,0.0,7.71,34.07
Mumbai,2017-05-01,123.0,,51.67,105.95,26.41,0.0,7.71,34.07
Mumbai,2017-05-02,123.0,,51.67,105.95,26.41,0.0,7.71,34.07
Mumbai,2017-05-03,123.0,,51.67,105.95,26.41,0.0,7.71,34.07
Mumbai,2017-05-04,123.0,,51.67,105.95,26.41,0.0,7.71,34.07
Mumbai,2017-05-05,123.0,,51.67,105.95,26.41,0.0,7.71,34.07
Mumbai,2017-05-06,123.0,,51.67,105.95,26.41,0.0,7.71,34.07
Mumbai,2017-05-07,123.0,,51.67,105.95,26.41,0.0,7.71,34.07
Mumbai,2017-05-08,123.0,,51.67,105.95,26.41,0.0,7.71,34.07
Mumbai,2017-05-09,123.0,,51.67,105.95,26.41,0.0,7.71,34.07
Mumbai,2017-05-10,123.0,,51.67,105.95,26.41,0.0,7.71,34.07
Mumbai,2017-05-11,123.0,,51.67,105.95,26.41,0.0,7.71,34.07
Mumbai,2017-05-12,123.0,,51.67,105.95,26.41,0.0,7.71,34.07
Mumbai,2017-05-13,123.0,,51.67,105.95,26.41,0.0,7.71,34.07
Mumbai,2017-05-14,123.0,,51.67,105.95,26.41,0.0,7.71,34.07
Mumbai,2017-05-15,123.0,,51.67,105.95,26.41,0.0,7.71,34.07
Mumbai,2017-05-16,123.0,,51.67,105.95,26.41,0.0,7.71,34.07
Mumbai,2017-05-17,123.0,,51.67,105.95,26.41,0.0,7.71,34.07
Mumbai,2017-05-18,123.0,,51.67,105.95,26.41,0.0,7.71,34.07
Mumbai,2017-05-19,123.0,,51.67,105.95,26.41,0.0,7.71,34.07
Mumbai,2017-05-20,123.0,,51.67,105.95,26.41,0.0,7.71,34.07
Mumbai,2017-05-21,123.0,,51.67,105.95,26.41,0.0,7.71,34.07
Mumbai,2017-05-22,123.0,,51.67,105.95,26.41,0.0,7.71,34.07
Mumbai,2017-05-23,123.0,,51.67,105.95,26.41,0.0,7.71,34.07
Mumbai,2017-05-24,123.0,,51.67,105.95,26.41,0.0,7.71,34.07
Mumbai,2017-05-25,123.0,,51.67,105.95,26.41,0.0,7.71,34.07
Mumbai,2017-05-26,123.0,,51.67,105.95,26.41,0.0,7.71,34.07
Mumbai,2017-05-27,123.0,,51.67,105.95,26.41,0.0,7.71,34.07
Mumbai,2017-05-28,123.0,,51.67,105.95,26.41,0.0,7.71,34.07
Mumbai,2017-05-29,123.0,,51.67,105.95,26.41,0.0,7.71,34.07
Mumbai,2017-05-30,123.0,,51.67,105.95,26.41,0.0,7.71,34.07
Mumbai,2017-05-31,123.0,,51.67,105.95,26.41,0.0,7.71,34.07
Mumbai,2017-06-01,123.0,,51.67,105.95,26.41,0.0,7.71,34.07
Mumbai,2017-06-02,123.0,,51.67,105.95,26.41,0.0,7.71,34.07
Mumbai,2017-06-03,123.0,,51.67,105.95,26.41,0.0,7.71,34.07
Mumbai,2017-06-04,123.0,,51.67,105.95,26.41,0.0,7.71,34.07
Mumbai,2017-06-05,123.0,,51.67,105.95,26.41,0.0,7.71,34.07
Mumbai,2017-06-06,123.0,,51.67,105.95,26.41,0.0,7.71,34.07
Mumbai,2017-06-07,123.0,,51.67,105.95,26.41,0.0,7.71,34.07
Mumbai,2017-06-08,123.0,,51.67,105.95,26.41,0.0,7.71,34.07
Mumbai,2017-06-09,123.0,,51.67,105.95,26.41,0.0,7.71,34.07
Mumbai,2017-06-10,123.0,,51.67,105.95,26.41,0.0,7.71,34.07
Mumbai,2017-06-11,123.0,,51.67,105.95,26.41,0.0,7.71,34.07
Mumbai,2017-06-12,123.0,,51.67,105.95,26.41,0.0,7.71,34.07
Mumbai,2017-06-13,123.0,,51.67,105.95,26.41,0.0,7.71,34.07
Mumbai,2017-06-14,123.0,,51.67,105.95,26.41,0.0,7.71,34.07
Mumbai,2017-06-15,123.0,,51.67,105.95,26.41,0.0,7.71,34.07
Mumbai,2017-06-16,123.0,,51.67,105.95,26.41,0.0,7.71,34.07
Mumbai,2017-06-17,123.0,,51.67,105.95,26.41,0.0,7.71,34.07
Mumbai,2017-06-18,123.0,,51.67,105.95,26.41,0.0,7.71,34.07
Mumbai,2017-06-19,123.0,,51.67,105.95,26.41,0.0,7.71,34.07
Mumbai,2017-06-20,123.0,,51.67,105.95,26.41,0.0,7.71,34.07
Mumbai,2017-06-21,123.0,,51.67,105.95,26.41,0.0,7.71,34.07
Mumbai,2017-06-22,123.0,,51.67,105.95,26.41,0.0,7.71,34.07
Mumbai,2017-06-23,123.0,,51.67,105.95,26.41,0.0,7.71,34.07
Mumbai,2017-06-24,123.0,,51.67,105.95,26.41,0.0,7.71,34.07
Mumbai,2017-06-25,123.0,,51.67,105.95,26.41,0.0,7.71,34.07
Mumbai,2017-06-26,123.0,,51.67,105.95,26.41,0.0,7.71,34.07
Mumbai,2017-06-27,123.0,,51.67,105.95,26.41,0.0,7.71,34.07
Mumbai,2017-06-28,123.0,,51.67,105.95,26.41,0.0,7.71,34.07
Mumbai,2017-06-29,123.0,,51.67,105.95,26.41,0.0,7.71,34.07
Mumbai,2017-06-30,123.0,,51.67,105.95,26.41,0.0,7.71,34.07
Mumbai,2017-07-01,123.0,,51.67,105.95,26.41,0.0,7.71,34.07
Mumbai,2017-07-02,123.0,,51.67,105.95,26.41,0.0,7.71,34.07
Mumbai,2017-07-03,123.0,,51.67,105.95,26.41,0.0,7.71,34.07
Mumbai,2017-07-04,123.0,,51.67,105.95,26.41,0.0,7.71,34.07
Mumbai,2017-07-05,123.0,,51.67,105.95,26.41,0.0,7.71,34.07
Mumbai,2017-07-06,123.0,,51.67,105.95,26.41,0.0,7.71,34.07
Mumbai,2017-07-07,123.0,,51.67,105.95,26.41,0.0,7.71,34.07
Mumbai,2017-07-08,123.0,,51.67,105.95,26.41,0.0,7.71,34.07
Mumbai,2017-07-09,123.0,,51.67,105.95,26.41,0.0,7.71,34.07
Mumbai,2017-07-10,123.0,,51.67,105.95,26.41,0.0,7.71,34.07
Mumbai,2017-07-11,123.0,,51.67,105.95,26.41,0.0,7.71,34.07
Mumbai,2017-07-12,123.0,,51.67,105.95,26.41,0.0,7.71,34.07
Mumbai,2017-07-13,123.0,,51.67,105.95,26.41,0.0,7.71,34.07
Mumbai,2017-07-14,123.0,,51.67,105.95,26.41,0.0,7.71,34.07
Mumbai,2017-07-15,123.0,,51.67,105.95,26.41,0.0,7.71,34.07
Mumbai,2017-07-16,123.0,,51.67,105.95,26.41,0.0,7.71,34.07
Mumbai,2017-07-17,123.0,,51.67,105.95,26.41,0.0,7.71,34.07
Mumbai,2017-07-18,123.0,,51.67,105.95,26.41,0.0,7.71,34.07
Mumbai,2017-07-19,123.0,,51.67,105.95,26.41,0.0,7.71,34.07
Mumbai,2017-07-20,123.0,,51.67,105.95,26.41,0.0,7.71,34.07
Mumbai,2017-07-21,123.0,,51.67,105.95,26.41,0.0,7.71,34.07
Mumbai,2017-07-22,123.0,,51.67,105.95,26.41,0.0,7.71,34.07
Mumbai,2017-07-23,123.0,,51.67,105.95,26.41,0.0,7.71,34.07
Mumbai,2017-07-24,123.0,,51.67,105.95,26.41,0.0,7.71,34.07
Mumbai,2017-07-25,123.0,,51.67,105.95,26.41,0.0,7.71,34.07
Mumbai,2017-07-26,123.0,,51.67,105.95,26.41,0.0,7.71,34.07
Mumbai,2017-07-27,123.0,,51.67,105.95,26.41,0.0,7.71,34.07
Mumbai,2017-07-28,123.0,,51.67,105.95,26.41,0.0,7.71,34.07
Mumbai,2017-07-29,123.0,,51.67,105.95,26.41,0.0,7.71,34.07
Mumbai,2017-07-30,123.0,,51.67,105.95,26.41,0.0,7.71,34.07
Mumbai,2017-07-31,123.0,,51.67,105.95,26.41,0.0,7.71,34.07
Mumbai,2017-08-01,123.0,,51.67,105.95,26.41,0.0,7.71,34.07
Mumbai,2017-08-02,123.0,,51.67,105.95,26.41,0.0,7.71,34.07
Mumbai,2017-08-03,123.0,,51.67,105.95,26.41,0.0,7.71,34.07
Mumbai,2017-08-04,123.0,,51.67,105.95,26.41,0.0,7.71,34.07
Mumbai,2017-08-05,123.0,,51.67,105.95,26.41,0.0,7.71,34.07
Mumbai,2017-08-06,123.0,,51.67,105.95,26.41,0.0,7.71,34.07
Mumbai,2017-08-07,123.0,,51.67,105.95,26.41,0.0,7.71,34.07
Mumbai,2017-08-08,123.0,,51.67,105.95,26.41,0.0,7.71,34.07
Mumbai,2017-08-09,123.0,,51.67,105.95,26.41,0.0,7.71,34.07
Mumbai,2017-08-10,123.0,,51.67,105.95,26.41,0.0,7.71,34.07
Mumbai,2017-08-11,123.0,,51.67,105.95,26.41,0.0,7.71,34.07
Mumbai,2017-08-12,123.0,,51.67,105.95,26.41,0.0,7.71,34.07
Mumbai,2017-08-13,123.0,,51.67,105.95,26.41,0.0,7.71,34.07
Mumbai,2017-08-14,123.0,,51.67,105.95,26.41,0.0,7.71,34.07
Mumbai,2017-08-15,123.0,,51.67,105.95,26.41,0.0,7.71,34.07
Mumbai,2017-08-16,123.0,,51.67,105.95,26.41,0.0,7.71,34.07
Mumbai,2017-08-17,123.0,,51.67,105.95,26.41,0.0,7.71,34.07
Mumbai,2017-08-18,123.0,,51.67,105.95,26.41,0.0,7.71,34.07
Mumbai,2017-08-19,123.0,,51.67,105.95,26.41,0.0,7.71,34.07
Mumbai,2017-08-20,123.0,,51.67,105.95,26.41,0.0,7.71,34.07
Mumbai,2017-08-21,123.0,,51.67,105.95,26.41,0.0,7.71,34.07
Mumbai,2017-08-22,123.0,,51.67,105.95,26.41,0.0,7.71,34.07
Mumbai,2017-08-23,123.0,,51.67,105.95,26.41,0.0,7.71,34.07
Mumbai,2017-08-24,123.0,,51.67,105.95,26.41,0.0,7.71,34.07
Mumbai,2017-08-25,123.0,,51.67,105.95,26.41,0.0,7.71,34.07
Mumbai,2017-08-26,123.0,,51.67,105.95,26.41,0.0,7.71,34.07
Mumbai,2017-08-27,123.0,,51.67,105.95,26.41,0.0,7.71,34.07
Mumbai,2017-08-28,123.0,,51.67,105.95,26.41,0.0,7.71,34.07
Mumbai,2017-08-29,123.0,,51.67,105.95,26.41,0.0,7.71,34.07
Mumbai,2017-08-30,123.0,,51.67,105.95,26.41,0.0,7.71,34.07
Mumbai,2017-08-31,123.0,,51.67,105.95,26.41,0.0,7.71,34.07
Mumbai,2017-09-01,123.0,,51.67,105.95,26.41,0.0,7.71,34.07
Mumbai,2017-09-02,123.0,,51.67,105.95,26.41,0.0,7.71,34.07
Mumbai,2017-09-03,123.0,,51.67,105.95,26.41,0.0,7.71,34.07
Mumbai,2017-09-04,123.0,,51.67,105.95,26.41,0.0,7.71,34.07
Mumbai,2017-09-05,123.0,,51.67,105.95,26.41,0.0,7.71,34.07
Mumbai,2017-09-06,123.0,,51.67,105.95,26.41,0.0,7.71,34.07
Mumbai,2017-09-07,123.0,,51.67,105.95,26.41,0.0,7.71,34.07
Mumbai,2017-09-08,123.0,,51.67,105.95,26.41,0.0,7.71,34.07
Mumbai,2017-09-09,123.0,,51.67,105.95,26.41,0.0,7.71,34.07
Mumbai,2017-09-10,123.0,,51.67,105.95,26.41,0.0,7.71,34.07
Mumbai,2017-09-11,123.0,,51.67,105.95,26.41,0.0,7.71,34.07
Mumbai,2017-09-12,123.0,,51.67,105.95,26.41,0.0,7.71,34.07
Mumbai,2017-09-13,123.0,,51.67,105.95,26.41,0.0,7.71,34.07
Mumbai,2017-09-14,123.0,,51.67,105.95,26.41,0.0,7.71,34.07
Mumbai,2017-09-15,123.0,,51.67,105.95,26.41,0.0,7.71,34.07
Mumbai,2017-09-16,123.0,,51.67,105.95,26.41,0.0,7.71,34.07
Mumbai,2017-09-17,123.0,,51.67,105.95,26.41,0.0,7.71,34.07
Mumbai,2017-09-18,123.0,,51.67,105.95,26.41,0.0,7.71,34.07
Mumbai,2017-09-19,123.0,,51.67,105.95,26.41,0.0,7.71,34.07
Mumbai,2017-09-20,123.0,,51.67,105.95,26.41,0.0,7.71,34.07
Mumbai,2017-09-21,123.0,,51.67,105.95,26.41,0.0,7.71,34.07
Mumbai,2017-09-22,123.0,,51.67,105.95,26.41,0.0,7.71,34.07
Mumbai,2017-09-23,123.0,,51.67,105.95,26.41,0.0,7.71,34.07
Mumbai,2017-09-24,123.0,,51.67,105.95,26.41,0.0,7.71,34.07
Mumbai,2017-09-25,123.0,,51.67,105.95,26.41,0.0,7.71,34.07
Mumbai,2017-09-26,123.0,,51.67,105.95,26.41,0.0,7.71,34.07
Mumbai,2017-09-27,123.0,,51.67,105.95,26.41,0.0,7.71,34.07
Mumbai,2017-09-28,123.0,,51.67,105.95,26.41,0.0,7.71,34.07
Mumbai,2017-09-29,123.0,,51.67,105.95,26.41,0.0,7.71,34.07
Mumbai,2017-09-30,123.0,,51.67,105.95,26.41,0.0,7.71,34.07
Mumbai,2017-10-01,123.0,,51.67,105.95,26.41,0.0,7.71,34.07
Mumbai,2017-10-02,123.0,,51.67,105.95,26.41,0.0,7.71,34.07
Mumbai,2017-10-03,123.0,,51.67,105.95,26.41,0.0,7.71,34.07
Mumbai,2017-10-04,123.0,,51.67,105.95,26.41,0.0,7.71,34.07
Mumbai,2017-10-05,123.0,,51.67,105.95,26.41,0.0,7.71,34.07
Mumbai,2017-10-06,123.0,,51.67,105.95,26.41,0.0,7.71,34.07
Mumbai,2017-10-07,123.0,,51.67,105.95,26.41,0.0,7.71,34.07
Mumbai,2017-10-08,123.0,,51.67,105.95,26.41,0.0,7.71,34.07
Mumbai,2017-10-09,123.0,,51.67,105.95,26.41,0.0,7.71,34.07
Mumbai,2017-10-10,123.0,,51.67,105.95,26.41,0.0,7.71,34.07
Mumbai,2017-10-11,123.0,,51.67,105.95,26.41,0.0,7.71,34.07
Mumbai,2017-10-12,123.0,,51.67,105.95,26.41,0.0,7.71,34.07
Mumbai,2017-10-13,123.0,,51.67,105.95,26.41,0.0,7.71,34.07
Mumbai,2017-10-14,123.0,,51.67,105.95,26.41,0.0,7.71,34.07
Mumbai,2017-10-15,123.0,,51.67,105.95,26.41,0.0,7.71,34.07
Mumbai,2017-10-16,123.0,,51.67,105.95,26.41,0.0,7.71,34.07
Mumbai,2017-10-17,123.0,,51.67,105.95,26.41,0.0,7.71,34.07
Mumbai,2017-10-18,123.0,,51.67,105.95,26.41,0.0,7.71,34.07
Mumbai,2017-10-19,123.0,,51.67,105.95,26.41,0.0,7.71,34.07
Mumbai,2017-10-20,123.0,,51.67,105.95,26.41,0.0,7.71,34.07
Mumbai,2017-10-21,123.0,,51.67,105.95,26.41,0.0,7.71,34.07
Mumbai,2017-10-22,123.0,,51.67,105.95,26.41,0.0,7.71,34.07
Mumbai,2017-10-23,123.0,,51.67,105.95,26.41,0.0,7.71,34.07
Mumbai,2017-10-24,123.0,,51.67,105.95,26.41,0.0,7.71,34.07
Mumbai,2017-10-25,123.0,,51.67,105.95,26.41,0.0,7.71,34.07
Mumbai,2017-10-26,123.0,,51.67,105.95,26.41,0.0,7.71,34.07
Mumbai,2017-10-27,123.0,,51.67,105.95,26.41,0.0,7.71,34.07
Mumbai,2017-10-28,123.0,,51.67,105.95,26.41,0.0,7.71,34.07
Mumbai,2017-10-29,123.0,,51.67,105.95,26.41,0.0,7.71,34.07
Mumbai,2017-10-30,123.0,,51.67,105.95,26.41,0.0,7.71,34.07
Mumbai,2017-10-31,123.0,,51.67,105.95,26.41,0.0,7.71,34.07
Mumbai,2017-11-01,123.0,,51.67,105.95,26.41,0.0,7.71,34.07
Mumbai,2017-11-02,123.0,,51.67,105.95,26.41,0.0,7.71,34.07
Mumbai,2017-11-03,123.0,,51.67,105.95,26.41,0.0,7.71,34.07
Mumbai,2017-11-04,123.0,,51.67,105.95,26.41,0.0,7.71,34.07
Mumbai,2017-11-05,123.0,,51.67,105.95,26.41,0.0,7.71,34.07
Mumbai,2017-11-06,123.0,,51.67,105.95,26.41,0.0,7.71,34.07
Mumbai,2017-11-07,123.0,,51.67,105.95,26.41,0.0,7.71,34.07
Mumbai,2017-11-08,123.0,,51.67,105.95,26.41,0.0,7.71,34.07
Mumbai,2017-11-09,123.0,,51.67,105.95,26.41,0.0,7.71,34.07
Mumbai,2017-11-10,123.0,,51.67,105.95,26.41,0.0,7.71,34.07
Mumbai,2017-11-11,123.0,,51.67,105.95,26.41,0.0,7.71,34.07
Mumbai,2017-11-12,123.0,,51.67,105.95,26.41,0.0,7.71,34.07
Mumbai,2017-11-13,123.0,,51.67,105.95,26.41,0.0,7.71,34.07
Mumbai,2017-11-14,123.0,,51.67,105.95,26.41,0.0,7.71,34.07
Mumbai,2017-11-15,123.0,,51.67,105.95,26.41,0.0,7.71,34.07
Mumbai,2017-11-16,123.0,,51.67,105.95,26.41,0.0,7.71,34.07
Mumbai,2017-11-17,123.0,,51.67,105.95,26.41,0.0,7.71,34.07
Mumbai,2017-11-18,123.0,,51.67,105.95,26.41,0.0,7.71,34.07
Mumbai,2017-11-19,123.0,,51.67,105.95,26.41,0.0,7.71,34.07
Mumbai,2017-11-20,123.0,,51.67,105.95,26.41,0.0,7.71,34.07
Mumbai,2017-11-21,123.0,,51.67,105.95,26.41,0.0,7.71,34.07
Mumbai,2017-11-22,123.0,,51.67,105.95,26.41,0.0,7.71,34.07
Mumbai,2017-11-23,123.0,,51.67,105.95,26.41,0.0,7.71,34.07
Mumbai,2017-11-24,123.0,,51.67,105.95,26.41,0.0,7.71,34.07
Mumbai,2017-11-25,123.0,,51.67,105.95,26.41,0.0,7.71,34.07
Mumbai,2017-11-26,123.0,,51.67,105.95,26.41,0.0,7.71,34.07
Mumbai,2017-11-27,123.0,,51.67,105.95,26.41,0.0,7.71,34.07
Mumbai,2017-11-28,123.0,,51.67,105.95,26.41,0.0,7.71,34.07
Mumbai,2017-11-29,123.0,,51.67,105.95,26.41,0.0,7.71,34.07
Mumbai,2017-11-30,123.0,,51.67,105.95,26.41,0.0,7.71,34.07
Mumbai,2017-12-01,123.0,,51.67,105.95,26.41,0.0,7.71,34.07
Mumbai,2017-12-02,123.0,,51.67,105.95,26.41,0.0,7.71,34.07
Mumbai,2017-12-03,123.0,,51.67,105.95,26.41,0.0,7.71,34.07
Mumbai,2017-12-04,123.0,,51.67,105.95,26.41,0.0,7.71,34.07
Mumbai,2017-12-05,123.0,,51.67,105.95,26.41,0.0,7.71,34.07
Mumbai,2017-12-06,123.0,,51.67,105.95,26.41,0.0,7.71,34.07
Mumbai,2017-12-07,123.0,,51.67,105.95,26.41,0.0,7.71,34.07
Mumbai,2017-12-08,123.0,,51.67,105.95,26.41,0.0,193.86,34.07
Mumbai,2017-12-09,123.0,,51.67,105.95,26.41,0.0,7.71,34.07
Mumbai,2017-12-10,123.0,,51.67,105.95,26.41,0.0,7.71,34.07
Mumbai,2017-12-11,123.0,,51.67,105.95,26.41,0.0,7.71,34.07
Mumbai,2017-12-12,123.0,,51.67,105.95,26.41,0.0,7.71,34.07
Mumbai,2017-12-13,123.0,,51.67,105.95,26.41,0.0,7.71,34.07
Mumbai,2017-12-14,123.0,,51.67,105.95,26.41,0.0,7.71,34.07
Mumbai,2017-12-15,123.0,,51.67,105.95,26.41,0.0,7.71,34.07
Mumbai,2017-12-16,123.0,,51.67,105.95,26.41,0.0,7.71,34.07
Mumbai,2017-12-17,123.0,,51.67,105.95,26.41,0.0,7.71,34.07
Mumbai,2017-12-18,123.0,,51.67,105.95,26.41,0.0,7.71,34.07
Mumbai,2017-12-19,123.0,,51.67,105.95,26.41,0.0,7.71,34.07
Mumbai,2017-12-20,123.0,,51.67,105.95,26.41,0.0,7.71,34.07
Mumbai,2017-12-21,123.0,,51.67,105.95,26.41,0.0,7.71,34.07
Mumbai,2017-12-22,123.0,,51.67,105.95,26.41,0.0,7.71,34.07
Mumbai,2017-12-23,123.0,,51.67,105.95,26.41,0.0,3.62,34.07
Mumbai,2017-12-24,123.0,,51.67,105.95,26.41,0.0,7.71,34.07
Mumbai,2017-12-25,123.0,,51.67,105.95,26.41,0.0,7.71,34.07
Mumbai,2017-12-26,123.0,,51.67,105.95,26.41,0.0,7.71,34.07
Mumbai,2017-12-27,123.0,,51.67,105.95,26.41,0.0,7.71,34.07
Mumbai,2017-12-28,123.0,,51.67,105.95,26.41,0.0,7.71,34.07
Mumbai,2017-12-29,123.0,,51.67,105.95,26.41,0.0,7.71,17.24
Mumbai,2017-12-30,123.0,,51.67,105.95,26.41,0.0,7.71,34.07
Mumbai,2017-12-31,123.0,,51.67,105.95,26.41,0.0,7.71,34.07
Mumbai,2018-01-01,123.0,,51.67,105.95,26.41,0.28,7.71,34.07
Mumbai,2018-01-02,123.0,,51.67,105.95,26.41,1.64,7.71,34.07
Mumbai,2018-01-03,123.0,,51.67,105.95,26.41,3.64,7.71,34.07
Mumbai,2018-01-04,123.0,,51.67,105.95,26.41,3.55,7.71,34.07
Mumbai,2018-01-05,123.0,,51.67,105.95,26.41,2.68,7.71,34.07
Mumbai,2018-01-06,123.0,,51.67,105.95,26.41,2.97,7.71,34.07
Mumbai,2018-01-07,123.0,,51.67,105.95,26.41,2.62,7.71,34.07
Mumbai,2018-01-08,123.0,,51.67,105.95,26.41,2.49,7.71,34.07
Mumbai,2018-01-09,123.0,,51.67,105.95,26.41,2.14,7.71,34.07
Mumbai,2018-01-10,123.0,,51.67,105.95,26.41,2.43,7.71,34.07
Mumbai,2018-01-11,123.0,,51.67,105.95,26.41,2.13,7.71,34.07
Mumbai,2018-01-12,123.0,,51.67,105.95,26.41,2.16,7.71,34.07
Mumbai,2018-01-13,123.0,,51.67,105.95,26.41,1.93,7.71,34.07
Mumbai,2018-01-14,123.0,,51.67,105.95,26.41,2.12,7.71,34.07
Mumbai,2018-01-15,123.0,,51.67,105.95,26.41,2.53,7.71,34.07
Mumbai,2018-01-16,123.0,,51.67,105.95,26.41,1.96,7.71,34.07
Mumbai,2018-01-17,123.0,,51.67,105.95,26.41,1.46,7.71,34.07
Mumbai,2018-01-18,123.0,,51.67,105.95,26.41,1.22,7.71,34.07
Mumbai,2018-01-19,123.0,,51.67,105.95,26.41,1.42,7.71,34.07
Mumbai,2018-01-20,123.0,,51.67,105.95,26.41,1.16,7.71,34.07
Mumbai,2018-01-21,123.0,,51.67,105.95,26.41,1.29,7.71,34.07
Mumbai,2018-01-22,123.0,,51.67,105.95,26.41,1.3,7.71,34.07
Mumbai,2018-01-23,123.0,,51.67,105.95,26.41,0.83,7.71,34.07
Mumbai,2018-01-24,123.0,,51.67,105.95,26.41,0.1,7.71,34.07
Mumbai,2018-01-25,123.0,,51.67,105.95,26.41,0.0,7.71,34.07
Mumbai,2018-01-26,123.0,,51.67,105.95,26.41,0.0,7.71,34.07
Mumbai,2018-01-27,123.0,,51.67,105.95,26.41,0.0,7.71,34.07
Mumbai,2018-01-28,123.0,,51.67,105.95,26.41,0.0,7.71,34.07
Mumbai,2018-01-29,123.0,,51.67,105.95,26.41,0.0,7.71,34.07
Mumbai,2018-01-30,123.0,,51.67,105.95,26.41,0.0,7.71,34.07
Mumbai,2018-01-31,123.0,,51.67,105.95,26.41,0.0,7.71,34.07
Mumbai,2018-02-01,123.0,,51.67,105.95,26.41,1.4,7.71,34.07
Mumbai,2018-02-02,123.0,,51.67,105.95,26.41,1.3,7.71,3.77
Mumbai,2018-02-03,123.0,,51.67,105.95,26.41,1.06,7.71,34.07
Mumbai,2018-02-04,123.0,,51.67,105.95,26.41,1.79,7.71,95.71
Mumbai,2018-02-05,123.0,,51.67,105.95,26.41,1.59,7.71,34.07
Mumbai,2018-02-06,123.0,,51.67,105.95,26.41,1.69,7.71,34.07
Mumbai,2018-02-07,123.0,,51.67,105.95,26.41,1.62,7.71,34.07
Mumbai,2018-02-08,123.0,,51.67,105.95,26.41,1.6,7.71,34.07
Mumbai,2018-02-09,123.0,,51.67,105.95,26.41,1.37,7.71,34.07
Mumbai,2018-02-10,123.0,,51.67,105.95,26.41,1.54,7.71,34.07
Mumbai,2018-02-11,123.0,,51.67,105.95,26.41,1.33,7.71,34.07
Mumbai,2018-02-12,123.0,,51.67,105.95,26.41,1.04,7.71,34.07
Mumbai,2018-02-13,123.0,,51.67,105.95,26.41,1.41,7.71,34.07
Mumbai,2018-02-14,123.0,,51.67,105.95,26.41,1.5,7.71,4.23
Mumbai,2018-02-15,123.0,,51.67,105.95,26.41,1.01,7.71,34.07
Mumbai,2018-02-16,123.0,,51.67,105.95,26.41,0.96,7.71,34.07
Mumbai,2018-02-17,123.0,,51.67,105.95,26.41,0.99,7.71,34.07
Mumbai,2018-02-18,123.0,,51.67,105.95,26.41,0.98,7.71,34.07
Mumbai,2018-02-19,123.0,,51.67,105.95,26.41,1.08,7.71,34.07
Mumbai,2018-02-20,123.0,,51.67,105.95,26.41,1.18,68.43,66.1
Mumbai,2018-02-21,123.0,,51.67,105.95,26.41,1.2,7.71,64.74
Mumbai,2018-02-22,123.0,,51.67,105.95,26.41,1.53,7.71,34.07
Mumbai,2018-02-23,123.0,,51.67,105.95,26.41,1.37,7.71,34.07
Mumbai,2018-02-24,123.0,,51.67,105.95,26.41,1.55,7.71,34.07
Mumbai,2018-02-25,123.0,,51.67,105.95,26.41,1.71,7.71,34.07
Mumbai,2018-02-26,123.0,,51.67,105.95,26.41,1.65,7.71,34.07
Mumbai,2018-02-27,123.0,,51.67,105.95,8.94,1.81,7.71,34.07
Mumbai,2018-02-28,123.0,,51.67,105.95,26.41,1.93,7.71,7.09
Mumbai,2018-03-01,123.0,,51.67,105.95,26.41,1.97,7.71,34.07
Mumbai,2018-03-02,123.0,,51.67,105.95,26.41,2.07,7.71,34.07
Mumbai,2018-03-03,123.0,,51.67,105.95,26.41,1.88,7.71,34.07
Mumbai,2018-03-04,123.0,,51.67,105.95,26.41,1.7,7.71,34.07
Mumbai,2018-03-05,123.0,,51.67,105.95,26.41,1.7,7.71,34.07
Mumbai,2018-03-06,123.0,,51.67,105.95,26.41,1.78,7.71,34.07
Mumbai,2018-03-07,123.0,,51.67,105.95,26.41,1.72,7.71,34.07
Mumbai,2018-03-08,123.0,,51.67,105.95,26.41,1.73,7.71,34.07
Mumbai,2018-03-09,123.0,,51.67,105.95,26.41,1.8,7.71,34.07
Mumbai,2018-03-10,123.0,,51.67,105.95,26.41,1.74,7.71,34.07
Mumbai,2018-03-11,123.0,,51.67,105.95,26.41,1.86,7.71,34.07
Mumbai,2018-03-12,123.0,,51.67,105.95,26.41,1.67,7.71,34.07
Mumbai,2018-03-13,123.0,,51.67,105.95,26.41,1.34,7.71,34.07
Mumbai,2018-03-14,123.0,,51.67,105.95,26.41,1.26,7.71,145.42
Mumbai,2018-03-15,123.0,,51.67,105.95,26.41,1.31,7.71,34.07
Mumbai,2018-03-16,123.0,,51.67,105.95,26.41,1.5,7.71,3.36
Mumbai,2018-03-17,123.0,,51.67,105.95,26.41,1.48,7.71,34.07
Mumbai,2018-03-18,123.0,,51.67,105.95,26.41,1.36,7.71,34.07
Mumbai,2018-03-19,123.0,,51.67,105.95,26.41,1.4,7.71,34.07
Mumbai,2018-03-20,123.0,,51.67,105.95,26.41,1.44,7.71,34.07
Mumbai,2018-03-21,123.0,,51.67,105.95,26.41,1.53,7.71,34.07
Mumbai,2018-03-22,123.0,,51.67,105.95,26.41,1.91,7.71,34.07
Mumbai,2018-03-23,123.0,,51.67,105.95,26.41,1.72,7.71,34.07
Mumbai,2018-03-24,123.0,,51.67,105.95,26.41,1.7,7.71,34.07
Mumbai,2018-03-25,123.0,,51.67,105.95,26.41,1.67,7.71,34.07
Mumbai,2018-03-26,123.0,,51.67,105.95,26.41,1.66,164.37,34.07
Mumbai,2018-03-27,123.0,,51.67,105.95,26.41,1.05,7.71,34.07
Mumbai,2018-03-28,123.0,,51.67,105.95,26.41,1.36,7.71,34.07
Mumbai,2018-03-29,123.0,,51.67,105.95,26.41,1.17,7.71,34.07
Mumbai,2018-03-30,123.0,,51.67,105.95,26.41,1.11,7.71,34.07
Mumbai,2018-03-31,123.0,,51.67,105.95,26.41,1.1,7.71,34.07
Mumbai,2018-04-01,123.0,,51.67,105.95,26.41,1.37,7.71,30.84
Mumbai,2018-04-02,123.0,,51.67,105.95,26.41,1.27,7.71,90.35
Mumbai,2018-04-03,123.0,,51.67,105.95,26.41,1.32,7.71,34.07
Mumbai,2018-04-04,123.0,,51.67,105.95,26.41,1.16,7.71,34.07
Mumbai,2018-04-05,123.0,,51.67,105.95,26.41,1.23,7.71,34.07
Mumbai,2018-04-06,123.0,,51.67,105.95,26.41,1.29,7.71,34.07
Mumbai,2018-04-07,123.0,,51.67,105.95,26.41,1.29,7.71,34.07
Mumbai,2018-04-08,123.0,,51.67,105.95,26.41,1.44,7.71,34.07
Mumbai,2018-04-09,123.0,,51.67,105.95,26.41,1.55,7.71,34.07
Mumbai,2018-04-10,123.0,,51.67,105.95,26.41,1.36,7.71,34.07
Mumbai,2018-04-11,123.0,,51.67,105.95,26.41,1.37,7.71,34.07
Mumbai,2018-04-12,123.0,,51.67,105.95,26.41,1.31,11.18,3.92
Mumbai,2018-04-13,123.0,,51.67,105.95,26.41,1.34,7.71,34.07
Mumbai,2018-04-14,123.0,,51.67,105.95,26.41,1.32,7.71,34.07
Mumbai,2018-04-15,123.0,,51.67,105.95,26.41,1.28,7.71,34.07
Mumbai,2018-04-16,123.0,,51.67,105.95,26.41,1.29,7.71,34.07
Mumbai,2018-04-17,123.0,,51.67,105.95,26.41,1.44,7.71,34.07
Mumbai,2018-04-18,123.0,,51.67,105.95,26.41,1.44,7.71,34.07
Mumbai,2018-04-19,123.0,,51.67,105.95,26.41,1.47,7.71,34.07
Mumbai,2018-04-20,123.0,,51.67,105.95,26.41,1.37,7.71,34.07
Mumbai,2018-04-21,123.0,,51.67,105.95,26.41,1.48,7.71,34.07
Mumbai,2018-04-22,123.0,,51.67,105.95,26.41,1.0,7.71,34.07
Mumbai,2018-04-23,123.0,,51.67,105.95,26.41,1.0,7.71,34.07
Mumbai,2018-04-24,123.0,,51.67,105.95,26.41,0.0,7.71,34.07
Mumbai,2018-04-25,123.0,,51.67,105.95,26.41,1.83,7.71,41.42
Mumbai,2018-04-26,123.0,,25.5,58.53,20.08,1.96,30.86,46.37
Mumbai,2018-04-27,123.0,,51.67,105.95,26.41,1.0,7.71,34.07
Mumbai,2018-04-28,123.0,,51.67,105.95,26.41,1.0,7.71,34.07
Mumbai,2018-04-29,123.0,,51.67,105.95,26.41,1.0,7.71,34.07
Mumbai,2018-04-30,123.0,,51.67,105.95,26.41,1.0,7.71,34.07
Mumbai,2018-05-01,123.0,,51.67,105.95,26.41,1.0,7.71,34.07
Mumbai,2018-05-02,123.0,,51.67,105.95,26.41,1.0,7.71,34.07
Mumbai,2018-05-03,123.0,,51.67,105.95,26.41,1.0,7.71,34.07
Mumbai,2018-05-04,123.0,,51.67,105.95,26.41,1.0,7.71,34.07
Mumbai,2018-05-05,123.0,,51.67,105.95,26.41,1.0,7.71,34.07
Mumbai,2018-05-06,123.0,,16.74,105.95,17.31,1.29,25.48,43.73
Mumbai,2018-05-07,73.0,Satisfactory,18.44,105.95,22.6,1.3,22.0,34.0
Mumbai,2018-05-08,82.0,Satisfactory,18.07,48.8,29.98,1.36,19.58,35.44
Mumbai,2018-05-09,84.0,Satisfactory,18.55,62.07,28.9,1.35,18.59,35.91
Mumbai,2018-05-10,77.0,Satisfactory,22.57,67.03,23.46,1.3,21.3,37.26
Mumbai,2018-05-11,73.0,Satisfactory,23.57,71.8,25.71,1.26,24.83,36.59
Mumbai,2018-05-12,86.0,Satisfactory,31.18,91.26,20.17,1.23,25.71,33.41
Mumbai,2018-05-13,90.0,Satisfactory,24.22,79.1,30.02,1.36,21.32,39.09
Mumbai,2018-05-14,70.0,Satisfactory,21.81,44.13,18.5,1.25,22.25,36.71
Mumbai,2018-05-15,64.0,Satisfactory,14.93,52.51,18.23,1.22,20.01,35.06
Mumbai,2018-05-16,64.0,Satisfactory,17.86,45.85,20.33,1.21,20.6,30.81
Mumbai,2018-05-17,66.0,Satisfactory,24.73,74.2,18.24,1.25,15.89,40.12
Mumbai,2018-05-18,85.0,Satisfactory,24.09,72.98,28.27,1.27,20.46,39.23
Mumbai,2018-05-19,83.0,Satisfactory,23.97,88.35,23.79,1.32,24.61,34.83
Mumbai,2018-05-20,90.0,Satisfactory,20.7,81.14,21.97,1.34,22.61,45.24
Mumbai,2018-05-21,76.0,Satisfactory,19.01,79.33,19.69,1.27,24.7,43.26
Mumbai,2018-05-22,90.0,Satisfactory,21.85,89.75,25.23,1.32,22.67,44.85
Mumbai,2018-05-23,81.0,Satisfactory,24.32,93.09,15.9,1.31,23.83,53.32
Mumbai,2018-05-24,92.0,Satisfactory,22.76,88.41,26.41,1.19,20.43,50.68
Mumbai,2018-05-25,75.0,Satisfactory,15.38,56.32,26.41,1.06,20.99,49.28
Mumbai,2018-05-26,51.0,Satisfactory,18.58,66.74,26.41,1.09,22.34,50.69
Mumbai,2018-05-27,61.0,Satisfactory,15.53,18.64,26.41,1.23,26.74,159.18
Mumbai,2018-05-28,118.0,Moderate,17.17,105.95,26.41,1.14,23.07,91.34
Mumbai,2018-05-29,115.0,Moderate,22.54,105.95,26.41,1.16,19.44,72.08
Mumbai,2018-05-30,83.0,Satisfactory,18.79,105.95,26.41,1.16,20.83,58.76
Mumbai,2018-05-31,69.0,Satisfactory,20.14,105.95,26.41,1.18,20.35,50.01
Mumbai,2018-06-01,75.0,Satisfactory,24.8,105.95,26.41,1.2,17.29,37.89
Mumbai,2018-06-02,84.0,Satisfactory,19.38,105.95,26.41,1.46,20.91,45.83
Mumbai,2018-06-03,98.0,Satisfactory,18.68,105.95,26.41,1.74,25.18,43.54
Mumbai,2018-06-04,82.0,Satisfactory,19.98,105.95,26.41,1.46,24.02,41.12
Mumbai,2018-06-05,105.0,Moderate,26.85,105.95,26.41,1.62,25.77,41.46
Mumbai,2018-06-06,77.0,Satisfactory,17.66,105.95,26.41,1.07,27.29,52.91
Mumbai,2018-06-07,78.0,Satisfactory,45.54,105.95,26.41,1.28,27.62,39.81
Mumbai,2018-06-08,86.0,Satisfactory,17.79,105.95,26.41,1.26,26.8,38.99
Mumbai,2018-06-09,72.0,Satisfactory,19.26,105.95,26.41,1.43,30.11,42.27
Mumbai,2018-06-10,123.0,,6.2,105.95,26.41,1.04,26.72,45.84
Mumbai,2018-06-11,55.0,Satisfactory,12.89,105.95,26.41,1.0,26.73,41.42
Mumbai,2018-06-12,56.0,Satisfactory,18.02,105.95,26.41,1.05,26.76,45.42
Mumbai,2018-06-13,56.0,Satisfactory,16.97,105.95,26.41,1.03,24.88,41.43
Mumbai,2018-06-14,59.0,Satisfactory,19.16,105.95,26.41,1.05,21.68,36.74
Mumbai,2018-06-15,77.0,Satisfactory,19.64,105.95,26.41,1.1,22.22,33.69
Mumbai,2018-06-16,101.0,Moderate,17.02,57.08,26.41,1.44,29.82,32.68
Mumbai,2018-06-17,118.0,Moderate,16.94,70.7,26.41,1.52,23.46,29.05
Mumbai,2018-06-18,125.0,Moderate,10.87,31.4,20.73,1.45,24.73,30.8
Mumbai,2018-06-19,88.0,Satisfactory,15.87,43.53,27.43,1.4,20.43,35.72
Mumbai,2018-06-20,82.0,Satisfactory,25.71,97.45,19.74,1.42,19.86,39.04
Mumbai,2018-06-21,71.0,Satisfactory,22.86,82.67,9.35,1.15,17.32,40.96
Mumbai,2018-06-22,75.0,Satisfactory,18.09,70.66,8.0,1.19,18.99,44.93
Mumbai,2018-06-23,89.0,Satisfactory,17.52,61.23,22.69,1.45,20.7,35.33
Mumbai,2018-06-24,91.0,Satisfactory,10.53,41.27,21.7,1.35,19.23,38.32
Mumbai,2018-06-25,77.0,Satisfactory,13.38,55.71,9.81,1.19,18.61,48.68
Mumbai,2018-06-26,68.0,Satisfactory,22.06,75.33,7.29,1.17,18.95,33.79
Mumbai,2018-06-27,72.0,Satisfactory,18.54,71.0,14.83,1.21,19.25,34.73
Mumbai,2018-06-28,80.0,Satisfactory,19.38,56.8,29.81,1.4,19.79,31.45
Mumbai,2018-06-29,109.0,Moderate,18.39,67.13,23.55,1.72,20.16,34.69
Mumbai,2018-06-30,78.0,Satisfactory,16.59,66.72,20.94,1.49,16.63,28.51
Mumbai,2018-07-01,88.0,Satisfactory,13.0,48.23,21.22,1.49,19.4,22.08
Mumbai,2018-07-02,77.0,Satisfactory,13.78,48.89,22.09,1.37,15.46,22.38
Mumbai,2018-07-03,89.0,Satisfactory,18.5,65.24,25.39,1.49,18.02,26.45
Mumbai,2018-07-04,75.0,Satisfactory,14.71,52.86,13.29,1.17,15.13,29.09
Mumbai,2018-07-05,68.0,Satisfactory,14.11,73.45,13.32,1.19,13.5,27.65
Mumbai,2018-07-06,72.0,Satisfactory,14.53,70.33,15.53,1.17,12.65,26.26
Mumbai,2018-07-07,73.0,Satisfactory,12.84,56.35,22.11,1.27,12.79,28.19
Mumbai,2018-07-08,74.0,Satisfactory,51.67,105.95,35.28,1.41,7.71,34.07
Mumbai,2018-07-09,123.0,,12.96,38.84,32.45,1.52,17.77,24.24
Mumbai,2018-07-10,123.0,,12.8,46.86,19.41,1.19,14.35,34.86
Mumbai,2018-07-11,67.0,Satisfactory,18.15,71.77,16.33,1.17,14.69,27.8
Mumbai,2018-07-12,68.0,Satisfactory,15.31,69.04,16.32,1.16,12.03,24.34
Mumbai,2018-07-13,72.0,Satisfactory,14.72,82.21,17.39,1.23,11.33,25.82
Mumbai,2018-07-14,84.0,Satisfactory,19.26,93.35,16.22,1.2,11.48,26.07
Mumbai,2018-07-15,60.0,Satisfactory,13.43,89.58,15.37,1.16,11.5,33.28
Mumbai,2018-07-16,69.0,Satisfactory,15.67,77.37,16.43,1.17,11.43,30.01
Mumbai,2018-07-17,80.0,Satisfactory,16.43,72.12,16.38,1.22,11.99,28.73
Mumbai,2018-07-18,70.0,Satisfactory,23.32,60.58,17.66,1.25,11.67,25.99
Mumbai,2018-07-19,82.0,Satisfactory,46.76,73.6,14.7,1.2,9.71,24.56
Mumbai,2018-07-20,70.0,Satisfactory,16.52,67.74,18.31,1.24,11.57,27.49
Mumbai,2018-07-21,66.0,Satisfactory,15.0,65.59,16.98,1.04,12.14,29.34
Mumbai,2018-07-22,62.0,Satisfactory,15.37,58.9,16.35,1.02,11.8,24.89
Mumbai,2018-07-23,63.0,Satisfactory,14.24,56.91,17.29,1.07,11.66,26.77
Mumbai,2018-07-24,61.0,Satisfactory,15.24,53.79,16.18,1.1,13.08,18.72
Mumbai,2018-07-25,61.0,Satisfactory,16.28,54.45,14.54,1.05,12.86,22.01
Mumbai,2018-07-26,60.0,Satisfactory,15.88,62.28,13.72,1.15,12.88,21.87
Mumbai,2018-07-27,63.0,Satisfactory,13.23,52.16,12.4,1.14,12.25,22.52
Mumbai,2018-07-28,62.0,Satisfactory,14.11,53.33,12.74,1.14,13.07,22.15
Mumbai,2018-07-29,62.0,Satisfactory,13.39,52.3,13.83,1.05,14.99,21.91
Mumbai,2018-07-30,64.0,Satisfactory,15.45,50.4,11.65,1.15,12.34,21.34
Mumbai,2018-07-31,44.0,Good,16.22,61.49,15.83,1.23,9.29,24.03
Mumbai,2018-08-01,64.0,Satisfactory,14.71,65.57,15.46,1.16,10.08,23.69
Mumbai,2018-08-02,84.0,Satisfactory,14.87,56.31,32.71,1.2,20.19,33.07
Mumbai,2018-08-03,75.0,Satisfactory,17.72,48.66,48.29,1.18,24.59,18.65
Mumbai,2018-08-04,65.0,Satisfactory,10.36,44.69,20.48,1.19,10.93,28.24
Mumbai,2018-08-05,64.0,Satisfactory,9.21,41.44,22.23,1.17,15.38,27.3
Mumbai,2018-08-06,66.0,Satisfactory,11.21,43.37,14.63,1.2,12.42,27.19
Mumbai,2018-08-07,66.0,Satisfactory,12.65,51.97,20.24,1.21,9.22,28.15
Mumbai,2018-08-08,67.0,Satisfactory,13.33,54.43,20.09,1.2,9.64,26.99
Mumbai,2018-08-09,67.0,Satisfactory,11.61,46.49,31.78,1.21,12.06,32.95
Mumbai,2018-08-10,69.0,Satisfactory,12.59,48.67,20.2,1.22,10.6,35.23
Mumbai,2018-08-11,67.0,Satisfactory,11.7,40.69,21.17,1.24,11.08,39.1
Mumbai,2018-08-12,67.0,Satisfactory,9.7,42.34,20.86,1.22,11.92,38.31
Mumbai,2018-08-13,68.0,Satisfactory,12.94,45.15,17.76,1.14,9.21,37.65
Mumbai,2018-08-14,107.0,Moderate,80.13,64.24,20.85,0.91,11.77,39.5
Mumbai,2018-08-15,93.0,Satisfactory,26.83,90.14,22.03,1.12,14.45,44.31
Mumbai,2018-08-16,90.0,Satisfactory,26.49,91.07,22.23,1.1,11.49,41.44
Mumbai,2018-08-17,83.0,Satisfactory,23.72,74.6,21.08,1.09,11.53,41.28
Mumbai,2018-08-18,74.0,Satisfactory,24.15,73.99,23.64,1.06,14.13,41.67
Mumbai,2018-08-19,76.0,Satisfactory,22.94,84.4,19.22,1.02,11.74,44.15
Mumbai,2018-08-20,81.0,Satisfactory,26.68,75.24,20.96,0.99,11.84,37.31
Mumbai,2018-08-21,95.0,Satisfactory,30.76,69.36,24.6,1.02,13.7,46.32
Mumbai,2018-08-22,64.0,Satisfactory,25.47,61.36,22.08,1.03,15.21,47.18
Mumbai,2018-08-23,65.0,Satisfactory,23.11,62.32,26.84,1.01,15.22,45.22
Mumbai,2018-08-24,65.0,Satisfactory,18.94,53.7,26.94,1.18,12.06,48.58
Mumbai,2018-08-25,70.0,Satisfactory,25.28,55.95,26.13,1.33,14.85,49.66
Mumbai,2018-08-26,72.0,Satisfactory,23.62,54.02,24.89,1.36,14.8,55.14
Mumbai,2018-08-27,77.0,Satisfactory,26.46,65.51,30.42,1.44,14.13,49.99
Mumbai,2018-08-28,100.0,Satisfactory,30.97,75.3,33.37,1.39,9.51,54.83
Mumbai,2018-08-29,77.0,Satisfactory,28.58,70.91,32.46,1.31,7.65,45.71
Mumbai,2018-08-30,71.0,Satisfactory,26.49,67.74,31.34,1.29,11.08,47.01
Mumbai,2018-08-31,70.0,Satisfactory,25.69,61.92,29.3,1.31,11.4,48.2
Mumbai,2018-09-01,71.0,Satisfactory,28.24,71.66,27.72,1.31,13.66,44.98
Mumbai,2018-09-02,70.0,Satisfactory,24.03,56.21,25.98,1.32,12.45,47.94
Mumbai,2018-09-03,69.0,Satisfactory,26.35,57.69,23.5,1.31,15.45,49.4
Mumbai,2018-09-04,70.0,Satisfactory,23.49,54.7,20.7,1.31,14.73,42.47
Mumbai,2018-09-05,68.0,Satisfactory,22.67,56.3,24.62,1.23,14.35,46.98
Mumbai,2018-09-06,60.0,Satisfactory,25.5,60.73,26.53,0.98,13.51,43.64
Mumbai,2018-09-07,65.0,Satisfactory,27.31,67.46,31.49,0.97,15.23,39.31
Mumbai,2018-09-08,67.0,Satisfactory,26.77,64.56,30.32,0.99,15.65,42.69
Mumbai,2018-09-09,70.0,Satisfactory,24.28,67.13,31.12,1.1,16.27,39.83
Mumbai,2018-09-10,84.0,Satisfactory,21.84,63.71,26.24,1.27,12.41,24.91
Mumbai,2018-09-11,106.0,Moderate,26.76,72.02,23.19,1.55,13.9,22.46
Mumbai,2018-09-12,89.0,Satisfactory,21.64,53.58,21.46,1.41,11.85,23.67
Mumbai,2018-09-13,82.0,Satisfactory,19.28,48.32,21.2,1.44,17.7,25.68
Mumbai,2018-09-14,89.0,Satisfactory,23.52,57.14,22.87,1.57,18.26,27.03
Mumbai,2018-09-15,102.0,Moderate,22.09,67.31,24.76,1.77,17.79,30.62
Mumbai,2018-09-16,103.0,Moderate,25.6,76.8,25.68,1.77,16.75,33.62
Mumbai,2018-09-17,93.0,Satisfactory,20.37,68.0,21.88,1.62,13.13,30.21
Mumbai,2018-09-18,93.0,Satisfactory,25.51,78.16,22.65,1.58,10.78,30.93
Mumbai,2018-09-19,78.0,Satisfactory,17.68,55.13,23.5,1.39,10.29,28.35
Mumbai,2018-09-20,100.0,Satisfactory,25.44,91.8,26.19,1.7,11.93,37.93
Mumbai,2018-09-21,113.0,Moderate,42.73,114.46,28.18,1.92,14.14,43.7
Mumbai,2018-09-22,80.0,Satisfactory,31.22,59.71,21.98,1.35,17.08,49.13
Mumbai,2018-09-23,82.0,Satisfactory,35.95,66.06,25.3,1.5,18.69,45.84
Mumbai,2018-09-24,104.0,Moderate,33.06,70.44,23.98,1.6,14.82,46.51
Mumbai,2018-09-25,92.0,Satisfactory,33.86,77.88,25.06,1.55,14.14,36.72
Mumbai,2018-09-26,91.0,Satisfactory,32.52,71.2,29.12,1.57,15.17,38.59
Mumbai,2018-09-27,90.0,Satisfactory,37.21,76.15,33.05,1.58,13.64,49.45
Mumbai,2018-09-28,108.0,Moderate,44.86,107.68,37.4,2.0,15.19,50.39
Mumbai,2018-09-29,106.0,Moderate,44.05,112.39,31.84,1.94,17.12,47.98
Mumbai,2018-09-30,122.0,Moderate,54.77,141.2,32.42,2.32,20.79,55.94
Mumbai,2018-10-01,128.0,Moderate,49.35,130.79,31.92,2.21,16.35,46.39
Mumbai,2018-10-02,111.0,Moderate,49.52,116.69,36.92,2.0,15.18,49.69
Mumbai,2018-10-03,122.0,Moderate,50.87,122.42,34.0,1.95,15.28,60.44
Mumbai,2018-10-04,110.0,Moderate,43.4,99.57,29.79,2.09,18.74,47.73
Mumbai,2018-10-05,106.0,Moderate,42.12,103.91,29.9,2.14,15.77,41.95
Mumbai,2018-10-06,117.0,Moderate,48.16,122.98,29.55,2.13,16.84,41.35
Mumbai,2018-10-07,112.0,Moderate,54.76,118.68,31.68,1.89,22.58,52.25
Mumbai,2018-10-08,109.0,Moderate,48.6,106.14,31.1,1.76,20.49,64.18
Mumbai,2018-10-09,103.0,Moderate,45.06,100.44,24.85,1.75,20.02,66.08
Mumbai,2018-10-10,104.0,Moderate,42.82,100.02,27.69,1.69,18.62,59.75
Mumbai,2018-10-11,100.0,Satisfactory,34.35,89.58,21.34,1.66,16.7,66.49
Mumbai,2018-10-12,105.0,Moderate,44.57,118.82,31.55,1.76,17.23,65.46
Mumbai,2018-10-13,136.0,Moderate,54.92,167.05,28.09,1.91,17.81,74.19
Mumbai,2018-10-14,149.0,Moderate,48.18,166.65,30.08,2.18,18.99,49.91
Mumbai,2018-10-15,135.0,Moderate,49.42,153.48,32.3,2.34,20.27,51.95
Mumbai,2018-10-16,142.0,Moderate,54.25,158.76,33.31,2.41,20.25,52.22
Mumbai,2018-10-17,130.0,Moderate,46.14,129.95,31.55,1.96,18.33,52.39
Mumbai,2018-10-18,132.0,Moderate,26.07,71.72,29.06,1.7,19.8,58.18
Mumbai,2018-10-19,150.0,Moderate,49.65,137.14,24.75,1.54,25.03,71.31
Mumbai,2018-10-20,123.0,,48.89,120.56,26.09,1.62,16.53,39.44
Mumbai,2018-10-21,123.0,,51.67,105.95,26.41,1.0,7.71,34.07
Mumbai,2018-10-22,123.0,,65.55,158.76,19.15,1.81,17.61,38.03
Mumbai,2018-10-23,123.0,,30.7,91.46,18.44,1.72,18.53,23.99
Mumbai,2018-10-24,123.0,Moderate,45.04,153.14,19.69,2.38,20.83,25.53
Mumbai,2018-10-25,146.0,Moderate,52.53,166.96,19.54,2.59,21.41,26.01
Mumbai,2018-10-26,118.0,Moderate,39.38,115.93,19.51,1.93,19.11,24.46
Mumbai,2018-10-27,136.0,Moderate,54.0,172.6,21.46,2.65,21.75,27.42
Mumbai,2018-10-28,144.0,Moderate,51.67,105.95,26.41,1.0,7.71,34.07
Mumbai,2018-10-29,123.0,,34.62,96.44,26.33,1.75,19.64,40.74
Mumbai,2018-10-30,110.0,Moderate,36.32,109.1,36.88,1.87,18.0,32.52
Mumbai,2018-10-31,106.0,Moderate,41.76,111.56,38.88,1.95,16.61,37.97
Mumbai,2018-11-01,141.0,Moderate,49.85,138.28,60.47,2.1,16.34,39.87
Mumbai,2018-11-02,138.0,Moderate,41.8,120.59,58.64,2.02,18.88,44.23
Mumbai,2018-11-03,132.0,Moderate,40.22,100.16,50.71,1.95,14.27,41.95
Mumbai,2018-11-04,100.0,Satisfactory,37.39,78.33,30.41,1.71,13.1,55.14
Mumbai,2018-11-05,102.0,Moderate,34.93,68.37,35.62,1.74,19.92,43.27
Mumbai,2018-11-06,112.0,Moderate,65.23,152.2,41.32,2.14,28.32,47.33
Mumbai,2018-11-07,184.0,Moderate,67.63,164.86,56.95,2.32,28.2,37.62
Mumbai,2018-11-08,299.0,Poor,130.47,276.46,67.3,2.81,40.57,48.41
Mumbai,2018-11-09,195.0,Moderate,93.59,222.33,50.06,2.76,39.24,45.71
Mumbai,2018-11-10,307.0,Very Poor,122.18,272.19,39.76,2.92,29.82,64.46
Mumbai,2018-11-11,179.0,Moderate,63.69,157.26,49.0,2.65,25.82,66.27
Mumbai,2018-11-12,146.0,Moderate,56.06,149.49,44.82,2.59,24.89,58.48
Mumbai,2018-11-13,123.0,Moderate,51.04,133.23,29.43,2.1,24.14,67.98
Mumbai,2018-11-14,132.0,Moderate,48.02,132.29,37.39,2.3,24.71,56.49
Mumbai,2018-11-15,122.0,Moderate,49.79,132.08,49.29,2.33,23.56,64.87
Mumbai,2018-11-16,147.0,Moderate,51.3,136.44,59.6,2.35,21.75,57.12
Mumbai,2018-11-17,150.0,Moderate,56.72,152.93,56.85,2.75,21.46,57.58
Mumbai,2018-11-18,153.0,Moderate,65.09,171.12,42.15,2.83,19.25,79.13
Mumbai,2018-11-19,145.0,Moderate,51.67,105.95,26.41,1.0,7.71,34.07
Mumbai,2018-11-20,123.0,,73.29,177.92,24.7,2.01,21.46,103.0
Mumbai,2018-11-21,123.0,,51.67,105.95,26.41,1.0,7.71,34.07
Mumbai,2018-11-22,123.0,,64.04,152.7,110.16,2.41,21.59,69.64
Mumbai,2018-11-23,123.0,,48.49,112.45,53.66,2.35,18.48,57.96
Mumbai,2018-11-24,125.0,Moderate,48.76,141.23,38.64,2.61,21.5,53.93
Mumbai,2018-11-25,145.0,Moderate,51.75,171.43,39.13,2.89,21.99,64.37
Mumbai,2018-11-26,169.0,Moderate,63.19,179.98,38.66,3.07,22.39,61.74
Mumbai,2018-11-27,143.0,Moderate,57.74,161.37,50.01,2.87,18.53,51.25
Mumbai,2018-11-28,149.0,Moderate,55.7,175.73,49.82,2.83,13.92,65.33
Mumbai,2018-11-29,146.0,Moderate,53.71,170.39,39.31,2.85,14.99,65.15
Mumbai,2018-11-30,158.0,Moderate,56.87,175.08,37.29,2.93,17.34,69.6
Mumbai,2018-12-01,154.0,Moderate,62.05,196.83,41.17,3.02,17.4,63.12
Mumbai,2018-12-02,172.0,Moderate,62.82,202.58,36.12,2.21,17.88,71.9
Mumbai,2018-12-03,174.0,Moderate,76.86,215.08,43.27,1.89,16.39,74.46
Mumbai,2018-12-04,168.0,Moderate,65.54,187.09,60.53,2.42,14.82,65.87
Mumbai,2018-12-05,163.0,Moderate,72.91,201.08,68.46,3.26,15.46,75.06
Mumbai,2018-12-06,176.0,Moderate,70.04,170.19,56.0,2.63,13.9,49.86
Mumbai,2018-12-07,140.0,Moderate,54.61,165.03,42.91,2.06,19.62,44.72
Mumbai,2018-12-08,152.0,Moderate,63.47,193.53,46.77,2.34,23.26,50.4
Mumbai,2018-12-09,158.0,Moderate,56.9,169.94,43.94,2.12,22.11,50.29
Mumbai,2018-12-10,137.0,Moderate,51.82,151.5,45.25,1.79,17.96,49.03
Mumbai,2018-12-11,138.0,Moderate,49.73,154.09,65.26,1.91,18.87,43.06
Mumbai,2018-12-12,124.0,Moderate,38.67,121.78,57.01,1.81,19.96,40.93
Mumbai,2018-12-13,117.0,Moderate,50.03,142.34,61.56,1.81,22.04,45.61
Mumbai,2018-12-14,123.0,Moderate,61.98,148.08,50.13,1.81,26.36,35.55
Mumbai,2018-12-15,136.0,Moderate,57.49,159.6,44.05,1.87,29.7,38.71
Mumbai,2018-12-16,146.0,Moderate,56.54,155.32,36.6,1.8,33.29,43.55
Mumbai,2018-12-17,128.0,Moderate,50.82,135.22,37.73,1.7,23.54,43.0
Mumbai,2018-12-18,136.0,Moderate,63.59,165.21,49.72,1.9,21.82,53.08
Mumbai,2018-12-19,174.0,Moderate,66.38,141.73,106.27,1.97,20.37,49.9
Mumbai,2018-12-20,135.0,Moderate,50.75,130.15,70.55,1.74,19.4,42.96
Mumbai,2018-12-21,123.0,Moderate,52.93,143.39,65.68,1.9,17.82,47.82
Mumbai,2018-12-22,160.0,Moderate,74.39,180.07,73.65,2.58,19.18,54.17
Mumbai,2018-12-23,197.0,Moderate,92.96,192.28,63.17,2.65,21.36,53.27
Mumbai,2018-12-24,219.0,Poor,96.74,221.61,60.1,2.75,17.33,58.67
Mumbai,2018-12-25,210.0,Poor,88.48,203.0,37.83,2.72,22.33,60.08
Mumbai,2018-12-26,149.0,Moderate,68.03,137.58,49.5,1.86,18.79,46.46
Mumbai,2018-12-27,119.0,Moderate,67.26,133.78,50.21,1.81,22.18,33.39
Mumbai,2018-12-28,130.0,Moderate,69.88,152.97,52.64,2.03,26.15,37.61
Mumbai,2018-12-29,143.0,Moderate,65.85,137.97,69.41,2.05,26.23,37.22
Mumbai,2018-12-30,154.0,Moderate,81.14,159.39,66.55,2.11,38.07,35.39
Mumbai,2018-12-31,188.0,Moderate,81.34,185.04,90.08,2.57,27.19,38.87
Mumbai,2019-01-01,181.0,Moderate,79.78,221.85,66.11,2.75,21.88,45.29
Mumbai,2019-01-02,175.0,Moderate,80.41,232.04,64.04,3.14,26.7,53.3
Mumbai,2019-01-03,239.0,Poor,103.76,295.76,58.71,3.65,25.44,68.37
Mumbai,2019-01-04,221.0,Poor,84.61,250.62,59.75,3.5,23.0,68.82
Mumbai,2019-01-05,180.0,Moderate,75.92,216.49,64.59,2.76,24.93,63.06
Mumbai,2019-01-06,183.0,Moderate,81.14,233.06,60.0,2.76,21.49,62.05
Mumbai,2019-01-07,156.0,Moderate,52.78,164.07,67.79,2.18,22.27,48.85
Mumbai,2019-01-08,156.0,Moderate,57.44,177.25,56.98,2.75,32.25,67.66
Mumbai,2019-01-09,150.0,Moderate,71.68,199.89,48.59,2.49,21.75,85.19
Mumbai,2019-01-10,199.0,Moderate,84.32,250.65,50.68,3.01,18.86,69.71
Mumbai,2019-01-11,201.0,Poor,85.51,240.04,47.07,3.32,32.67,71.31
Mumbai,2019-01-12,187.0,Moderate,76.86,237.89,49.1,2.76,34.55,78.82
Mumbai,2019-01-13,197.0,Moderate,75.79,235.95,35.42,3.11,30.85,76.64
Mumbai,2019-01-14,163.0,Moderate,66.32,191.3,44.04,2.37,25.59,72.08
Mumbai,2019-01-15,162.0,Moderate,68.1,188.89,50.99,2.53,28.78,72.52
Mumbai,2019-01-16,162.0,Moderate,69.37,194.79,48.31,2.56,27.31,65.72
Mumbai,2019-01-17,184.0,Moderate,83.31,245.52,48.1,3.25,27.92,32.31
Mumbai,2019-01-18,200.0,Moderate,84.99,231.12,52.87,2.99,26.39,32.51
Mumbai,2019-01-19,190.0,Moderate,82.07,254.54,50.15,3.3,35.06,29.55
Mumbai,2019-01-20,234.0,Poor,93.45,285.55,26.93,3.34,35.52,33.76
Mumbai,2019-01-21,160.0,Moderate,51.0,132.19,17.6,2.1,28.3,20.34
Mumbai,2019-01-22,114.0,Moderate,34.26,109.43,35.26,1.94,22.76,25.59
Mumbai,2019-01-23,100.0,Satisfactory,26.04,113.83,41.97,1.65,21.92,29.55
Mumbai,2019-01-24,125.0,Moderate,53.38,150.95,70.2,1.78,18.37,37.42
Mumbai,2019-01-25,133.0,Moderate,47.4,135.35,79.41,1.83,12.39,52.07
Mumbai,2019-01-26,131.0,Moderate,38.28,122.56,72.66,1.84,12.89,54.64
Mumbai,2019-01-27,117.0,Moderate,36.88,117.84,68.41,1.79,10.85,34.26
Mumbai,2019-01-28,112.0,Moderate,46.01,121.37,13.44,2.29,12.57,35.58
Mumbai,2019-01-29,118.0,Moderate,47.42,125.09,38.05,2.12,14.45,40.56
Mumbai,2019-01-30,150.0,Moderate,51.55,173.72,26.41,2.83,17.46,48.14
Mumbai,2019-01-31,151.0,Moderate,51.24,174.07,26.41,2.93,24.08,47.64
Mumbai,2019-02-01,146.0,Moderate,48.04,153.71,26.41,2.3,17.87,59.04
Mumbai,2019-02-02,152.0,Moderate,50.63,184.82,26.41,2.27,17.97,59.69
Mumbai,2019-02-03,186.0,Moderate,73.37,257.39,26.41,3.21,22.13,72.76
Mumbai,2019-02-04,201.0,Poor,66.26,217.26,17.9,3.25,22.36,56.12
Mumbai,2019-02-05,164.0,Moderate,65.62,209.61,30.45,2.73,19.76,70.86
Mumbai,2019-02-06,156.0,Moderate,43.34,146.7,23.77,1.88,14.66,65.06
Mumbai,2019-02-07,103.0,Moderate,18.67,94.56,24.61,1.59,12.31,44.44
Mumbai,2019-02-08,132.0,Moderate,52.26,203.43,36.41,1.64,13.66,38.51
Mumbai,2019-02-09,170.0,Moderate,72.35,188.49,34.58,2.0,20.72,32.65
Mumbai,2019-02-10,180.0,Moderate,86.52,222.61,30.53,2.84,26.28,55.92
Mumbai,2019-02-11,213.0,Poor,101.67,261.7,34.5,3.17,25.97,69.16
Mumbai,2019-02-12,225.0,Poor,94.74,221.18,45.67,3.27,24.49,55.38
Mumbai,2019-02-13,190.0,Moderate,78.47,152.16,34.45,2.6,21.96,56.51
Mumbai,2019-02-14,139.0,Moderate,49.64,100.42,32.54,1.91,16.76,56.4
Mumbai,2019-02-15,118.0,Moderate,47.74,119.49,30.95,1.86,15.42,68.09
Mumbai,2019-02-16,125.0,Moderate,52.57,130.57,37.75,2.16,17.91,58.37
Mumbai,2019-02-17,165.0,Moderate,59.84,168.11,34.62,2.37,19.85,90.64
Mumbai,2019-02-18,155.0,Moderate,54.99,136.62,32.21,2.25,19.18,83.46
Mumbai,2019-02-19,143.0,Moderate,49.87,120.19,34.17,2.19,18.32,76.99
Mumbai,2019-02-20,166.0,Moderate,64.73,182.68,28.4,3.0,22.73,101.76
Mumbai,2019-02-21,114.0,Moderate,35.61,84.13,20.68,1.67,17.0,70.35
Mumbai,2019-02-22,105.0,Moderate,38.3,103.84,21.65,1.85,16.77,56.96
Mumbai,2019-02-23,156.0,Moderate,58.39,196.31,32.52,2.51,21.28,78.9
Mumbai,2019-02-24,140.0,Moderate,31.67,126.11,22.27,1.84,18.07,62.79
Mumbai,2019-02-25,119.0,Moderate,35.64,118.0,26.2,1.97,15.66,57.0
Mumbai,2019-02-26,118.0,Moderate,27.8,116.06,24.5,1.69,8.13,45.78
Mumbai,2019-02-27,108.0,Moderate,22.69,109.49,18.29,1.72,7.67,37.63
Mumbai,2019-02-28,106.0,Moderate,49.14,133.69,13.9,1.92,10.0,49.84
Mumbai,2019-03-01,159.0,Moderate,41.12,150.77,38.66,2.35,17.55,70.34
Mumbai,2019-03-02,184.0,Moderate,49.77,203.42,35.35,2.78,15.04,72.01
Mumbai,2019-03-03,114.0,Moderate,15.85,58.71,12.5,1.64,7.53,63.43
Mumbai,2019-03-04,95.0,Satisfactory,16.82,81.35,7.43,1.64,7.72,73.28
Mumbai,2019-03-05,106.0,Moderate,22.15,126.58,5.5,1.54,6.83,76.26
Mumbai,2019-03-06,113.0,Moderate,23.44,92.09,10.1,1.67,7.12,80.67
Mumbai,2019-03-07,113.0,Moderate,25.23,102.94,15.47,1.75,7.22,80.8
Mumbai,2019-03-08,122.0,Moderate,29.13,108.52,17.87,1.83,8.15,81.24
Mumbai,2019-03-09,151.0,Moderate,36.24,132.21,20.05,2.14,10.39,89.05
Mumbai,2019-03-10,142.0,Moderate,30.19,158.13,17.41,1.96,9.84,61.16
Mumbai,2019-03-11,127.0,Moderate,23.72,128.8,9.46,1.67,7.23,46.22
Mumbai,2019-03-12,109.0,Moderate,21.02,92.1,9.01,1.54,6.71,60.52
Mumbai,2019-03-13,142.0,Moderate,23.36,90.2,10.9,1.58,7.4,97.63
Mumbai,2019-03-14,104.0,Moderate,21.54,99.26,14.7,1.63,5.16,68.64
Mumbai,2019-03-15,124.0,Moderate,28.02,113.58,17.95,1.73,4.28,85.43
Mumbai,2019-03-16,153.0,Moderate,39.49,158.64,25.05,2.18,6.0,89.53
Mumbai,2019-03-17,135.0,Moderate,37.52,132.12,20.46,1.93,4.04,87.21
Mumbai,2019-03-18,137.0,Moderate,40.68,145.41,23.59,2.28,5.96,86.68
Mumbai,2019-03-19,140.0,Moderate,35.58,140.87,20.39,2.34,7.17,57.91
Mumbai,2019-03-20,108.0,Moderate,27.08,92.8,10.65,1.8,4.35,65.62
Mumbai,2019-03-21,98.0,Satisfactory,19.81,79.16,3.53,1.58,3.2,55.06
Mumbai,2019-03-22,81.0,Satisfactory,18.03,65.91,7.2,1.44,3.15,37.28
Mumbai,2019-03-23,90.0,Satisfactory,31.96,115.36,10.21,1.44,3.86,51.37
Mumbai,2019-03-24,149.0,Moderate,49.58,188.42,20.72,1.0,5.64,66.28
Mumbai,2019-03-25,160.0,Moderate,55.04,206.24,34.94,1.71,4.78,50.36
Mumbai,2019-03-26,147.0,Moderate,40.69,151.14,23.48,1.71,1.22,35.31
Mumbai,2019-03-27,128.0,Moderate,34.51,127.47,10.1,1.6,24.1,29.84
Mumbai,2019-03-28,111.0,Moderate,32.94,105.11,10.48,1.61,42.91,32.64
Mumbai,2019-03-29,98.0,Satisfactory,29.55,100.84,5.19,1.5,28.83,21.98
Mumbai,2019-03-30,101.0,Moderate,24.24,89.43,5.62,1.49,28.87,17.4
Mumbai,2019-03-31,87.0,Satisfactory,18.43,90.53,5.77,1.46,28.27,14.4
Mumbai,2019-04-01,90.0,Satisfactory,19.8,87.09,2.49,1.43,29.66,13.07
Mumbai,2019-04-02,86.0,Satisfactory,22.9,89.81,18.8,1.7,22.45,43.42
Mumbai,2019-04-03,138.0,Moderate,27.35,92.65,29.36,1.79,22.97,35.71
Mumbai,2019-04-04,94.0,Satisfactory,16.91,66.3,19.55,1.72,22.44,21.67
Mumbai,2019-04-05,94.0,Satisfactory,19.09,60.59,19.43,1.76,22.69,25.83
Mumbai,2019-04-06,95.0,Satisfactory,17.84,66.09,21.09,1.78,22.87,14.0
Mumbai,2019-04-07,98.0,Satisfactory,18.74,71.13,22.34,1.85,23.04,15.02
Mumbai,2019-04-08,95.0,Satisfactory,16.1,59.23,21.77,1.78,23.21,21.22
Mumbai,2019-04-09,93.0,Satisfactory,16.87,60.7,18.49,1.73,23.29,22.29
Mumbai,2019-04-10,94.0,Satisfactory,14.22,52.28,17.8,1.77,23.47,19.22
Mumbai,2019-04-11,92.0,Satisfactory,17.17,64.97,15.32,1.74,22.99,20.81
Mumbai,2019-04-12,96.0,Satisfactory,22.32,76.97,20.93,1.83,23.7,24.64
Mumbai,2019-04-13,109.0,Moderate,33.1,114.51,34.12,2.06,25.33,25.95
Mumbai,2019-04-14,108.0,Moderate,22.7,83.82,30.65,1.91,23.82,15.09
Mumbai,2019-04-15,102.0,Moderate,20.7,84.28,28.62,1.88,22.74,35.39
Mumbai,2019-04-16,101.0,Moderate,27.28,106.52,24.92,1.85,19.95,28.41
Mumbai,2019-04-17,93.0,Satisfactory,13.15,50.12,20.49,1.69,19.47,19.05
Mumbai,2019-04-18,96.0,Satisfactory,21.44,88.17,34.18,1.82,20.13,32.75
Mumbai,2019-04-19,99.0,Satisfactory,21.5,95.76,27.23,1.84,20.07,21.3
Mumbai,2019-04-20,102.0,Moderate,22.27,75.24,34.26,1.92,20.16,23.3
Mumbai,2019-04-21,100.0,Satisfactory,21.17,69.22,23.45,1.89,20.28,14.96
Mumbai,2019-04-22,98.0,Satisfactory,20.98,75.94,27.14,1.86,22.6,24.44
Mumbai,2019-04-23,97.0,Satisfactory,18.09,71.69,22.31,1.84,24.63,32.45
Mumbai,2019-04-24,93.0,Satisfactory,16.24,67.42,14.65,1.77,23.62,34.41
Mumbai,2019-04-25,90.0,Satisfactory,17.48,57.09,15.74,1.76,22.37,31.8
Mumbai,2019-04-26,93.0,Satisfactory,17.19,74.24,18.72,1.79,20.85,27.22
Mumbai,2019-04-27,100.0,Satisfactory,26.23,99.86,24.73,1.94,24.2,22.74
Mumbai,2019-04-28,103.0,Moderate,23.77,99.29,27.13,1.88,23.41,16.98
Mumbai,2019-04-29,97.0,Satisfactory,22.63,88.73,22.3,1.85,23.8,15.57
Mumbai,2019-04-30,96.0,Satisfactory,21.86,85.4,19.2,1.84,24.52,18.42
Mumbai,2019-05-01,90.0,Satisfactory,19.09,89.67,12.89,1.77,23.3,12.82
Mumbai,2019-05-02,105.0,Moderate,21.65,114.38,13.17,1.76,22.6,23.08
Mumbai,2019-05-03,97.0,Satisfactory,17.93,85.82,14.87,1.8,19.09,11.7
Mumbai,2019-05-04,92.0,Satisfactory,16.54,76.05,16.35,1.8,19.29,16.35
Mumbai,2019-05-05,91.0,Satisfactory,14.8,71.97,9.55,1.79,19.68,17.61
Mumbai,2019-05-06,93.0,Satisfactory,15.73,61.85,12.71,1.8,19.8,19.01
Mumbai,2019-05-07,95.0,Satisfactory,13.48,52.14,13.09,1.82,21.62,21.85
Mumbai,2019-05-08,90.0,Satisfactory,12.89,47.56,9.3,1.76,24.67,24.36
Mumbai,2019-05-09,91.0,Satisfactory,10.95,46.73,11.28,1.76,24.3,11.22
Mumbai,2019-05-10,89.0,Satisfactory,12.8,49.69,11.68,1.75,24.35,18.84
Mumbai,2019-05-11,93.0,Satisfactory,12.96,45.38,19.48,1.78,24.31,16.01
Mumbai,2019-05-12,94.0,Satisfactory,14.62,62.45,18.89,1.81,24.16,15.75
Mumbai,2019-05-13,92.0,Satisfactory,18.73,70.93,14.77,1.77,24.34,15.94
Mumbai,2019-05-14,92.0,Satisfactory,15.43,64.72,16.34,1.67,22.41,20.13
Mumbai,2019-05-15,80.0,Satisfactory,15.19,64.91,15.87,1.45,22.61,22.69
Mumbai,2019-05-16,76.0,Satisfactory,16.01,58.49,14.07,1.43,19.58,19.94
Mumbai,2019-05-17,79.0,Satisfactory,15.25,64.12,18.31,1.5,18.85,14.32
Mumbai,2019-05-18,92.0,Satisfactory,16.14,74.72,20.05,1.62,24.56,14.88
Mumbai,2019-05-19,83.0,Satisfactory,12.37,58.55,20.27,1.54,23.69,15.65
Mumbai,2019-05-20,84.0,Satisfactory,12.04,58.33,16.87,1.65,17.63,22.67
Mumbai,2019-05-21,92.0,Satisfactory,14.62,69.48,14.59,1.79,11.05,15.14
Mumbai,2019-05-22,89.0,Satisfactory,11.08,45.31,12.09,1.75,10.84,14.77
Mumbai,2019-05-23,93.0,Satisfactory,25.61,55.67,13.9,1.78,11.83,17.17
Mumbai,2019-05-24,90.0,Satisfactory,16.84,79.74,12.8,1.69,10.96,14.79
Mumbai,2019-05-25,75.0,Satisfactory,14.03,60.49,10.11,1.41,12.41,26.22
Mumbai,2019-05-26,71.0,Satisfactory,17.07,76.72,9.62,1.36,15.93,23.81
Mumbai,2019-05-27,86.0,Satisfactory,18.11,86.81,9.78,1.45,14.91,23.04
Mumbai,2019-05-28,90.0,Satisfactory,16.57,72.77,9.8,1.76,11.23,19.96
Mumbai,2019-05-29,91.0,Satisfactory,14.93,60.16,9.83,1.7,11.33,26.66
Mumbai,2019-05-30,73.0,Satisfactory,12.88,48.56,9.69,1.39,11.02,19.95
Mumbai,2019-05-31,76.0,Satisfactory,13.92,48.68,11.04,1.45,13.74,31.89
Mumbai,2019-06-01,81.0,Satisfactory,12.38,45.97,14.13,1.58,16.05,24.38
Mumbai,2019-06-02,81.0,Satisfactory,12.49,43.71,13.65,1.6,16.32,24.89
Mumbai,2019-06-03,81.0,Satisfactory,16.91,45.9,11.69,1.29,13.11,24.56
Mumbai,2019-06-04,66.0,Satisfactory,14.51,49.54,7.05,0.68,7.54,18.91
Mumbai,2019-06-05,64.0,Satisfactory,16.41,53.63,6.38,0.63,9.08,17.04
Mumbai,2019-06-06,65.0,Satisfactory,12.41,57.2,8.5,0.58,9.9,18.84
Mumbai,2019-06-07,72.0,Satisfactory,12.86,65.7,11.45,0.5,10.37,17.37
Mumbai,2019-06-08,77.0,Satisfactory,14.42,77.47,11.93,0.52,8.74,18.69
Mumbai,2019-06-09,86.0,Satisfactory,16.3,85.38,11.54,0.55,9.59,15.94
Mumbai,2019-06-10,87.0,Satisfactory,18.41,75.69,20.97,0.68,9.76,22.76
Mumbai,2019-06-11,90.0,Satisfactory,18.13,50.39,28.04,0.7,9.34,30.22
Mumbai,2019-06-12,71.0,Satisfactory,15.48,46.88,19.26,0.63,9.46,20.67
Mumbai,2019-06-13,61.0,Satisfactory,13.64,57.28,15.52,0.53,8.57,21.85
Mumbai,2019-06-14,69.0,Satisfactory,15.87,56.1,13.6,0.53,9.5,13.58
Mumbai,2019-06-15,62.0,Satisfactory,13.97,48.22,14.4,0.51,10.38,12.83
Mumbai,2019-06-16,58.0,Satisfactory,11.64,55.6,9.91,0.33,9.73,14.62
Mumbai,2019-06-17,60.0,Satisfactory,12.33,59.29,9.55,0.44,10.37,14.3
Mumbai,2019-06-18,65.0,Satisfactory,14.3,52.99,11.91,0.51,10.39,14.79
Mumbai,2019-06-19,61.0,Satisfactory,14.45,56.82,13.23,0.53,10.8,12.38
Mumbai,2019-06-20,80.0,Satisfactory,15.98,82.29,11.25,0.48,10.9,13.0
Mumbai,2019-06-21,82.0,Satisfactory,16.49,78.83,11.72,0.46,11.22,12.15
Mumbai,2019-06-22,84.0,Satisfactory,19.33,88.55,13.33,0.46,11.19,13.26
Mumbai,2019-06-23,90.0,Satisfactory,18.81,88.85,13.27,0.43,11.77,13.74
Mumbai,2019-06-24,92.0,Satisfactory,20.36,80.85,15.53,0.54,12.04,13.16
Mumbai,2019-06-25,71.0,Satisfactory,17.72,53.76,14.17,0.52,11.48,14.9
Mumbai,2019-06-26,63.0,Satisfactory,15.04,49.61,13.16,0.47,11.63,13.43
Mumbai,2019-06-27,60.0,Satisfactory,10.52,31.79,14.18,0.51,10.94,13.41
Mumbai,2019-06-28,59.0,Satisfactory,7.2,31.49,11.4,0.44,9.39,16.47
Mumbai,2019-06-29,63.0,Satisfactory,10.31,34.34,15.26,0.49,9.21,19.59
Mumbai,2019-06-30,59.0,Satisfactory,11.91,39.11,15.23,0.53,9.42,14.72
Mumbai,2019-07-01,59.0,Satisfactory,8.73,24.69,17.34,0.55,11.08,17.01
Mumbai,2019-07-02,61.0,Satisfactory,9.86,21.58,19.56,0.59,12.53,14.59
Mumbai,2019-07-03,67.0,Satisfactory,13.44,31.61,17.27,0.62,13.27,12.88
Mumbai,2019-07-04,68.0,Satisfactory,16.28,43.96,14.32,0.72,12.93,12.16
Mumbai,2019-07-05,84.0,Satisfactory,13.97,53.1,13.72,0.57,12.61,12.64
Mumbai,2019-07-06,57.0,Satisfactory,10.48,46.43,11.91,0.42,11.13,14.05
Mumbai,2019-07-07,76.0,Satisfactory,17.65,82.39,9.3,0.42,11.35,15.25
Mumbai,2019-07-08,84.0,Satisfactory,9.78,54.07,12.64,0.44,11.47,14.2
Mumbai,2019-07-09,61.0,Satisfactory,10.49,45.85,10.51,0.41,10.75,14.75
Mumbai,2019-07-10,59.0,Satisfactory,8.69,28.14,12.99,0.47,9.36,12.85
Mumbai,2019-07-11,67.0,Satisfactory,11.0,49.5,10.58,0.41,7.28,12.22
Mumbai,2019-07-12,72.0,Satisfactory,11.6,48.04,11.89,0.44,7.21,13.87
Mumbai,2019-07-13,63.0,Satisfactory,11.06,44.93,11.47,0.44,7.38,11.65
Mumbai,2019-07-14,65.0,Satisfactory,9.18,43.54,9.99,0.44,8.0,13.45
Mumbai,2019-07-15,66.0,Satisfactory,10.76,57.0,9.99,0.43,8.18,13.18
Mumbai,2019-07-16,66.0,Satisfactory,11.46,51.18,9.44,0.45,8.32,11.87
Mumbai,2019-07-17,69.0,Satisfactory,14.55,59.21,9.47,0.49,8.6,12.26
Mumbai,2019-07-18,70.0,Satisfactory,14.07,62.65,11.3,0.46,9.19,12.41
Mumbai,2019-07-19,77.0,Satisfactory,18.79,78.75,13.24,0.51,10.0,12.25
Mumbai,2019-07-20,78.0,Satisfactory,18.67,57.53,16.96,0.62,9.35,12.88
Mumbai,2019-07-21,79.0,Satisfactory,22.6,48.5,19.66,0.71,9.54,16.46
Mumbai,2019-07-22,64.0,Satisfactory,11.58,32.14,16.13,0.55,8.73,17.35
Mumbai,2019-07-23,55.0,Satisfactory,7.33,25.93,15.21,0.4,8.17,15.68
Mumbai,2019-07-24,51.0,Satisfactory,7.93,22.05,13.77,0.28,7.67,15.25
Mumbai,2019-07-25,56.0,Satisfactory,14.23,42.48,13.12,0.31,8.02,14.15
Mumbai,2019-07-26,59.0,Satisfactory,11.83,41.53,10.47,0.27,8.06,14.63
Mumbai,2019-07-27,56.0,Satisfactory,11.84,43.68,10.49,0.43,7.62,17.47
Mumbai,2019-07-28,61.0,Satisfactory,14.16,53.66,9.9,0.46,8.41,16.94
Mumbai,2019-07-29,65.0,Satisfactory,12.93,47.19,10.8,0.51,8.57,13.16
Mumbai,2019-07-30,58.0,Satisfactory,10.37,32.95,12.72,0.46,7.7,15.39
Mumbai,2019-07-31,56.0,Satisfactory,9.25,33.22,11.75,0.46,7.75,14.5
Mumbai,2019-08-01,58.0,Satisfactory,9.44,38.95,10.59,0.43,7.93,14.61
Mumbai,2019-08-02,56.0,Satisfactory,7.97,29.55,9.89,0.4,8.6,13.84
Mumbai,2019-08-03,49.0,Good,8.06,23.05,8.7,0.39,10.29,13.76
Mumbai,2019-08-04,48.0,Good,10.3,35.88,7.87,0.4,10.12,13.98
Mumbai,2019-08-05,56.0,Satisfactory,11.9,41.42,9.02,0.42,10.04,12.85
Mumbai,2019-08-06,59.0,Satisfactory,10.6,41.04,9.73,0.44,9.83,11.1
Mumbai,2019-08-07,60.0,Satisfactory,12.73,51.39,9.14,0.43,9.37,12.52
Mumbai,2019-08-08,69.0,Satisfactory,18.67,72.32,9.7,0.44,9.46,12.52
Mumbai,2019-08-09,74.0,Satisfactory,18.48,66.95,8.54,0.43,9.26,11.43
Mumbai,2019-08-10,78.0,Satisfactory,18.71,76.53,7.54,0.41,9.13,12.07
Mumbai,2019-08-11,72.0,Satisfactory,15.56,62.75,7.74,0.43,8.71,12.19
Mumbai,2019-08-12,66.0,Satisfactory,12.73,56.76,7.92,0.45,7.44,11.54
Mumbai,2019-08-13,66.0,Satisfactory,13.07,52.56,10.19,0.54,8.19,9.89
Mumbai,2019-08-14,69.0,Satisfactory,15.06,61.4,12.45,0.57,8.64,10.8
Mumbai,2019-08-15,70.0,Satisfactory,11.75,47.84,10.33,0.53,9.53,12.32
Mumbai,2019-08-16,60.0,Satisfactory,11.89,51.78,9.91,0.52,9.55,12.81
Mumbai,2019-08-17,67.0,Satisfactory,13.3,64.05,9.24,0.52,7.74,13.62
Mumbai,2019-08-18,65.0,Satisfactory,11.37,52.68,8.69,0.55,7.38,11.22
Mumbai,2019-08-19,67.0,Satisfactory,11.44,53.12,9.8,0.54,8.07,10.44
Mumbai,2019-08-20,73.0,Satisfactory,13.78,63.94,11.11,0.51,8.9,10.72
Mumbai,2019-08-21,68.0,Satisfactory,15.77,53.39,11.06,0.52,8.59,11.15
Mumbai,2019-08-22,62.0,Satisfactory,12.96,53.14,10.74,0.55,9.01,10.33
Mumbai,2019-08-23,64.0,Satisfactory,16.01,52.92,11.58,0.6,9.56,9.38
Mumbai,2019-08-24,62.0,Satisfactory,18.56,49.36,10.06,0.58,9.6,11.89
Mumbai,2019-08-25,66.0,Satisfactory,12.37,47.31,11.86,0.69,11.14,8.11
Mumbai,2019-08-26,73.0,Satisfactory,14.76,59.08,11.3,0.64,12.3,8.62
Mumbai,2019-08-27,64.0,Satisfactory,13.53,55.06,10.38,0.35,11.97,10.51
Mumbai,2019-08-28,53.0,Satisfactory,12.75,45.0,9.91,0.46,11.47,9.27
Mumbai,2019-08-29,57.0,Satisfactory,13.24,46.32,10.03,0.66,11.13,8.93
Mumbai,2019-08-30,62.0,Satisfactory,11.17,39.63,10.86,0.67,10.95,7.12
Mumbai,2019-08-31,62.0,Satisfactory,11.53,42.24,11.28,0.63,11.18,8.93
Mumbai,2019-09-01,62.0,Satisfactory,9.75,32.99,10.74,0.65,11.02,10.84
Mumbai,2019-09-02,67.0,Satisfactory,12.12,41.22,9.33,0.71,10.89,8.56
Mumbai,2019-09-03,60.0,Satisfactory,6.72,21.31,11.46,0.64,10.98,9.87
Mumbai,2019-09-04,54.0,Satisfactory,7.68,20.72,12.01,0.62,11.23,9.36
Mumbai,2019-09-05,49.0,Good,5.68,20.38,10.54,0.6,11.37,10.26
Mumbai,2019-09-06,47.0,Good,7.6,29.36,10.81,0.57,10.93,9.62
Mumbai,2019-09-07,49.0,Good,10.71,34.27,11.97,0.62,11.08,9.12
Mumbai,2019-09-08,51.0,Satisfactory,8.69,29.63,13.69,0.67,11.81,12.28
Mumbai,2019-09-09,54.0,Satisfactory,12.07,46.77,12.67,0.57,12.02,9.24
Mumbai,2019-09-10,54.0,Satisfactory,13.89,51.1,12.29,0.39,11.8,10.38
Mumbai,2019-09-11,55.0,Satisfactory,14.62,47.04,13.79,0.52,12.02,7.52
Mumbai,2019-09-12,55.0,Satisfactory,10.93,41.79,12.54,0.44,11.38,7.84
Mumbai,2019-09-13,53.0,Satisfactory,12.93,39.62,13.82,0.54,12.0,7.08
Mumbai,2019-09-14,60.0,Satisfactory,13.24,54.5,12.13,0.46,11.58,9.01
Mumbai,2019-09-15,57.0,Satisfactory,10.85,32.85,17.71,0.62,11.31,12.04
Mumbai,2019-09-16,65.0,Satisfactory,11.95,45.25,13.78,0.57,12.4,7.17
Mumbai,2019-09-17,64.0,Satisfactory,16.24,43.48,12.93,0.59,11.46,8.24
Mumbai,2019-09-18,80.0,Satisfactory,17.95,42.66,17.44,0.8,12.06,7.93
Mumbai,2019-09-19,83.0,Satisfactory,21.73,38.49,30.97,0.83,11.61,18.46
Mumbai,2019-09-20,73.0,Satisfactory,14.94,34.2,21.94,0.75,10.98,10.91
Mumbai,2019-09-21,57.0,Satisfactory,12.09,33.0,16.97,0.47,8.75,11.09
Mumbai,2019-09-22,56.0,Satisfactory,15.09,44.55,15.95,0.45,6.85,11.12
Mumbai,2019-09-23,64.0,Satisfactory,18.6,57.85,13.64,0.55,7.6,8.68
Mumbai,2019-09-24,67.0,Satisfactory,15.04,59.47,12.38,0.57,7.4,9.33
Mumbai,2019-09-25,64.0,Satisfactory,16.9,37.22,22.09,0.67,7.63,10.74
Mumbai,2019-09-26,70.0,Satisfactory,17.28,39.46,19.61,0.67,7.97,10.72
Mumbai,2019-09-27,49.0,Good,8.39,22.71,12.29,0.39,7.44,10.11
Mumbai,2019-09-28,40.0,Good,8.32,27.38,10.2,0.28,7.82,7.38
Mumbai,2019-09-29,42.0,Good,9.62,32.07,9.67,0.28,8.2,7.3
Mumbai,2019-09-30,41.0,Good,8.33,26.16,9.8,0.32,8.42,6.25
Mumbai,2019-10-01,50.0,Good,10.46,42.8,8.67,0.35,8.4,6.29
Mumbai,2019-10-02,64.0,Satisfactory,16.15,56.33,11.75,0.47,8.57,8.0
Mumbai,2019-10-03,68.0,Satisfactory,17.62,52.25,14.41,0.66,8.76,8.22
Mumbai,2019-10-04,72.0,Satisfactory,24.77,64.32,18.88,0.71,9.19,10.65
Mumbai,2019-10-05,96.0,Satisfactory,32.11,74.94,23.52,1.19,9.91,15.35
Mumbai,2019-10-06,99.0,Satisfactory,35.13,77.75,27.19,0.83,11.47,27.28
Mumbai,2019-10-07,93.0,Satisfactory,45.48,88.32,26.69,0.84,10.13,26.16
Mumbai,2019-10-08,112.0,Moderate,54.08,99.28,26.33,1.45,10.18,27.71
Mumbai,2019-10-09,90.0,Satisfactory,21.6,49.28,27.88,1.02,10.08,20.53
Mumbai,2019-10-10,89.0,Satisfactory,39.03,81.82,33.69,0.89,11.46,24.9
Mumbai,2019-10-11,118.0,Moderate,39.11,77.93,34.85,1.12,11.26,30.85
Mumbai,2019-10-12,110.0,Moderate,49.37,103.99,32.46,0.83,12.09,32.79
Mumbai,2019-10-13,112.0,Moderate,42.92,88.36,30.6,1.54,12.81,27.03
Mumbai,2019-10-14,117.0,Moderate,55.33,112.01,32.7,0.98,13.2,25.92
Mumbai,2019-10-15,116.0,Moderate,50.61,111.2,33.54,1.15,14.05,26.74
Mumbai,2019-10-16,121.0,Moderate,49.19,118.26,35.06,1.24,14.7,29.97
Mumbai,2019-10-17,135.0,Moderate,56.89,126.82,34.5,1.22,13.74,38.93
Mumbai,2019-10-18,135.0,Moderate,62.55,129.06,35.88,1.19,13.29,13.21
Mumbai,2019-10-19,99.0,Satisfactory,28.56,48.57,24.93,1.08,11.67,8.47
Mumbai,2019-10-20,86.0,Satisfactory,15.09,29.91,21.0,1.19,11.06,8.69
Mumbai,2019-10-21,81.0,Satisfactory,17.75,41.34,20.24,1.03,10.82,15.31
Mumbai,2019-10-22,76.0,Satisfactory,17.92,44.55,22.87,1.04,10.54,15.92
Mumbai,2019-10-23,72.0,Satisfactory,17.85,41.64,18.52,0.89,11.87,7.6
Mumbai,2019-10-24,87.0,Satisfactory,30.71,72.1,24.2,1.04,12.45,8.38
Mumbai,2019-10-25,82.0,Satisfactory,20.04,46.59,23.05,0.93,10.47,6.84
Mumbai,2019-10-26,69.0,Satisfactory,25.58,57.91,18.86,0.91,9.45,8.26
Mumbai,2019-10-27,105.0,Moderate,39.09,76.14,15.53,0.93,9.28,11.02
Mumbai,2019-10-28,92.0,Satisfactory,53.5,91.27,17.36,0.68,9.61,13.97
Mumbai,2019-10-29,113.0,Moderate,56.28,102.53,25.2,0.67,13.83,20.94
Mumbai,2019-10-30,97.0,Satisfactory,40.81,84.5,25.09,0.83,13.26,16.87
Mumbai,2019-10-31,81.0,Satisfactory,25.37,77.85,26.43,0.8,14.56,11.5
Mumbai,2019-11-01,77.0,Satisfactory,16.55,57.59,25.78,0.65,14.62,13.02
Mumbai,2019-11-02,57.0,Satisfactory,11.99,39.96,23.12,0.64,14.22,9.88
Mumbai,2019-11-03,71.0,Satisfactory,20.09,62.74,23.86,0.72,15.36,10.7
Mumbai,2019-11-04,78.0,Satisfactory,28.41,66.83,26.02,0.84,13.21,16.42
Mumbai,2019-11-05,79.0,Satisfactory,36.96,76.94,30.58,0.85,15.39,22.29
Mumbai,2019-11-06,105.0,Moderate,52.87,101.96,37.21,1.01,12.45,20.34
Mumbai,2019-11-07,84.0,Satisfactory,19.26,52.22,20.79,0.61,9.31,13.36
Mumbai,2019-11-08,57.0,Satisfactory,12.19,41.81,22.57,0.61,8.53,15.25
Mumbai,2019-11-09,82.0,Satisfactory,27.12,73.34,31.47,0.8,8.97,14.44
Mumbai,2019-11-10,97.0,Satisfactory,49.51,98.73,30.33,1.02,9.21,21.17
Mumbai,2019-11-11,108.0,Moderate,57.72,106.42,39.04,1.12,10.26,26.65
Mumbai,2019-11-12,134.0,Moderate,69.7,132.42,42.53,1.21,12.41,32.22
Mumbai,2019-11-13,140.0,Moderate,64.9,122.75,47.12,1.03,9.55,28.58
Mumbai,2019-11-14,128.0,Moderate,62.54,123.27,45.44,0.79,11.34,31.66
Mumbai,2019-11-15,131.0,Moderate,69.75,128.01,48.03,0.88,10.86,29.62
Mumbai,2019-11-16,149.0,Moderate,77.05,135.69,42.82,0.86,15.39,31.08
Mumbai,2019-11-17,149.0,Moderate,70.89,123.26,35.4,0.93,21.01,28.13
Mumbai,2019-11-18,140.0,Moderate,72.13,125.42,41.1,0.89,14.91,40.98
Mumbai,2019-11-19,184.0,Moderate,90.92,163.46,52.54,1.17,10.58,33.36
Mumbai,2019-11-20,209.0,Poor,91.86,171.91,51.64,1.22,10.92,33.38
Mumbai,2019-11-21,209.0,Poor,92.37,167.92,49.5,1.16,11.59,29.5
Mumbai,2019-11-22,208.0,Poor,87.03,163.02,47.1,1.07,17.75,31.78
Mumbai,2019-11-23,184.0,Moderate,82.21,154.89,42.15,1.08,16.27,28.57
Mumbai,2019-11-24,176.0,Moderate,82.78,149.57,41.2,0.98,15.66,40.96
Mumbai,2019-11-25,190.0,Moderate,89.06,159.83,44.9,1.06,13.78,36.41
Mumbai,2019-11-26,193.0,Moderate,83.45,158.37,47.23,1.07,17.3,39.16
Mumbai,2019-11-27,173.0,Moderate,73.81,143.06,40.31,0.94,16.55,23.19
Mumbai,2019-11-28,146.0,Moderate,71.95,142.88,49.86,1.1,17.73,35.46
Mumbai,2019-11-29,163.0,Moderate,81.38,148.72,43.02,1.21,16.65,28.14
Mumbai,2019-11-30,186.0,Moderate,87.36,158.29,44.13,1.05,17.05,31.04
Mumbai,2019-12-01,212.0,Poor,94.89,168.1,40.69,1.27,16.74,27.11
Mumbai,2019-12-02,174.0,Moderate,64.67,120.78,36.01,1.02,14.84,29.09
Mumbai,2019-12-03,115.0,Moderate,39.87,98.1,33.4,0.93,14.4,20.33
Mumbai,2019-12-04,99.0,Satisfactory,49.87,109.16,33.59,0.89,10.19,25.2
Mumbai,2019-12-05,111.0,Moderate,65.29,121.72,36.28,1.01,9.91,19.03
Mumbai,2019-12-06,180.0,Moderate,83.28,149.35,37.76,1.0,11.19,25.39
Mumbai,2019-12-07,154.0,Moderate,70.54,140.48,42.12,0.96,10.58,33.03
Mumbai,2019-12-08,174.0,Moderate,88.13,157.73,43.61,1.05,11.77,39.85
Mumbai,2019-12-09,205.0,Poor,82.73,147.34,42.56,1.14,12.12,37.94
Mumbai,2019-12-10,171.0,Moderate,82.73,150.62,46.79,1.22,13.51,37.99
Mumbai,2019-12-11,198.0,Moderate,95.77,169.34,44.51,1.29,14.82,28.02
Mumbai,2019-12-12,229.0,Poor,95.21,169.26,41.68,1.32,16.04,31.95
Mumbai,2019-12-13,203.0,Poor,72.43,132.97,39.02,1.02,14.48,32.43
Mumbai,2019-12-14,110.0,Moderate,50.06,110.41,36.34,0.99,12.67,33.34
Mumbai,2019-12-15,128.0,Moderate,69.63,143.27,40.24,1.15,12.47,34.86
Mumbai,2019-12-16,180.0,Moderate,89.46,161.83,39.26,1.34,13.46,33.36
Mumbai,2019-12-17,191.0,Moderate,80.42,149.67,37.31,1.18,10.74,38.95
Mumbai,2019-12-18,164.0,Moderate,73.92,137.11,37.22,0.92,10.17,40.44
Mumbai,2019-12-19,164.0,Moderate,75.17,138.83,38.8,0.98,9.88,35.35
Mumbai,2019-12-20,187.0,Moderate,94.27,169.49,49.03,1.14,10.1,39.76
Mumbai,2019-12-21,212.0,Poor,94.04,174.95,45.96,1.25,10.79,27.67
Mumbai,2019-12-22,225.0,Poor,94.72,171.39,41.58,1.21,11.57,26.98
Mumbai,2019-12-23,214.0,Poor,94.33,167.3,37.77,1.18,13.41,30.36
Mumbai,2019-12-24,250.0,Poor,122.89,205.91,46.54,1.28,11.52,41.44
Mumbai,2019-12-25,283.0,Poor,134.32,215.78,44.73,1.26,10.77,28.58
Mumbai,2019-12-26,268.0,Poor,87.5,152.83,34.22,0.98,10.49,29.76
Mumbai,2019-12-27,184.0,Moderate,88.03,154.44,39.77,1.02,10.27,32.89
Mumbai,2019-12-28,167.0,Moderate,75.77,140.33,35.86,0.98,8.75,33.43
Mumbai,2019-12-29,160.0,Moderate,75.81,145.75,36.07,0.98,9.36,36.88
Mumbai,2019-12-30,181.0,Moderate,86.42,155.08,36.03,1.03,9.28,41.98
Mumbai,2019-12-31,159.0,Moderate,65.76,127.82,37.46,0.82,10.47,56.55
Mumbai,2020-01-01,194.0,Moderate,104.06,183.88,46.39,1.22,10.98,45.97
Mumbai,2020-01-02,260.0,Poor,107.87,171.73,41.14,1.02,8.03,48.34
Mumbai,2020-01-03,221.0,Poor,93.64,157.8,40.42,0.97,7.94,48.31
Mumbai,2020-01-04,225.0,Poor,94.05,158.44,39.68,0.96,6.66,49.76
Mumbai,2020-01-05,229.0,Poor,91.04,162.68,39.93,1.1,7.9,39.59
Mumbai,2020-01-06,157.0,Moderate,70.2,142.64,38.91,1.01,8.68,43.46
Mumbai,2020-01-07,177.0,Moderate,87.2,165.84,42.33,1.29,9.46,31.33
Mumbai,2020-01-08,166.0,Moderate,64.97,120.55,29.07,0.89,7.73,36.12
Mumbai,2020-01-09,122.0,Moderate,59.98,126.87,38.98,0.85,8.96,39.85
Mumbai,2020-01-10,127.0,Moderate,65.06,143.74,43.01,0.93,10.04,36.59
Mumbai,2020-01-11,151.0,Moderate,76.71,162.07,43.56,1.08,10.12,38.7
Mumbai,2020-01-12,211.0,Poor,98.12,194.66,38.02,1.47,10.84,33.46
Mumbai,2020-01-13,178.0,Moderate,68.39,120.46,29.65,0.84,6.73,28.54
Mumbai,2020-01-14,100.0,Satisfactory,36.33,97.67,26.54,0.7,6.28,30.25
Mumbai,2020-01-15,97.0,Satisfactory,30.53,91.62,30.43,0.65,6.32,37.85
Mumbai,2020-01-16,90.0,Satisfactory,34.16,84.73,31.54,0.66,5.95,37.14
Mumbai,2020-01-17,93.0,Satisfactory,51.0,115.87,41.19,0.68,6.3,38.68
Mumbai,2020-01-18,160.0,Moderate,87.28,167.77,55.99,0.98,7.63,37.57
Mumbai,2020-01-19,213.0,Poor,96.1,195.03,48.29,1.12,8.28,35.96
Mumbai,2020-01-20,205.0,Poor,89.26,181.54,47.23,1.3,10.52,41.83
Mumbai,2020-01-21,227.0,Poor,96.99,207.73,44.95,1.58,10.32,37.38
Mumbai,2020-01-22,192.0,Moderate,78.69,173.23,42.07,1.49,11.8,37.74
Mumbai,2020-01-23,196.0,Moderate,87.78,189.99,44.52,1.24,11.77,40.14
Mumbai,2020-01-24,172.0,Moderate,73.57,163.95,40.8,1.17,11.7,39.02
Mumbai,2020-01-25,182.0,Moderate,91.57,192.11,43.88,1.32,14.01,47.99
Mumbai,2020-01-26,253.0,Poor,103.35,210.51,43.92,1.4,13.46,39.74
Mumbai,2020-01-27,183.0,Moderate,57.22,120.42,29.0,0.76,10.5,35.14
Mumbai,2020-01-28,94.0,Satisfactory,25.47,81.69,21.6,0.64,8.01,22.79
Mumbai,2020-01-29,85.0,Satisfactory,19.77,97.0,22.88,0.56,4.22,37.65
Mumbai,2020-01-30,123.0,Moderate,52.66,141.65,38.17,0.84,8.11,42.4
Mumbai,2020-01-31,145.0,Moderate,65.97,158.62,43.82,1.03,8.65,42.66
Mumbai,2020-02-01,154.0,Moderate,72.14,168.79,46.68,1.12,7.48,41.77
Mumbai,2020-02-02,183.0,Moderate,80.79,186.22,38.05,1.31,8.75,37.43
Mumbai,2020-02-03,192.0,Moderate,83.47,165.19,35.54,1.28,6.21,35.33
Mumbai,2020-02-04,178.0,Moderate,77.73,151.8,40.07,0.77,7.25,55.83
Mumbai,2020-02-05,151.0,Moderate,60.91,153.38,47.47,0.96,9.38,41.6
Mumbai,2020-02-06,138.0,Moderate,47.67,127.57,36.64,0.87,7.87,52.05
Mumbai,2020-02-07,129.0,Moderate,49.35,136.21,39.96,0.9,9.22,46.27
Mumbai,2020-02-08,133.0,Moderate,68.47,151.73,39.85,1.0,7.72,47.02
Mumbai,2020-02-09,142.0,Moderate,68.29,144.61,31.18,1.03,9.26,44.3
Mumbai,2020-02-10,134.0,Moderate,56.58,129.32,36.19,0.93,8.38,45.84
Mumbai,2020-02-11,130.0,Moderate,60.95,143.87,38.82,1.05,8.71,39.01
Mumbai,2020-02-12,136.0,Moderate,60.53,145.25,48.17,1.1,8.9,38.14
Mumbai,2020-02-13,144.0,Moderate,67.91,152.14,52.26,1.11,8.5,41.11
Mumbai,2020-02-14,141.0,Moderate,58.14,149.22,48.61,0.87,9.01,46.83
Mumbai,2020-02-15,141.0,Moderate,53.27,151.37,45.62,0.88,9.59,36.31
Mumbai,2020-02-16,147.0,Moderate,68.93,165.51,47.33,0.95,10.41,54.41
Mumbai,2020-02-17,234.0,Poor,102.48,212.49,54.75,1.3,9.46,54.43
Mumbai,2020-02-18,217.0,Poor,88.15,201.4,61.16,1.25,12.09,51.79
Mumbai,2020-02-19,224.0,Poor,92.5,212.28,59.13,1.32,14.81,47.26
Mumbai,2020-02-20,175.0,Moderate,62.8,146.64,46.33,1.0,10.38,27.28
Mumbai,2020-02-21,110.0,Moderate,39.37,100.68,35.82,0.75,9.11,23.71
Mumbai,2020-02-22,121.0,Moderate,65.93,157.96,53.25,0.97,12.37,43.03
Mumbai,2020-02-23,185.0,Moderate,77.63,194.83,57.94,1.19,13.28,47.06
Mumbai,2020-02-24,176.0,Moderate,84.7,185.63,56.76,1.22,12.73,46.95
Mumbai,2020-02-25,170.0,Moderate,48.01,152.41,49.44,0.95,11.32,32.01
Mumbai,2020-02-26,130.0,Moderate,41.03,131.59,50.32,0.75,14.57,46.17
Mumbai,2020-02-27,136.0,Moderate,51.74,144.95,57.91,0.92,15.46,50.93
Mumbai,2020-02-28,173.0,Moderate,77.61,185.24,71.94,1.37,16.66,43.82
Mumbai,2020-02-29,193.0,Moderate,74.98,183.77,58.47,1.24,16.08,27.98
Mumbai,2020-03-01,125.0,Moderate,43.39,121.29,32.11,0.65,13.19,23.93
Mumbai,2020-03-02,123.0,Moderate,52.18,142.49,28.46,0.77,16.93,19.25
Mumbai,2020-03-03,127.0,Moderate,43.68,137.1,26.55,0.46,17.25,27.79
Mumbai,2020-03-04,118.0,Moderate,36.73,122.49,27.93,0.52,15.98,27.16
Mumbai,2020-03-05,108.0,Moderate,32.59,108.48,26.95,0.53,17.87,21.06
Mumbai,2020-03-06,102.0,Moderate,20.15,105.77,19.07,0.43,17.17,18.27
Mumbai,2020-03-07,107.0,Moderate,24.45,131.04,23.93,0.48,9.15,27.96
Mumbai,2020-03-08,122.0,Moderate,27.0,125.15,31.81,0.57,9.73,30.18
Mumbai,2020-03-09,121.0,Moderate,35.03,134.18,31.06,0.67,9.61,28.36
Mumbai,2020-03-10,128.0,Moderate,40.47,125.98,20.36,0.77,12.7,22.31
Mumbai,2020-03-11,88.0,Satisfactory,16.04,74.65,19.18,0.43,11.07,24.98
Mumbai,2020-03-12,80.0,Satisfactory,18.59,80.55,24.74,0.49,10.72,22.72
Mumbai,2020-03-13,84.0,Satisfactory,23.81,108.48,30.64,0.5,7.84,34.81
Mumbai,2020-03-14,117.0,Moderate,30.33,126.36,34.81,0.58,7.96,41.79
Mumbai,2020-03-15,143.0,Moderate,49.84,175.84,41.75,1.01,12.24,36.0
Mumbai,2020-03-16,154.0,Moderate,57.99,190.49,53.12,1.24,14.86,40.61
Mumbai,2020-03-17,191.0,Moderate,78.54,204.96,52.95,1.66,15.1,45.85
Mumbai,2020-03-18,167.0,Moderate,52.03,150.71,42.38,1.02,11.79,40.01
Mumbai,2020-03-19,113.0,Moderate,30.33,99.38,26.7,0.6,7.97,31.9
Mumbai,2020-03-20,91.0,Satisfactory,21.08,84.44,14.85,0.5,6.6,19.03
Mumbai,2020-03-21,82.0,Satisfactory,20.14,67.91,16.51,0.47,11.0,24.3
Mumbai,2020-03-22,67.0,Satisfactory,16.75,53.27,9.46,0.36,12.08,27.87
Mumbai,2020-03-23,66.0,Satisfactory,23.48,64.7,11.07,0.42,12.02,32.77
Mumbai,2020-03-24,86.0,Satisfactory,35.58,92.81,12.34,0.52,8.75,38.04
Mumbai,2020-03-25,91.0,Satisfactory,30.86,77.24,11.34,0.5,8.32,31.58
Mumbai,2020-03-26,71.0,Satisfactory,27.82,65.48,11.3,0.43,10.16,26.73
Mumbai,2020-03-27,70.0,Satisfactory,24.81,69.65,8.64,0.4,7.19,35.76
Mumbai,2020-03-28,78.0,Satisfactory,28.14,67.46,11.9,0.48,7.55,38.94
Mumbai,2020-03-29,78.0,Satisfactory,23.43,66.1,9.89,0.42,7.27,47.85
Mumbai,2020-03-30,77.0,Satisfactory,23.57,63.65,9.66,0.43,6.86,39.26
Mumbai,2020-03-31,69.0,Satisfactory,25.36,63.61,9.0,0.46,7.26,29.17
Mumbai,2020-04-01,63.0,Satisfactory,20.08,58.94,7.77,0.4,6.55,31.73
Mumbai,2020-04-02,78.0,Satisfactory,26.27,77.19,8.62,0.43,6.84,37.54
Mumbai,2020-04-03,85.0,Satisfactory,24.33,83.88,7.58,0.39,6.49,29.94
Mumbai,2020-04-04,83.0,Satisfactory,24.7,78.44,7.94,0.42,6.47,28.5
Mumbai,2020-04-05,78.0,Satisfactory,27.36,73.53,8.48,0.44,6.67,28.81
Mumbai,2020-04-06,67.0,Satisfactory,20.82,54.45,6.55,0.36,7.06,23.34
Mumbai,2020-04-07,62.0,Satisfactory,24.1,79.61,6.24,0.36,7.06,18.93
Mumbai,2020-04-08,93.0,Satisfactory,29.52,98.54,6.72,0.37,6.95,14.77
Mumbai,2020-04-09,95.0,Satisfactory,28.3,93.39,6.81,0.38,8.89,15.14
Mumbai,2020-04-10,87.0,Satisfactory,25.89,83.39,6.96,0.37,8.49,20.75
Mumbai,2020-04-11,81.0,Satisfactory,29.54,82.21,7.98,0.44,7.97,21.8
Mumbai,2020-04-12,86.0,Satisfactory,28.26,81.99,9.13,0.45,7.79,20.04
Mumbai,2020-04-13,79.0,Satisfactory,25.58,75.31,9.18,0.44,7.39,16.16
Mumbai,2020-04-14,87.0,Satisfactory,26.89,81.61,10.47,0.53,7.61,18.91
Mumbai,2020-04-15,85.0,Satisfactory,26.61,66.58,9.77,0.72,7.78,19.93
Mumbai,2020-04-16,75.0,Satisfactory,20.55,55.03,9.16,0.59,6.73,19.32
Mumbai,2020-04-17,73.0,Satisfactory,20.54,53.53,7.89,0.64,6.36,16.09
Mumbai,2020-04-18,70.0,Satisfactory,18.48,52.34,8.08,0.63,6.34,16.7
Mumbai,2020-04-19,74.0,Satisfactory,19.99,63.75,9.07,0.65,6.79,21.48
Mumbai,2020-04-20,82.0,Satisfactory,25.7,81.0,10.38,0.7,7.88,20.19
Mumbai,2020-04-21,76.0,Satisfactory,18.64,54.81,6.97,0.57,7.59,23.39
Mumbai,2020-04-22,61.0,Satisfactory,18.03,52.92,6.11,0.41,8.4,22.45
Mumbai,2020-04-23,67.0,Satisfactory,19.8,54.84,6.99,0.4,10.28,19.66
Mumbai,2020-04-24,58.0,Satisfactory,20.82,47.88,6.09,0.38,11.57,18.66
Mumbai,2020-04-25,57.0,Satisfactory,16.78,44.63,6.5,0.32,12.46,23.08
Mumbai,2020-04-26,63.0,Satisfactory,19.05,51.09,8.25,0.36,14.12,22.98
Mumbai,2020-04-27,60.0,Satisfactory,17.23,45.04,5.72,0.34,14.37,17.94
Mumbai,2020-04-28,60.0,Satisfactory,19.82,50.93,7.66,0.35,13.98,25.02
Mumbai,2020-04-29,77.0,Satisfactory,21.01,57.68,6.68,0.36,14.49,24.01
Mumbai,2020-04-30,68.0,Satisfactory,20.8,53.42,6.96,0.33,15.2,17.54
Mumbai,2020-05-01,61.0,Satisfactory,15.53,43.76,5.54,0.31,14.47,18.53
Mumbai,2020-05-02,53.0,Satisfactory,13.15,39.87,5.44,0.28,12.43,16.06
Mumbai,2020-05-03,53.0,Satisfactory,12.02,34.64,5.28,0.27,12.04,15.22
Mumbai,2020-05-04,47.0,Good,11.51,33.77,5.21,0.28,11.52,14.68
Mumbai,2020-05-05,51.0,Satisfactory,11.2,42.66,6.59,0.29,10.62,16.25
Mumbai,2020-05-06,61.0,Satisfactory,12.09,55.6,6.71,0.3,12.95,17.43
Mumbai,2020-05-07,65.0,Satisfactory,14.3,52.48,6.24,0.35,20.98,19.58
Mumbai,2020-05-08,69.0,Satisfactory,15.26,60.85,5.62,0.38,29.68,21.41
Mumbai,2020-05-09,67.0,Satisfactory,14.21,54.67,5.12,0.3,32.49,21.56
Mumbai,2020-05-10,70.0,Satisfactory,13.08,49.13,3.32,0.3,32.18,19.12
Mumbai,2020-05-11,75.0,Satisfactory,16.85,57.84,6.4,0.36,28.8,18.86
Mumbai,2020-05-12,81.0,Satisfactory,13.72,51.68,5.73,0.34,37.37,18.22
Mumbai,2020-05-13,74.0,Satisfactory,14.67,53.52,7.35,0.28,29.05,19.43
Mumbai,2020-05-14,65.0,Satisfactory,15.23,56.14,9.24,0.29,21.85,15.53
Mumbai,2020-05-15,70.0,Satisfactory,17.67,62.36,9.47,0.31,26.61,15.69
Mumbai,2020-05-16,79.0,Satisfactory,30.44,109.67,9.88,0.31,14.56,18.71
Mumbai,2020-05-17,119.0,Moderate,29.74,110.21,8.21,0.28,13.73,23.93
Mumbai,2020-05-18,86.0,Satisfactory,21.3,74.82,9.61,0.26,15.6,24.78
Mumbai,2020-05-19,74.0,Satisfactory,15.36,65.41,9.44,0.28,14.24,19.74
Mumbai,2020-05-20,66.0,Satisfactory,14.14,48.48,11.07,0.28,14.07,19.82
Mumbai,2020-05-21,57.0,Satisfactory,16.44,43.01,12.93,0.27,12.22,20.84
Mumbai,2020-05-22,51.0,Satisfactory,14.78,43.77,11.9,0.26,12.06,21.34
Mumbai,2020-05-23,55.0,Satisfactory,15.18,52.48,10.89,0.29,10.33,18.87
Mumbai,2020-05-24,55.0,Satisfactory,12.33,44.41,10.01,0.25,9.66,18.56
Mumbai,2020-05-25,54.0,Satisfactory,11.81,53.97,9.36,0.25,8.85,19.15
Mumbai,2020-05-26,57.0,Satisfactory,12.64,60.01,8.14,0.24,8.57,18.75
Mumbai,2020-05-27,59.0,Satisfactory,11.7,49.07,8.74,0.21,6.44,19.01
Mumbai,2020-05-28,56.0,Satisfactory,12.21,46.97,7.43,0.22,6.76,18.17
Mumbai,2020-05-29,50.0,Good,7.33,30.7,7.02,0.26,7.58,17.14
Mumbai,2020-05-30,49.0,Good,10.08,42.19,6.63,0.27,6.93,14.37
Mumbai,2020-05-31,53.0,Satisfactory,8.99,41.07,6.51,0.31,6.9,15.63
Mumbai,2020-06-01,48.0,Good,17.27,44.22,13.22,0.33,7.68,25.44
Mumbai,2020-06-02,52.0,Satisfactory,21.94,46.59,16.61,0.43,7.71,23.44
Mumbai,2020-06-03,50.0,Good,8.38,19.05,12.38,0.28,7.7,22.89
Mumbai,2020-06-04,48.0,Good,20.53,47.52,15.73,0.34,10.03,17.66
Mumbai,2020-06-05,66.0,Satisfactory,11.26,33.01,16.35,0.31,11.64,23.29
Mumbai,2020-06-06,46.0,Good,9.38,30.27,10.81,0.28,11.76,14.98
Mumbai,2020-06-07,49.0,Good,10.85,35.86,10.79,0.31,10.8,14.68
Mumbai,2020-06-08,50.0,Good,8.92,25.63,13.93,0.33,11.19,20.42
Mumbai,2020-06-09,47.0,Good,8.93,28.08,10.65,0.33,11.95,15.69
Mumbai,2020-06-10,48.0,Good,10.43,34.98,8.75,0.33,12.71,12.88
Mumbai,2020-06-11,48.0,Good,9.0,28.18,8.24,0.32,12.79,12.38
Mumbai,2020-06-12,52.0,Satisfactory,10.46,31.78,11.19,0.38,13.66,10.47
Mumbai,2020-06-13,54.0,Satisfactory,10.36,27.75,12.43,0.39,13.49,10.05
Mumbai,2020-06-14,51.0,Satisfactory,9.87,25.02,12.87,0.38,10.2,10.15
Mumbai,2020-06-15,49.0,Good,10.58,27.54,14.08,0.4,11.14,9.59
Mumbai,2020-06-16,54.0,Satisfactory,9.59,22.68,13.97,0.44,11.24,13.5
Mumbai,2020-06-17,46.0,Good,6.62,21.38,14.26,0.41,11.22,10.55
Mumbai,2020-06-18,50.0,Good,7.46,26.97,16.02,0.43,10.89,8.84
Mumbai,2020-06-19,58.0,Satisfactory,14.69,54.73,11.74,0.42,10.96,8.68
Mumbai,2020-06-20,61.0,Satisfactory,11.97,52.15,8.43,0.34,10.72,8.3
Mumbai,2020-06-21,55.0,Satisfactory,9.27,41.0,9.94,0.32,11.43,9.32
Mumbai,2020-06-22,51.0,Satisfactory,12.61,47.23,10.56,0.39,8.82,8.49
Mumbai,2020-06-23,59.0,Satisfactory,9.56,32.9,14.83,0.38,5.01,9.94
Mumbai,2020-06-24,55.0,Satisfactory,8.73,30.22,11.76,0.4,4.77,9.34
Mumbai,2020-06-25,59.0,Satisfactory,11.84,43.79,9.81,0.4,5.19,7.88
Mumbai,2020-06-26,57.0,Satisfactory,13.82,47.1,8.6,0.42,7.66,6.02
Mumbai,2020-06-27,64.0,Satisfactory,18.04,63.72,8.58,0.43,10.36,5.68
Mumbai,2020-06-28,64.0,Satisfactory,12.33,44.84,8.06,0.38,10.58,5.76
Mumbai,2020-06-29,54.0,Satisfactory,7.88,27.51,7.94,0.38,11.11,5.84
Mumbai,2020-06-30,54.0,Satisfactory,4.66,13.87,8.02,0.36,13.4,6.94
Mumbai,2020-07-01,53.0,Satisfactory,3.84,11.28,5.57,0.37,13.18,6.68
